[2026-04-27T06:27:52.965+0000] {processor.py:161} INFO - Started process (PID=163) to work on /opt/airflow/dags/file_etl_dag.py
[2026-04-27T06:27:52.966+0000] {processor.py:830} INFO - Processing file /opt/airflow/dags/file_etl_dag.py for tasks to queue
[2026-04-27T06:27:52.970+0000] {logging_mixin.py:188} INFO - [2026-04-27T06:27:52.969+0000] {dagbag.py:545} INFO - Filling up the DagBag from /opt/airflow/dags/file_etl_dag.py
[2026-04-27T06:27:54.870+0000] {processor.py:840} INFO - DAG(s) 'file_etl_pipeline' retrieved from /opt/airflow/dags/file_etl_dag.py
[2026-04-27T06:27:54.931+0000] {logging_mixin.py:188} INFO - [2026-04-27T06:27:54.930+0000] {dag.py:3089} INFO - Sync 1 DAGs
[2026-04-27T06:27:54.978+0000] {logging_mixin.py:188} INFO - [2026-04-27T06:27:54.977+0000] {dag.py:3947} INFO - Setting next_dagrun for file_etl_pipeline to 2026-04-27 00:00:00+00:00, run_after=2026-04-28 00:00:00+00:00
[2026-04-27T06:27:55.013+0000] {processor.py:183} INFO - Processing /opt/airflow/dags/file_etl_dag.py took 2.059 seconds
[2026-04-27T06:28:25.248+0000] {processor.py:161} INFO - Started process (PID=179) to work on /opt/airflow/dags/file_etl_dag.py
[2026-04-27T06:28:25.250+0000] {processor.py:830} INFO - Processing file /opt/airflow/dags/file_etl_dag.py for tasks to queue
[2026-04-27T06:28:25.254+0000] {logging_mixin.py:188} INFO - [2026-04-27T06:28:25.254+0000] {dagbag.py:545} INFO - Filling up the DagBag from /opt/airflow/dags/file_etl_dag.py
[2026-04-27T06:28:26.188+0000] {processor.py:840} INFO - DAG(s) 'file_etl_pipeline' retrieved from /opt/airflow/dags/file_etl_dag.py
[2026-04-27T06:28:26.274+0000] {logging_mixin.py:188} INFO - [2026-04-27T06:28:26.273+0000] {dag.py:3089} INFO - Sync 1 DAGs
[2026-04-27T06:28:26.353+0000] {logging_mixin.py:188} INFO - [2026-04-27T06:28:26.353+0000] {dag.py:3947} INFO - Setting next_dagrun for file_etl_pipeline to 2026-04-27 00:00:00+00:00, run_after=2026-04-28 00:00:00+00:00
[2026-04-27T06:28:26.420+0000] {processor.py:183} INFO - Processing /opt/airflow/dags/file_etl_dag.py took 1.183 seconds
[2026-04-27T06:28:56.701+0000] {processor.py:161} INFO - Started process (PID=185) to work on /opt/airflow/dags/file_etl_dag.py
[2026-04-27T06:28:56.703+0000] {processor.py:830} INFO - Processing file /opt/airflow/dags/file_etl_dag.py for tasks to queue
[2026-04-27T06:28:56.708+0000] {logging_mixin.py:188} INFO - [2026-04-27T06:28:56.708+0000] {dagbag.py:545} INFO - Filling up the DagBag from /opt/airflow/dags/file_etl_dag.py
[2026-04-27T06:28:57.405+0000] {processor.py:840} INFO - DAG(s) 'file_etl_pipeline' retrieved from /opt/airflow/dags/file_etl_dag.py
[2026-04-27T06:28:57.437+0000] {logging_mixin.py:188} INFO - [2026-04-27T06:28:57.437+0000] {dag.py:3089} INFO - Sync 1 DAGs
[2026-04-27T06:28:57.472+0000] {logging_mixin.py:188} INFO - [2026-04-27T06:28:57.472+0000] {dag.py:3947} INFO - Setting next_dagrun for file_etl_pipeline to 2026-04-27 00:00:00+00:00, run_after=2026-04-28 00:00:00+00:00
[2026-04-27T06:28:57.503+0000] {processor.py:183} INFO - Processing /opt/airflow/dags/file_etl_dag.py took 0.814 seconds
[2026-04-27T06:29:27.685+0000] {processor.py:161} INFO - Started process (PID=191) to work on /opt/airflow/dags/file_etl_dag.py
[2026-04-27T06:29:27.687+0000] {processor.py:830} INFO - Processing file /opt/airflow/dags/file_etl_dag.py for tasks to queue
[2026-04-27T06:29:27.689+0000] {logging_mixin.py:188} INFO - [2026-04-27T06:29:27.689+0000] {dagbag.py:545} INFO - Filling up the DagBag from /opt/airflow/dags/file_etl_dag.py
[2026-04-27T06:29:28.240+0000] {processor.py:840} INFO - DAG(s) 'file_etl_pipeline' retrieved from /opt/airflow/dags/file_etl_dag.py
[2026-04-27T06:29:28.281+0000] {logging_mixin.py:188} INFO - [2026-04-27T06:29:28.280+0000] {dag.py:3089} INFO - Sync 1 DAGs
[2026-04-27T06:29:28.338+0000] {logging_mixin.py:188} INFO - [2026-04-27T06:29:28.338+0000] {dag.py:3947} INFO - Setting next_dagrun for file_etl_pipeline to 2026-04-27 00:00:00+00:00, run_after=2026-04-28 00:00:00+00:00
[2026-04-27T06:29:28.377+0000] {processor.py:183} INFO - Processing /opt/airflow/dags/file_etl_dag.py took 0.701 seconds
[2026-04-27T06:29:58.671+0000] {processor.py:161} INFO - Started process (PID=197) to work on /opt/airflow/dags/file_etl_dag.py
[2026-04-27T06:29:58.673+0000] {processor.py:830} INFO - Processing file /opt/airflow/dags/file_etl_dag.py for tasks to queue
[2026-04-27T06:29:58.680+0000] {logging_mixin.py:188} INFO - [2026-04-27T06:29:58.677+0000] {dagbag.py:545} INFO - Filling up the DagBag from /opt/airflow/dags/file_etl_dag.py
[2026-04-27T06:29:59.240+0000] {processor.py:840} INFO - DAG(s) 'file_etl_pipeline' retrieved from /opt/airflow/dags/file_etl_dag.py
[2026-04-27T06:29:59.271+0000] {logging_mixin.py:188} INFO - [2026-04-27T06:29:59.271+0000] {dag.py:3089} INFO - Sync 1 DAGs
[2026-04-27T06:29:59.320+0000] {logging_mixin.py:188} INFO - [2026-04-27T06:29:59.320+0000] {dag.py:3947} INFO - Setting next_dagrun for file_etl_pipeline to 2026-04-27 00:00:00+00:00, run_after=2026-04-28 00:00:00+00:00
[2026-04-27T06:29:59.363+0000] {processor.py:183} INFO - Processing /opt/airflow/dags/file_etl_dag.py took 0.710 seconds
[2026-04-27T06:30:29.666+0000] {processor.py:161} INFO - Started process (PID=203) to work on /opt/airflow/dags/file_etl_dag.py
[2026-04-27T06:30:29.671+0000] {processor.py:830} INFO - Processing file /opt/airflow/dags/file_etl_dag.py for tasks to queue
[2026-04-27T06:30:29.680+0000] {logging_mixin.py:188} INFO - [2026-04-27T06:30:29.676+0000] {dagbag.py:545} INFO - Filling up the DagBag from /opt/airflow/dags/file_etl_dag.py
[2026-04-27T06:30:30.346+0000] {processor.py:840} INFO - DAG(s) 'file_etl_pipeline' retrieved from /opt/airflow/dags/file_etl_dag.py
[2026-04-27T06:30:30.384+0000] {logging_mixin.py:188} INFO - [2026-04-27T06:30:30.383+0000] {dag.py:3089} INFO - Sync 1 DAGs
[2026-04-27T06:30:30.434+0000] {logging_mixin.py:188} INFO - [2026-04-27T06:30:30.434+0000] {dag.py:3947} INFO - Setting next_dagrun for file_etl_pipeline to 2026-04-27 00:00:00+00:00, run_after=2026-04-28 00:00:00+00:00
[2026-04-27T06:30:30.537+0000] {processor.py:183} INFO - Processing /opt/airflow/dags/file_etl_dag.py took 0.900 seconds
[2026-04-27T06:31:00.859+0000] {processor.py:161} INFO - Started process (PID=209) to work on /opt/airflow/dags/file_etl_dag.py
[2026-04-27T06:31:00.863+0000] {processor.py:830} INFO - Processing file /opt/airflow/dags/file_etl_dag.py for tasks to queue
[2026-04-27T06:31:00.868+0000] {logging_mixin.py:188} INFO - [2026-04-27T06:31:00.867+0000] {dagbag.py:545} INFO - Filling up the DagBag from /opt/airflow/dags/file_etl_dag.py
[2026-04-27T06:31:01.534+0000] {processor.py:840} INFO - DAG(s) 'file_etl_pipeline' retrieved from /opt/airflow/dags/file_etl_dag.py
[2026-04-27T06:31:01.582+0000] {logging_mixin.py:188} INFO - [2026-04-27T06:31:01.582+0000] {dag.py:3089} INFO - Sync 1 DAGs
[2026-04-27T06:31:01.650+0000] {logging_mixin.py:188} INFO - [2026-04-27T06:31:01.650+0000] {dag.py:3947} INFO - Setting next_dagrun for file_etl_pipeline to 2026-04-27 00:00:00+00:00, run_after=2026-04-28 00:00:00+00:00
[2026-04-27T06:31:01.699+0000] {processor.py:183} INFO - Processing /opt/airflow/dags/file_etl_dag.py took 0.861 seconds
[2026-04-27T06:31:31.973+0000] {processor.py:161} INFO - Started process (PID=215) to work on /opt/airflow/dags/file_etl_dag.py
[2026-04-27T06:31:31.975+0000] {processor.py:830} INFO - Processing file /opt/airflow/dags/file_etl_dag.py for tasks to queue
[2026-04-27T06:31:31.978+0000] {logging_mixin.py:188} INFO - [2026-04-27T06:31:31.978+0000] {dagbag.py:545} INFO - Filling up the DagBag from /opt/airflow/dags/file_etl_dag.py
[2026-04-27T06:31:32.478+0000] {processor.py:840} INFO - DAG(s) 'file_etl_pipeline' retrieved from /opt/airflow/dags/file_etl_dag.py
[2026-04-27T06:31:32.525+0000] {logging_mixin.py:188} INFO - [2026-04-27T06:31:32.525+0000] {dag.py:3089} INFO - Sync 1 DAGs
[2026-04-27T06:31:32.566+0000] {logging_mixin.py:188} INFO - [2026-04-27T06:31:32.566+0000] {dag.py:3947} INFO - Setting next_dagrun for file_etl_pipeline to 2026-04-27 00:00:00+00:00, run_after=2026-04-28 00:00:00+00:00
[2026-04-27T06:31:32.617+0000] {processor.py:183} INFO - Processing /opt/airflow/dags/file_etl_dag.py took 0.655 seconds
[2026-04-27T06:32:02.810+0000] {processor.py:161} INFO - Started process (PID=221) to work on /opt/airflow/dags/file_etl_dag.py
[2026-04-27T06:32:02.814+0000] {processor.py:830} INFO - Processing file /opt/airflow/dags/file_etl_dag.py for tasks to queue
[2026-04-27T06:32:02.823+0000] {logging_mixin.py:188} INFO - [2026-04-27T06:32:02.822+0000] {dagbag.py:545} INFO - Filling up the DagBag from /opt/airflow/dags/file_etl_dag.py
[2026-04-27T06:32:03.482+0000] {processor.py:840} INFO - DAG(s) 'file_etl_pipeline' retrieved from /opt/airflow/dags/file_etl_dag.py
[2026-04-27T06:32:03.513+0000] {logging_mixin.py:188} INFO - [2026-04-27T06:32:03.512+0000] {dag.py:3089} INFO - Sync 1 DAGs
[2026-04-27T06:32:03.553+0000] {logging_mixin.py:188} INFO - [2026-04-27T06:32:03.553+0000] {dag.py:3947} INFO - Setting next_dagrun for file_etl_pipeline to 2026-04-27 00:00:00+00:00, run_after=2026-04-28 00:00:00+00:00
[2026-04-27T06:32:03.598+0000] {processor.py:183} INFO - Processing /opt/airflow/dags/file_etl_dag.py took 0.807 seconds
[2026-04-27T06:32:33.893+0000] {processor.py:161} INFO - Started process (PID=227) to work on /opt/airflow/dags/file_etl_dag.py
[2026-04-27T06:32:33.895+0000] {processor.py:830} INFO - Processing file /opt/airflow/dags/file_etl_dag.py for tasks to queue
[2026-04-27T06:32:33.898+0000] {logging_mixin.py:188} INFO - [2026-04-27T06:32:33.898+0000] {dagbag.py:545} INFO - Filling up the DagBag from /opt/airflow/dags/file_etl_dag.py
[2026-04-27T06:32:34.440+0000] {processor.py:840} INFO - DAG(s) 'file_etl_pipeline' retrieved from /opt/airflow/dags/file_etl_dag.py
[2026-04-27T06:32:34.468+0000] {logging_mixin.py:188} INFO - [2026-04-27T06:32:34.467+0000] {dag.py:3089} INFO - Sync 1 DAGs
[2026-04-27T06:32:34.513+0000] {logging_mixin.py:188} INFO - [2026-04-27T06:32:34.513+0000] {dag.py:3947} INFO - Setting next_dagrun for file_etl_pipeline to 2026-04-27 00:00:00+00:00, run_after=2026-04-28 00:00:00+00:00
[2026-04-27T06:32:34.553+0000] {processor.py:183} INFO - Processing /opt/airflow/dags/file_etl_dag.py took 0.669 seconds
[2026-04-27T06:33:04.831+0000] {processor.py:161} INFO - Started process (PID=233) to work on /opt/airflow/dags/file_etl_dag.py
[2026-04-27T06:33:04.833+0000] {processor.py:830} INFO - Processing file /opt/airflow/dags/file_etl_dag.py for tasks to queue
[2026-04-27T06:33:04.835+0000] {logging_mixin.py:188} INFO - [2026-04-27T06:33:04.835+0000] {dagbag.py:545} INFO - Filling up the DagBag from /opt/airflow/dags/file_etl_dag.py
[2026-04-27T06:33:05.363+0000] {processor.py:840} INFO - DAG(s) 'file_etl_pipeline' retrieved from /opt/airflow/dags/file_etl_dag.py
[2026-04-27T06:33:05.396+0000] {logging_mixin.py:188} INFO - [2026-04-27T06:33:05.395+0000] {dag.py:3089} INFO - Sync 1 DAGs
[2026-04-27T06:33:05.438+0000] {logging_mixin.py:188} INFO - [2026-04-27T06:33:05.438+0000] {dag.py:3947} INFO - Setting next_dagrun for file_etl_pipeline to 2026-04-27 00:00:00+00:00, run_after=2026-04-28 00:00:00+00:00
[2026-04-27T06:33:05.472+0000] {processor.py:183} INFO - Processing /opt/airflow/dags/file_etl_dag.py took 0.650 seconds
[2026-04-27T06:33:35.604+0000] {processor.py:161} INFO - Started process (PID=239) to work on /opt/airflow/dags/file_etl_dag.py
[2026-04-27T06:33:35.606+0000] {processor.py:830} INFO - Processing file /opt/airflow/dags/file_etl_dag.py for tasks to queue
[2026-04-27T06:33:35.609+0000] {logging_mixin.py:188} INFO - [2026-04-27T06:33:35.609+0000] {dagbag.py:545} INFO - Filling up the DagBag from /opt/airflow/dags/file_etl_dag.py
[2026-04-27T06:33:36.220+0000] {processor.py:840} INFO - DAG(s) 'file_etl_pipeline' retrieved from /opt/airflow/dags/file_etl_dag.py
[2026-04-27T06:33:36.247+0000] {logging_mixin.py:188} INFO - [2026-04-27T06:33:36.246+0000] {dag.py:3089} INFO - Sync 1 DAGs
[2026-04-27T06:33:36.285+0000] {logging_mixin.py:188} INFO - [2026-04-27T06:33:36.284+0000] {dag.py:3947} INFO - Setting next_dagrun for file_etl_pipeline to 2026-04-27 00:00:00+00:00, run_after=2026-04-28 00:00:00+00:00
[2026-04-27T06:33:36.317+0000] {processor.py:183} INFO - Processing /opt/airflow/dags/file_etl_dag.py took 0.724 seconds
[2026-04-27T06:34:06.621+0000] {processor.py:161} INFO - Started process (PID=245) to work on /opt/airflow/dags/file_etl_dag.py
[2026-04-27T06:34:06.624+0000] {processor.py:830} INFO - Processing file /opt/airflow/dags/file_etl_dag.py for tasks to queue
[2026-04-27T06:34:06.630+0000] {logging_mixin.py:188} INFO - [2026-04-27T06:34:06.628+0000] {dagbag.py:545} INFO - Filling up the DagBag from /opt/airflow/dags/file_etl_dag.py
[2026-04-27T06:34:07.321+0000] {processor.py:840} INFO - DAG(s) 'file_etl_pipeline' retrieved from /opt/airflow/dags/file_etl_dag.py
[2026-04-27T06:34:07.366+0000] {logging_mixin.py:188} INFO - [2026-04-27T06:34:07.365+0000] {dag.py:3089} INFO - Sync 1 DAGs
[2026-04-27T06:34:07.431+0000] {logging_mixin.py:188} INFO - [2026-04-27T06:34:07.431+0000] {dag.py:3947} INFO - Setting next_dagrun for file_etl_pipeline to 2026-04-27 00:00:00+00:00, run_after=2026-04-28 00:00:00+00:00
[2026-04-27T06:34:07.474+0000] {processor.py:183} INFO - Processing /opt/airflow/dags/file_etl_dag.py took 0.867 seconds
[2026-04-27T06:34:37.812+0000] {processor.py:161} INFO - Started process (PID=251) to work on /opt/airflow/dags/file_etl_dag.py
[2026-04-27T06:34:37.814+0000] {processor.py:830} INFO - Processing file /opt/airflow/dags/file_etl_dag.py for tasks to queue
[2026-04-27T06:34:37.817+0000] {logging_mixin.py:188} INFO - [2026-04-27T06:34:37.817+0000] {dagbag.py:545} INFO - Filling up the DagBag from /opt/airflow/dags/file_etl_dag.py
[2026-04-27T06:34:38.460+0000] {processor.py:840} INFO - DAG(s) 'file_etl_pipeline' retrieved from /opt/airflow/dags/file_etl_dag.py
[2026-04-27T06:34:38.494+0000] {logging_mixin.py:188} INFO - [2026-04-27T06:34:38.493+0000] {dag.py:3089} INFO - Sync 1 DAGs
[2026-04-27T06:34:38.540+0000] {logging_mixin.py:188} INFO - [2026-04-27T06:34:38.539+0000] {dag.py:3947} INFO - Setting next_dagrun for file_etl_pipeline to 2026-04-27 00:00:00+00:00, run_after=2026-04-28 00:00:00+00:00
[2026-04-27T06:34:38.577+0000] {processor.py:183} INFO - Processing /opt/airflow/dags/file_etl_dag.py took 0.775 seconds
[2026-04-27T06:35:08.877+0000] {processor.py:161} INFO - Started process (PID=257) to work on /opt/airflow/dags/file_etl_dag.py
[2026-04-27T06:35:08.879+0000] {processor.py:830} INFO - Processing file /opt/airflow/dags/file_etl_dag.py for tasks to queue
[2026-04-27T06:35:08.884+0000] {logging_mixin.py:188} INFO - [2026-04-27T06:35:08.883+0000] {dagbag.py:545} INFO - Filling up the DagBag from /opt/airflow/dags/file_etl_dag.py
[2026-04-27T06:35:09.385+0000] {processor.py:840} INFO - DAG(s) 'file_etl_pipeline' retrieved from /opt/airflow/dags/file_etl_dag.py
[2026-04-27T06:35:09.416+0000] {logging_mixin.py:188} INFO - [2026-04-27T06:35:09.416+0000] {dag.py:3089} INFO - Sync 1 DAGs
[2026-04-27T06:35:09.466+0000] {logging_mixin.py:188} INFO - [2026-04-27T06:35:09.465+0000] {dag.py:3947} INFO - Setting next_dagrun for file_etl_pipeline to 2026-04-27 00:00:00+00:00, run_after=2026-04-28 00:00:00+00:00
[2026-04-27T06:35:09.715+0000] {processor.py:183} INFO - Processing /opt/airflow/dags/file_etl_dag.py took 0.855 seconds
[2026-04-27T06:35:40.024+0000] {processor.py:161} INFO - Started process (PID=263) to work on /opt/airflow/dags/file_etl_dag.py
[2026-04-27T06:35:40.026+0000] {processor.py:830} INFO - Processing file /opt/airflow/dags/file_etl_dag.py for tasks to queue
[2026-04-27T06:35:40.032+0000] {logging_mixin.py:188} INFO - [2026-04-27T06:35:40.032+0000] {dagbag.py:545} INFO - Filling up the DagBag from /opt/airflow/dags/file_etl_dag.py
[2026-04-27T06:35:40.738+0000] {processor.py:840} INFO - DAG(s) 'file_etl_pipeline' retrieved from /opt/airflow/dags/file_etl_dag.py
[2026-04-27T06:35:40.802+0000] {logging_mixin.py:188} INFO - [2026-04-27T06:35:40.801+0000] {dag.py:3089} INFO - Sync 1 DAGs
[2026-04-27T06:35:40.899+0000] {logging_mixin.py:188} INFO - [2026-04-27T06:35:40.898+0000] {dag.py:3947} INFO - Setting next_dagrun for file_etl_pipeline to 2026-04-27 00:00:00+00:00, run_after=2026-04-28 00:00:00+00:00
[2026-04-27T06:35:41.016+0000] {processor.py:183} INFO - Processing /opt/airflow/dags/file_etl_dag.py took 1.010 seconds
[2026-04-27T06:36:11.292+0000] {processor.py:161} INFO - Started process (PID=269) to work on /opt/airflow/dags/file_etl_dag.py
[2026-04-27T06:36:11.321+0000] {processor.py:830} INFO - Processing file /opt/airflow/dags/file_etl_dag.py for tasks to queue
[2026-04-27T06:36:11.327+0000] {logging_mixin.py:188} INFO - [2026-04-27T06:36:11.326+0000] {dagbag.py:545} INFO - Filling up the DagBag from /opt/airflow/dags/file_etl_dag.py
[2026-04-27T06:36:12.004+0000] {processor.py:840} INFO - DAG(s) 'file_etl_pipeline' retrieved from /opt/airflow/dags/file_etl_dag.py
[2026-04-27T06:36:12.043+0000] {logging_mixin.py:188} INFO - [2026-04-27T06:36:12.043+0000] {dag.py:3089} INFO - Sync 1 DAGs
[2026-04-27T06:36:12.121+0000] {logging_mixin.py:188} INFO - [2026-04-27T06:36:12.121+0000] {dag.py:3947} INFO - Setting next_dagrun for file_etl_pipeline to 2026-04-27 00:00:00+00:00, run_after=2026-04-28 00:00:00+00:00
[2026-04-27T06:36:12.201+0000] {processor.py:183} INFO - Processing /opt/airflow/dags/file_etl_dag.py took 0.919 seconds
[2026-04-27T06:36:42.563+0000] {processor.py:161} INFO - Started process (PID=275) to work on /opt/airflow/dags/file_etl_dag.py
[2026-04-27T06:36:42.565+0000] {processor.py:830} INFO - Processing file /opt/airflow/dags/file_etl_dag.py for tasks to queue
[2026-04-27T06:36:42.569+0000] {logging_mixin.py:188} INFO - [2026-04-27T06:36:42.568+0000] {dagbag.py:545} INFO - Filling up the DagBag from /opt/airflow/dags/file_etl_dag.py
[2026-04-27T06:36:43.177+0000] {processor.py:840} INFO - DAG(s) 'file_etl_pipeline' retrieved from /opt/airflow/dags/file_etl_dag.py
[2026-04-27T06:36:43.213+0000] {logging_mixin.py:188} INFO - [2026-04-27T06:36:43.212+0000] {dag.py:3089} INFO - Sync 1 DAGs
[2026-04-27T06:36:43.260+0000] {logging_mixin.py:188} INFO - [2026-04-27T06:36:43.260+0000] {dag.py:3947} INFO - Setting next_dagrun for file_etl_pipeline to 2026-04-27 00:00:00+00:00, run_after=2026-04-28 00:00:00+00:00
[2026-04-27T06:36:43.303+0000] {processor.py:183} INFO - Processing /opt/airflow/dags/file_etl_dag.py took 0.750 seconds
[2026-04-27T06:37:13.616+0000] {processor.py:161} INFO - Started process (PID=281) to work on /opt/airflow/dags/file_etl_dag.py
[2026-04-27T06:37:13.618+0000] {processor.py:830} INFO - Processing file /opt/airflow/dags/file_etl_dag.py for tasks to queue
[2026-04-27T06:37:13.622+0000] {logging_mixin.py:188} INFO - [2026-04-27T06:37:13.622+0000] {dagbag.py:545} INFO - Filling up the DagBag from /opt/airflow/dags/file_etl_dag.py
[2026-04-27T06:37:14.195+0000] {processor.py:840} INFO - DAG(s) 'file_etl_pipeline' retrieved from /opt/airflow/dags/file_etl_dag.py
[2026-04-27T06:37:14.228+0000] {logging_mixin.py:188} INFO - [2026-04-27T06:37:14.227+0000] {dag.py:3089} INFO - Sync 1 DAGs
[2026-04-27T06:37:14.278+0000] {logging_mixin.py:188} INFO - [2026-04-27T06:37:14.278+0000] {dag.py:3947} INFO - Setting next_dagrun for file_etl_pipeline to 2026-04-27 00:00:00+00:00, run_after=2026-04-28 00:00:00+00:00
[2026-04-27T06:37:14.320+0000] {processor.py:183} INFO - Processing /opt/airflow/dags/file_etl_dag.py took 0.714 seconds
[2026-04-27T06:37:44.616+0000] {processor.py:161} INFO - Started process (PID=287) to work on /opt/airflow/dags/file_etl_dag.py
[2026-04-27T06:37:44.618+0000] {processor.py:830} INFO - Processing file /opt/airflow/dags/file_etl_dag.py for tasks to queue
[2026-04-27T06:37:44.623+0000] {logging_mixin.py:188} INFO - [2026-04-27T06:37:44.622+0000] {dagbag.py:545} INFO - Filling up the DagBag from /opt/airflow/dags/file_etl_dag.py
[2026-04-27T06:37:45.218+0000] {processor.py:840} INFO - DAG(s) 'file_etl_pipeline' retrieved from /opt/airflow/dags/file_etl_dag.py
[2026-04-27T06:37:45.248+0000] {logging_mixin.py:188} INFO - [2026-04-27T06:37:45.248+0000] {dag.py:3089} INFO - Sync 1 DAGs
[2026-04-27T06:37:45.294+0000] {logging_mixin.py:188} INFO - [2026-04-27T06:37:45.294+0000] {dag.py:3947} INFO - Setting next_dagrun for file_etl_pipeline to 2026-04-27 00:00:00+00:00, run_after=2026-04-28 00:00:00+00:00
[2026-04-27T06:37:45.332+0000] {processor.py:183} INFO - Processing /opt/airflow/dags/file_etl_dag.py took 0.726 seconds
[2026-04-27T06:38:15.699+0000] {processor.py:161} INFO - Started process (PID=293) to work on /opt/airflow/dags/file_etl_dag.py
[2026-04-27T06:38:15.701+0000] {processor.py:830} INFO - Processing file /opt/airflow/dags/file_etl_dag.py for tasks to queue
[2026-04-27T06:38:15.704+0000] {logging_mixin.py:188} INFO - [2026-04-27T06:38:15.704+0000] {dagbag.py:545} INFO - Filling up the DagBag from /opt/airflow/dags/file_etl_dag.py
[2026-04-27T06:38:16.298+0000] {processor.py:840} INFO - DAG(s) 'file_etl_pipeline' retrieved from /opt/airflow/dags/file_etl_dag.py
[2026-04-27T06:38:16.334+0000] {logging_mixin.py:188} INFO - [2026-04-27T06:38:16.334+0000] {dag.py:3089} INFO - Sync 1 DAGs
[2026-04-27T06:38:16.380+0000] {logging_mixin.py:188} INFO - [2026-04-27T06:38:16.380+0000] {dag.py:3947} INFO - Setting next_dagrun for file_etl_pipeline to 2026-04-27 00:00:00+00:00, run_after=2026-04-28 00:00:00+00:00
[2026-04-27T06:38:16.416+0000] {processor.py:183} INFO - Processing /opt/airflow/dags/file_etl_dag.py took 0.726 seconds
[2026-04-27T06:38:46.723+0000] {processor.py:161} INFO - Started process (PID=299) to work on /opt/airflow/dags/file_etl_dag.py
[2026-04-27T06:38:46.725+0000] {processor.py:830} INFO - Processing file /opt/airflow/dags/file_etl_dag.py for tasks to queue
[2026-04-27T06:38:46.729+0000] {logging_mixin.py:188} INFO - [2026-04-27T06:38:46.729+0000] {dagbag.py:545} INFO - Filling up the DagBag from /opt/airflow/dags/file_etl_dag.py
[2026-04-27T06:38:47.367+0000] {processor.py:840} INFO - DAG(s) 'file_etl_pipeline' retrieved from /opt/airflow/dags/file_etl_dag.py
[2026-04-27T06:38:47.398+0000] {logging_mixin.py:188} INFO - [2026-04-27T06:38:47.397+0000] {dag.py:3089} INFO - Sync 1 DAGs
[2026-04-27T06:38:47.442+0000] {logging_mixin.py:188} INFO - [2026-04-27T06:38:47.441+0000] {dag.py:3947} INFO - Setting next_dagrun for file_etl_pipeline to 2026-04-27 00:00:00+00:00, run_after=2026-04-28 00:00:00+00:00
[2026-04-27T06:38:47.476+0000] {processor.py:183} INFO - Processing /opt/airflow/dags/file_etl_dag.py took 0.768 seconds
[2026-04-27T06:39:17.651+0000] {processor.py:161} INFO - Started process (PID=305) to work on /opt/airflow/dags/file_etl_dag.py
[2026-04-27T06:39:17.653+0000] {processor.py:830} INFO - Processing file /opt/airflow/dags/file_etl_dag.py for tasks to queue
[2026-04-27T06:39:17.656+0000] {logging_mixin.py:188} INFO - [2026-04-27T06:39:17.655+0000] {dagbag.py:545} INFO - Filling up the DagBag from /opt/airflow/dags/file_etl_dag.py
[2026-04-27T06:39:18.210+0000] {processor.py:840} INFO - DAG(s) 'file_etl_pipeline' retrieved from /opt/airflow/dags/file_etl_dag.py
[2026-04-27T06:39:18.238+0000] {logging_mixin.py:188} INFO - [2026-04-27T06:39:18.237+0000] {dag.py:3089} INFO - Sync 1 DAGs
[2026-04-27T06:39:18.272+0000] {logging_mixin.py:188} INFO - [2026-04-27T06:39:18.272+0000] {dag.py:3947} INFO - Setting next_dagrun for file_etl_pipeline to 2026-04-27 00:00:00+00:00, run_after=2026-04-28 00:00:00+00:00
[2026-04-27T06:39:18.309+0000] {processor.py:183} INFO - Processing /opt/airflow/dags/file_etl_dag.py took 0.667 seconds
[2026-04-27T06:39:48.630+0000] {processor.py:161} INFO - Started process (PID=311) to work on /opt/airflow/dags/file_etl_dag.py
[2026-04-27T06:39:48.633+0000] {processor.py:830} INFO - Processing file /opt/airflow/dags/file_etl_dag.py for tasks to queue
[2026-04-27T06:39:48.638+0000] {logging_mixin.py:188} INFO - [2026-04-27T06:39:48.638+0000] {dagbag.py:545} INFO - Filling up the DagBag from /opt/airflow/dags/file_etl_dag.py
[2026-04-27T06:39:49.375+0000] {processor.py:840} INFO - DAG(s) 'file_etl_pipeline' retrieved from /opt/airflow/dags/file_etl_dag.py
[2026-04-27T06:39:49.404+0000] {logging_mixin.py:188} INFO - [2026-04-27T06:39:49.404+0000] {dag.py:3089} INFO - Sync 1 DAGs
[2026-04-27T06:39:49.444+0000] {logging_mixin.py:188} INFO - [2026-04-27T06:39:49.444+0000] {dag.py:3947} INFO - Setting next_dagrun for file_etl_pipeline to 2026-04-27 00:00:00+00:00, run_after=2026-04-28 00:00:00+00:00
[2026-04-27T06:39:49.477+0000] {processor.py:183} INFO - Processing /opt/airflow/dags/file_etl_dag.py took 0.863 seconds
[2026-04-27T06:40:19.785+0000] {processor.py:161} INFO - Started process (PID=317) to work on /opt/airflow/dags/file_etl_dag.py
[2026-04-27T06:40:19.788+0000] {processor.py:830} INFO - Processing file /opt/airflow/dags/file_etl_dag.py for tasks to queue
[2026-04-27T06:40:19.792+0000] {logging_mixin.py:188} INFO - [2026-04-27T06:40:19.791+0000] {dagbag.py:545} INFO - Filling up the DagBag from /opt/airflow/dags/file_etl_dag.py
[2026-04-27T06:40:20.322+0000] {processor.py:840} INFO - DAG(s) 'file_etl_pipeline' retrieved from /opt/airflow/dags/file_etl_dag.py
[2026-04-27T06:40:20.350+0000] {logging_mixin.py:188} INFO - [2026-04-27T06:40:20.350+0000] {dag.py:3089} INFO - Sync 1 DAGs
[2026-04-27T06:40:20.386+0000] {logging_mixin.py:188} INFO - [2026-04-27T06:40:20.385+0000] {dag.py:3947} INFO - Setting next_dagrun for file_etl_pipeline to 2026-04-27 00:00:00+00:00, run_after=2026-04-28 00:00:00+00:00
[2026-04-27T06:40:20.416+0000] {processor.py:183} INFO - Processing /opt/airflow/dags/file_etl_dag.py took 0.644 seconds
[2026-04-27T06:40:50.690+0000] {processor.py:161} INFO - Started process (PID=323) to work on /opt/airflow/dags/file_etl_dag.py
[2026-04-27T06:40:50.692+0000] {processor.py:830} INFO - Processing file /opt/airflow/dags/file_etl_dag.py for tasks to queue
[2026-04-27T06:40:50.695+0000] {logging_mixin.py:188} INFO - [2026-04-27T06:40:50.694+0000] {dagbag.py:545} INFO - Filling up the DagBag from /opt/airflow/dags/file_etl_dag.py
[2026-04-27T06:40:51.190+0000] {processor.py:840} INFO - DAG(s) 'file_etl_pipeline' retrieved from /opt/airflow/dags/file_etl_dag.py
[2026-04-27T06:40:51.221+0000] {logging_mixin.py:188} INFO - [2026-04-27T06:40:51.221+0000] {dag.py:3089} INFO - Sync 1 DAGs
[2026-04-27T06:40:51.258+0000] {logging_mixin.py:188} INFO - [2026-04-27T06:40:51.258+0000] {dag.py:3947} INFO - Setting next_dagrun for file_etl_pipeline to 2026-04-27 00:00:00+00:00, run_after=2026-04-28 00:00:00+00:00
[2026-04-27T06:40:51.293+0000] {processor.py:183} INFO - Processing /opt/airflow/dags/file_etl_dag.py took 0.611 seconds
[2026-04-27T06:41:21.597+0000] {processor.py:161} INFO - Started process (PID=329) to work on /opt/airflow/dags/file_etl_dag.py
[2026-04-27T06:41:21.600+0000] {processor.py:830} INFO - Processing file /opt/airflow/dags/file_etl_dag.py for tasks to queue
[2026-04-27T06:41:21.603+0000] {logging_mixin.py:188} INFO - [2026-04-27T06:41:21.603+0000] {dagbag.py:545} INFO - Filling up the DagBag from /opt/airflow/dags/file_etl_dag.py
[2026-04-27T06:41:22.224+0000] {processor.py:840} INFO - DAG(s) 'file_etl_pipeline' retrieved from /opt/airflow/dags/file_etl_dag.py
[2026-04-27T06:41:22.262+0000] {logging_mixin.py:188} INFO - [2026-04-27T06:41:22.261+0000] {dag.py:3089} INFO - Sync 1 DAGs
[2026-04-27T06:41:22.315+0000] {logging_mixin.py:188} INFO - [2026-04-27T06:41:22.314+0000] {dag.py:3947} INFO - Setting next_dagrun for file_etl_pipeline to 2026-04-27 00:00:00+00:00, run_after=2026-04-28 00:00:00+00:00
[2026-04-27T06:41:22.607+0000] {processor.py:183} INFO - Processing /opt/airflow/dags/file_etl_dag.py took 1.020 seconds
[2026-04-27T06:41:52.845+0000] {processor.py:161} INFO - Started process (PID=335) to work on /opt/airflow/dags/file_etl_dag.py
[2026-04-27T06:41:52.847+0000] {processor.py:830} INFO - Processing file /opt/airflow/dags/file_etl_dag.py for tasks to queue
[2026-04-27T06:41:52.852+0000] {logging_mixin.py:188} INFO - [2026-04-27T06:41:52.851+0000] {dagbag.py:545} INFO - Filling up the DagBag from /opt/airflow/dags/file_etl_dag.py
[2026-04-27T06:41:53.687+0000] {processor.py:840} INFO - DAG(s) 'file_etl_pipeline' retrieved from /opt/airflow/dags/file_etl_dag.py
[2026-04-27T06:41:53.731+0000] {logging_mixin.py:188} INFO - [2026-04-27T06:41:53.731+0000] {dag.py:3089} INFO - Sync 1 DAGs
[2026-04-27T06:41:53.787+0000] {logging_mixin.py:188} INFO - [2026-04-27T06:41:53.787+0000] {dag.py:3947} INFO - Setting next_dagrun for file_etl_pipeline to 2026-04-27 00:00:00+00:00, run_after=2026-04-28 00:00:00+00:00
[2026-04-27T06:41:53.836+0000] {processor.py:183} INFO - Processing /opt/airflow/dags/file_etl_dag.py took 1.004 seconds
[2026-04-27T06:42:24.229+0000] {processor.py:161} INFO - Started process (PID=341) to work on /opt/airflow/dags/file_etl_dag.py
[2026-04-27T06:42:24.233+0000] {processor.py:830} INFO - Processing file /opt/airflow/dags/file_etl_dag.py for tasks to queue
[2026-04-27T06:42:24.283+0000] {logging_mixin.py:188} INFO - [2026-04-27T06:42:24.282+0000] {dagbag.py:545} INFO - Filling up the DagBag from /opt/airflow/dags/file_etl_dag.py
[2026-04-27T06:42:25.123+0000] {processor.py:840} INFO - DAG(s) 'file_etl_pipeline' retrieved from /opt/airflow/dags/file_etl_dag.py
[2026-04-27T06:42:25.158+0000] {logging_mixin.py:188} INFO - [2026-04-27T06:42:25.158+0000] {dag.py:3089} INFO - Sync 1 DAGs
[2026-04-27T06:42:25.207+0000] {logging_mixin.py:188} INFO - [2026-04-27T06:42:25.207+0000] {dag.py:3947} INFO - Setting next_dagrun for file_etl_pipeline to 2026-04-27 00:00:00+00:00, run_after=2026-04-28 00:00:00+00:00
[2026-04-27T06:42:25.250+0000] {processor.py:183} INFO - Processing /opt/airflow/dags/file_etl_dag.py took 1.044 seconds
[2026-04-27T06:42:55.522+0000] {processor.py:161} INFO - Started process (PID=347) to work on /opt/airflow/dags/file_etl_dag.py
[2026-04-27T06:42:55.525+0000] {processor.py:830} INFO - Processing file /opt/airflow/dags/file_etl_dag.py for tasks to queue
[2026-04-27T06:42:55.532+0000] {logging_mixin.py:188} INFO - [2026-04-27T06:42:55.531+0000] {dagbag.py:545} INFO - Filling up the DagBag from /opt/airflow/dags/file_etl_dag.py
[2026-04-27T06:42:56.477+0000] {processor.py:840} INFO - DAG(s) 'file_etl_pipeline' retrieved from /opt/airflow/dags/file_etl_dag.py
[2026-04-27T06:42:56.525+0000] {logging_mixin.py:188} INFO - [2026-04-27T06:42:56.524+0000] {dag.py:3089} INFO - Sync 1 DAGs
[2026-04-27T06:42:56.580+0000] {logging_mixin.py:188} INFO - [2026-04-27T06:42:56.579+0000] {dag.py:3947} INFO - Setting next_dagrun for file_etl_pipeline to 2026-04-27 00:00:00+00:00, run_after=2026-04-28 00:00:00+00:00
[2026-04-27T06:42:56.627+0000] {processor.py:183} INFO - Processing /opt/airflow/dags/file_etl_dag.py took 1.123 seconds
[2026-04-27T06:43:26.825+0000] {processor.py:161} INFO - Started process (PID=353) to work on /opt/airflow/dags/file_etl_dag.py
[2026-04-27T06:43:26.827+0000] {processor.py:830} INFO - Processing file /opt/airflow/dags/file_etl_dag.py for tasks to queue
[2026-04-27T06:43:26.833+0000] {logging_mixin.py:188} INFO - [2026-04-27T06:43:26.832+0000] {dagbag.py:545} INFO - Filling up the DagBag from /opt/airflow/dags/file_etl_dag.py
[2026-04-27T06:43:27.560+0000] {processor.py:840} INFO - DAG(s) 'file_etl_pipeline' retrieved from /opt/airflow/dags/file_etl_dag.py
[2026-04-27T06:43:27.595+0000] {logging_mixin.py:188} INFO - [2026-04-27T06:43:27.594+0000] {dag.py:3089} INFO - Sync 1 DAGs
[2026-04-27T06:43:27.645+0000] {logging_mixin.py:188} INFO - [2026-04-27T06:43:27.645+0000] {dag.py:3947} INFO - Setting next_dagrun for file_etl_pipeline to 2026-04-27 00:00:00+00:00, run_after=2026-04-28 00:00:00+00:00
[2026-04-27T06:43:27.681+0000] {processor.py:183} INFO - Processing /opt/airflow/dags/file_etl_dag.py took 0.874 seconds
[2026-04-27T06:43:58.208+0000] {processor.py:161} INFO - Started process (PID=359) to work on /opt/airflow/dags/file_etl_dag.py
[2026-04-27T06:43:58.214+0000] {processor.py:830} INFO - Processing file /opt/airflow/dags/file_etl_dag.py for tasks to queue
[2026-04-27T06:43:58.224+0000] {logging_mixin.py:188} INFO - [2026-04-27T06:43:58.223+0000] {dagbag.py:545} INFO - Filling up the DagBag from /opt/airflow/dags/file_etl_dag.py
[2026-04-27T06:43:58.916+0000] {processor.py:840} INFO - DAG(s) 'file_etl_pipeline' retrieved from /opt/airflow/dags/file_etl_dag.py
[2026-04-27T06:43:58.942+0000] {logging_mixin.py:188} INFO - [2026-04-27T06:43:58.942+0000] {dag.py:3089} INFO - Sync 1 DAGs
[2026-04-27T06:43:58.978+0000] {logging_mixin.py:188} INFO - [2026-04-27T06:43:58.977+0000] {dag.py:3947} INFO - Setting next_dagrun for file_etl_pipeline to 2026-04-27 00:00:00+00:00, run_after=2026-04-28 00:00:00+00:00
[2026-04-27T06:43:59.024+0000] {processor.py:183} INFO - Processing /opt/airflow/dags/file_etl_dag.py took 0.835 seconds
[2026-04-27T06:44:29.368+0000] {processor.py:161} INFO - Started process (PID=365) to work on /opt/airflow/dags/file_etl_dag.py
[2026-04-27T06:44:29.374+0000] {processor.py:830} INFO - Processing file /opt/airflow/dags/file_etl_dag.py for tasks to queue
[2026-04-27T06:44:29.382+0000] {logging_mixin.py:188} INFO - [2026-04-27T06:44:29.381+0000] {dagbag.py:545} INFO - Filling up the DagBag from /opt/airflow/dags/file_etl_dag.py
[2026-04-27T06:44:30.161+0000] {processor.py:840} INFO - DAG(s) 'file_etl_pipeline' retrieved from /opt/airflow/dags/file_etl_dag.py
[2026-04-27T06:44:30.196+0000] {logging_mixin.py:188} INFO - [2026-04-27T06:44:30.196+0000] {dag.py:3089} INFO - Sync 1 DAGs
[2026-04-27T06:44:30.247+0000] {logging_mixin.py:188} INFO - [2026-04-27T06:44:30.246+0000] {dag.py:3947} INFO - Setting next_dagrun for file_etl_pipeline to 2026-04-27 00:00:00+00:00, run_after=2026-04-28 00:00:00+00:00
[2026-04-27T06:44:30.612+0000] {processor.py:183} INFO - Processing /opt/airflow/dags/file_etl_dag.py took 1.264 seconds
[2026-04-27T06:45:00.879+0000] {processor.py:161} INFO - Started process (PID=371) to work on /opt/airflow/dags/file_etl_dag.py
[2026-04-27T06:45:00.882+0000] {processor.py:830} INFO - Processing file /opt/airflow/dags/file_etl_dag.py for tasks to queue
[2026-04-27T06:45:00.890+0000] {logging_mixin.py:188} INFO - [2026-04-27T06:45:00.887+0000] {dagbag.py:545} INFO - Filling up the DagBag from /opt/airflow/dags/file_etl_dag.py
[2026-04-27T06:45:01.714+0000] {processor.py:840} INFO - DAG(s) 'file_etl_pipeline' retrieved from /opt/airflow/dags/file_etl_dag.py
[2026-04-27T06:45:01.748+0000] {logging_mixin.py:188} INFO - [2026-04-27T06:45:01.748+0000] {dag.py:3089} INFO - Sync 1 DAGs
[2026-04-27T06:45:01.793+0000] {logging_mixin.py:188} INFO - [2026-04-27T06:45:01.793+0000] {dag.py:3947} INFO - Setting next_dagrun for file_etl_pipeline to 2026-04-27 00:00:00+00:00, run_after=2026-04-28 00:00:00+00:00
[2026-04-27T06:45:01.830+0000] {processor.py:183} INFO - Processing /opt/airflow/dags/file_etl_dag.py took 0.985 seconds
[2026-04-27T06:45:32.338+0000] {processor.py:161} INFO - Started process (PID=377) to work on /opt/airflow/dags/file_etl_dag.py
[2026-04-27T06:45:32.340+0000] {processor.py:830} INFO - Processing file /opt/airflow/dags/file_etl_dag.py for tasks to queue
[2026-04-27T06:45:32.345+0000] {logging_mixin.py:188} INFO - [2026-04-27T06:45:32.344+0000] {dagbag.py:545} INFO - Filling up the DagBag from /opt/airflow/dags/file_etl_dag.py
[2026-04-27T06:45:32.959+0000] {processor.py:840} INFO - DAG(s) 'file_etl_pipeline' retrieved from /opt/airflow/dags/file_etl_dag.py
[2026-04-27T06:45:32.996+0000] {logging_mixin.py:188} INFO - [2026-04-27T06:45:32.995+0000] {dag.py:3089} INFO - Sync 1 DAGs
[2026-04-27T06:45:33.056+0000] {logging_mixin.py:188} INFO - [2026-04-27T06:45:33.056+0000] {dag.py:3947} INFO - Setting next_dagrun for file_etl_pipeline to 2026-04-27 00:00:00+00:00, run_after=2026-04-28 00:00:00+00:00
[2026-04-27T06:45:33.096+0000] {processor.py:183} INFO - Processing /opt/airflow/dags/file_etl_dag.py took 0.773 seconds
[2026-04-27T06:46:03.574+0000] {processor.py:161} INFO - Started process (PID=383) to work on /opt/airflow/dags/file_etl_dag.py
[2026-04-27T06:46:03.577+0000] {processor.py:830} INFO - Processing file /opt/airflow/dags/file_etl_dag.py for tasks to queue
[2026-04-27T06:46:03.581+0000] {logging_mixin.py:188} INFO - [2026-04-27T06:46:03.580+0000] {dagbag.py:545} INFO - Filling up the DagBag from /opt/airflow/dags/file_etl_dag.py
[2026-04-27T06:46:04.385+0000] {processor.py:840} INFO - DAG(s) 'file_etl_pipeline' retrieved from /opt/airflow/dags/file_etl_dag.py
[2026-04-27T06:46:04.426+0000] {logging_mixin.py:188} INFO - [2026-04-27T06:46:04.426+0000] {dag.py:3089} INFO - Sync 1 DAGs
[2026-04-27T06:46:04.489+0000] {logging_mixin.py:188} INFO - [2026-04-27T06:46:04.488+0000] {dag.py:3947} INFO - Setting next_dagrun for file_etl_pipeline to 2026-04-27 00:00:00+00:00, run_after=2026-04-28 00:00:00+00:00
[2026-04-27T06:46:04.533+0000] {processor.py:183} INFO - Processing /opt/airflow/dags/file_etl_dag.py took 0.974 seconds
[2026-04-27T06:46:34.909+0000] {processor.py:161} INFO - Started process (PID=389) to work on /opt/airflow/dags/file_etl_dag.py
[2026-04-27T06:46:34.911+0000] {processor.py:830} INFO - Processing file /opt/airflow/dags/file_etl_dag.py for tasks to queue
[2026-04-27T06:46:34.915+0000] {logging_mixin.py:188} INFO - [2026-04-27T06:46:34.914+0000] {dagbag.py:545} INFO - Filling up the DagBag from /opt/airflow/dags/file_etl_dag.py
[2026-04-27T06:46:35.760+0000] {processor.py:840} INFO - DAG(s) 'file_etl_pipeline' retrieved from /opt/airflow/dags/file_etl_dag.py
[2026-04-27T06:46:35.818+0000] {logging_mixin.py:188} INFO - [2026-04-27T06:46:35.817+0000] {dag.py:3089} INFO - Sync 1 DAGs
[2026-04-27T06:46:35.880+0000] {logging_mixin.py:188} INFO - [2026-04-27T06:46:35.879+0000] {dag.py:3947} INFO - Setting next_dagrun for file_etl_pipeline to 2026-04-27 00:00:00+00:00, run_after=2026-04-28 00:00:00+00:00
[2026-04-27T06:46:35.925+0000] {processor.py:183} INFO - Processing /opt/airflow/dags/file_etl_dag.py took 1.030 seconds
[2026-04-27T06:47:06.365+0000] {processor.py:161} INFO - Started process (PID=395) to work on /opt/airflow/dags/file_etl_dag.py
[2026-04-27T06:47:06.368+0000] {processor.py:830} INFO - Processing file /opt/airflow/dags/file_etl_dag.py for tasks to queue
[2026-04-27T06:47:06.375+0000] {logging_mixin.py:188} INFO - [2026-04-27T06:47:06.374+0000] {dagbag.py:545} INFO - Filling up the DagBag from /opt/airflow/dags/file_etl_dag.py
[2026-04-27T06:47:07.454+0000] {processor.py:840} INFO - DAG(s) 'file_etl_pipeline' retrieved from /opt/airflow/dags/file_etl_dag.py
[2026-04-27T06:47:07.489+0000] {logging_mixin.py:188} INFO - [2026-04-27T06:47:07.488+0000] {dag.py:3089} INFO - Sync 1 DAGs
[2026-04-27T06:47:07.540+0000] {logging_mixin.py:188} INFO - [2026-04-27T06:47:07.540+0000] {dag.py:3947} INFO - Setting next_dagrun for file_etl_pipeline to 2026-04-27 00:00:00+00:00, run_after=2026-04-28 00:00:00+00:00
[2026-04-27T06:47:07.580+0000] {processor.py:183} INFO - Processing /opt/airflow/dags/file_etl_dag.py took 1.234 seconds
[2026-04-27T06:47:38.039+0000] {processor.py:161} INFO - Started process (PID=401) to work on /opt/airflow/dags/file_etl_dag.py
[2026-04-27T06:47:38.040+0000] {processor.py:830} INFO - Processing file /opt/airflow/dags/file_etl_dag.py for tasks to queue
[2026-04-27T06:47:38.043+0000] {logging_mixin.py:188} INFO - [2026-04-27T06:47:38.043+0000] {dagbag.py:545} INFO - Filling up the DagBag from /opt/airflow/dags/file_etl_dag.py
[2026-04-27T06:47:38.582+0000] {processor.py:840} INFO - DAG(s) 'file_etl_pipeline' retrieved from /opt/airflow/dags/file_etl_dag.py
[2026-04-27T06:47:38.616+0000] {logging_mixin.py:188} INFO - [2026-04-27T06:47:38.615+0000] {dag.py:3089} INFO - Sync 1 DAGs
[2026-04-27T06:47:38.658+0000] {logging_mixin.py:188} INFO - [2026-04-27T06:47:38.658+0000] {dag.py:3947} INFO - Setting next_dagrun for file_etl_pipeline to 2026-04-27 00:00:00+00:00, run_after=2026-04-28 00:00:00+00:00
[2026-04-27T06:47:38.868+0000] {processor.py:183} INFO - Processing /opt/airflow/dags/file_etl_dag.py took 0.838 seconds
[2026-04-27T06:48:09.163+0000] {processor.py:161} INFO - Started process (PID=407) to work on /opt/airflow/dags/file_etl_dag.py
[2026-04-27T06:48:09.165+0000] {processor.py:830} INFO - Processing file /opt/airflow/dags/file_etl_dag.py for tasks to queue
[2026-04-27T06:48:09.169+0000] {logging_mixin.py:188} INFO - [2026-04-27T06:48:09.168+0000] {dagbag.py:545} INFO - Filling up the DagBag from /opt/airflow/dags/file_etl_dag.py
[2026-04-27T06:48:09.707+0000] {processor.py:840} INFO - DAG(s) 'file_etl_pipeline' retrieved from /opt/airflow/dags/file_etl_dag.py
[2026-04-27T06:48:09.739+0000] {logging_mixin.py:188} INFO - [2026-04-27T06:48:09.739+0000] {dag.py:3089} INFO - Sync 1 DAGs
[2026-04-27T06:48:09.782+0000] {logging_mixin.py:188} INFO - [2026-04-27T06:48:09.781+0000] {dag.py:3947} INFO - Setting next_dagrun for file_etl_pipeline to 2026-04-27 00:00:00+00:00, run_after=2026-04-28 00:00:00+00:00
[2026-04-27T06:48:09.823+0000] {processor.py:183} INFO - Processing /opt/airflow/dags/file_etl_dag.py took 0.671 seconds
[2026-04-27T06:48:40.122+0000] {processor.py:161} INFO - Started process (PID=413) to work on /opt/airflow/dags/file_etl_dag.py
[2026-04-27T06:48:40.125+0000] {processor.py:830} INFO - Processing file /opt/airflow/dags/file_etl_dag.py for tasks to queue
[2026-04-27T06:48:40.130+0000] {logging_mixin.py:188} INFO - [2026-04-27T06:48:40.129+0000] {dagbag.py:545} INFO - Filling up the DagBag from /opt/airflow/dags/file_etl_dag.py
[2026-04-27T06:48:40.689+0000] {processor.py:840} INFO - DAG(s) 'file_etl_pipeline' retrieved from /opt/airflow/dags/file_etl_dag.py
[2026-04-27T06:48:40.720+0000] {logging_mixin.py:188} INFO - [2026-04-27T06:48:40.719+0000] {dag.py:3089} INFO - Sync 1 DAGs
[2026-04-27T06:48:40.761+0000] {logging_mixin.py:188} INFO - [2026-04-27T06:48:40.760+0000] {dag.py:3947} INFO - Setting next_dagrun for file_etl_pipeline to 2026-04-27 00:00:00+00:00, run_after=2026-04-28 00:00:00+00:00
[2026-04-27T06:48:40.791+0000] {processor.py:183} INFO - Processing /opt/airflow/dags/file_etl_dag.py took 0.683 seconds
[2026-04-27T06:49:11.120+0000] {processor.py:161} INFO - Started process (PID=419) to work on /opt/airflow/dags/file_etl_dag.py
[2026-04-27T06:49:11.123+0000] {processor.py:830} INFO - Processing file /opt/airflow/dags/file_etl_dag.py for tasks to queue
[2026-04-27T06:49:11.127+0000] {logging_mixin.py:188} INFO - [2026-04-27T06:49:11.127+0000] {dagbag.py:545} INFO - Filling up the DagBag from /opt/airflow/dags/file_etl_dag.py
[2026-04-27T06:49:11.732+0000] {processor.py:840} INFO - DAG(s) 'file_etl_pipeline' retrieved from /opt/airflow/dags/file_etl_dag.py
[2026-04-27T06:49:11.777+0000] {logging_mixin.py:188} INFO - [2026-04-27T06:49:11.776+0000] {dag.py:3089} INFO - Sync 1 DAGs
[2026-04-27T06:49:11.919+0000] {logging_mixin.py:188} INFO - [2026-04-27T06:49:11.919+0000] {dag.py:3947} INFO - Setting next_dagrun for file_etl_pipeline to 2026-04-27 00:00:00+00:00, run_after=2026-04-28 00:00:00+00:00
[2026-04-27T06:49:12.041+0000] {processor.py:183} INFO - Processing /opt/airflow/dags/file_etl_dag.py took 0.939 seconds
[2026-04-27T06:49:42.444+0000] {processor.py:161} INFO - Started process (PID=425) to work on /opt/airflow/dags/file_etl_dag.py
[2026-04-27T06:49:42.446+0000] {processor.py:830} INFO - Processing file /opt/airflow/dags/file_etl_dag.py for tasks to queue
[2026-04-27T06:49:42.450+0000] {logging_mixin.py:188} INFO - [2026-04-27T06:49:42.449+0000] {dagbag.py:545} INFO - Filling up the DagBag from /opt/airflow/dags/file_etl_dag.py
[2026-04-27T06:49:43.166+0000] {processor.py:840} INFO - DAG(s) 'file_etl_pipeline' retrieved from /opt/airflow/dags/file_etl_dag.py
[2026-04-27T06:49:43.201+0000] {logging_mixin.py:188} INFO - [2026-04-27T06:49:43.200+0000] {dag.py:3089} INFO - Sync 1 DAGs
[2026-04-27T06:49:43.246+0000] {logging_mixin.py:188} INFO - [2026-04-27T06:49:43.246+0000] {dag.py:3947} INFO - Setting next_dagrun for file_etl_pipeline to 2026-04-27 00:00:00+00:00, run_after=2026-04-28 00:00:00+00:00
[2026-04-27T06:49:43.324+0000] {processor.py:183} INFO - Processing /opt/airflow/dags/file_etl_dag.py took 0.895 seconds
[2026-04-27T06:50:13.699+0000] {processor.py:161} INFO - Started process (PID=431) to work on /opt/airflow/dags/file_etl_dag.py
[2026-04-27T06:50:13.713+0000] {processor.py:830} INFO - Processing file /opt/airflow/dags/file_etl_dag.py for tasks to queue
[2026-04-27T06:50:13.734+0000] {logging_mixin.py:188} INFO - [2026-04-27T06:50:13.733+0000] {dagbag.py:545} INFO - Filling up the DagBag from /opt/airflow/dags/file_etl_dag.py
[2026-04-27T06:50:14.739+0000] {processor.py:840} INFO - DAG(s) 'file_etl_pipeline' retrieved from /opt/airflow/dags/file_etl_dag.py
[2026-04-27T06:50:14.768+0000] {logging_mixin.py:188} INFO - [2026-04-27T06:50:14.767+0000] {dag.py:3089} INFO - Sync 1 DAGs
[2026-04-27T06:50:14.810+0000] {logging_mixin.py:188} INFO - [2026-04-27T06:50:14.810+0000] {dag.py:3947} INFO - Setting next_dagrun for file_etl_pipeline to 2026-04-27 00:00:00+00:00, run_after=2026-04-28 00:00:00+00:00
[2026-04-27T06:50:14.846+0000] {processor.py:183} INFO - Processing /opt/airflow/dags/file_etl_dag.py took 1.182 seconds
[2026-04-27T06:50:45.154+0000] {processor.py:161} INFO - Started process (PID=437) to work on /opt/airflow/dags/file_etl_dag.py
[2026-04-27T06:50:45.156+0000] {processor.py:830} INFO - Processing file /opt/airflow/dags/file_etl_dag.py for tasks to queue
[2026-04-27T06:50:45.162+0000] {logging_mixin.py:188} INFO - [2026-04-27T06:50:45.161+0000] {dagbag.py:545} INFO - Filling up the DagBag from /opt/airflow/dags/file_etl_dag.py
[2026-04-27T06:50:45.799+0000] {processor.py:840} INFO - DAG(s) 'file_etl_pipeline' retrieved from /opt/airflow/dags/file_etl_dag.py
[2026-04-27T06:50:45.835+0000] {logging_mixin.py:188} INFO - [2026-04-27T06:50:45.835+0000] {dag.py:3089} INFO - Sync 1 DAGs
[2026-04-27T06:50:45.885+0000] {logging_mixin.py:188} INFO - [2026-04-27T06:50:45.885+0000] {dag.py:3947} INFO - Setting next_dagrun for file_etl_pipeline to 2026-04-27 00:00:00+00:00, run_after=2026-04-28 00:00:00+00:00
[2026-04-27T06:50:46.199+0000] {processor.py:183} INFO - Processing /opt/airflow/dags/file_etl_dag.py took 1.059 seconds
[2026-04-27T06:51:16.413+0000] {processor.py:161} INFO - Started process (PID=443) to work on /opt/airflow/dags/file_etl_dag.py
[2026-04-27T06:51:16.415+0000] {processor.py:830} INFO - Processing file /opt/airflow/dags/file_etl_dag.py for tasks to queue
[2026-04-27T06:51:16.419+0000] {logging_mixin.py:188} INFO - [2026-04-27T06:51:16.418+0000] {dagbag.py:545} INFO - Filling up the DagBag from /opt/airflow/dags/file_etl_dag.py
[2026-04-27T06:51:17.220+0000] {processor.py:840} INFO - DAG(s) 'file_etl_pipeline' retrieved from /opt/airflow/dags/file_etl_dag.py
[2026-04-27T06:51:17.271+0000] {logging_mixin.py:188} INFO - [2026-04-27T06:51:17.271+0000] {dag.py:3089} INFO - Sync 1 DAGs
[2026-04-27T06:51:17.362+0000] {logging_mixin.py:188} INFO - [2026-04-27T06:51:17.361+0000] {dag.py:3947} INFO - Setting next_dagrun for file_etl_pipeline to 2026-04-27 00:00:00+00:00, run_after=2026-04-28 00:00:00+00:00
[2026-04-27T06:51:17.428+0000] {processor.py:183} INFO - Processing /opt/airflow/dags/file_etl_dag.py took 1.026 seconds
[2026-04-27T06:51:47.701+0000] {processor.py:161} INFO - Started process (PID=449) to work on /opt/airflow/dags/file_etl_dag.py
[2026-04-27T06:51:47.704+0000] {processor.py:830} INFO - Processing file /opt/airflow/dags/file_etl_dag.py for tasks to queue
[2026-04-27T06:51:47.709+0000] {logging_mixin.py:188} INFO - [2026-04-27T06:51:47.708+0000] {dagbag.py:545} INFO - Filling up the DagBag from /opt/airflow/dags/file_etl_dag.py
[2026-04-27T06:51:48.364+0000] {processor.py:840} INFO - DAG(s) 'file_etl_pipeline' retrieved from /opt/airflow/dags/file_etl_dag.py
[2026-04-27T06:51:48.396+0000] {logging_mixin.py:188} INFO - [2026-04-27T06:51:48.396+0000] {dag.py:3089} INFO - Sync 1 DAGs
[2026-04-27T06:51:48.450+0000] {logging_mixin.py:188} INFO - [2026-04-27T06:51:48.449+0000] {dag.py:3947} INFO - Setting next_dagrun for file_etl_pipeline to 2026-04-27 00:00:00+00:00, run_after=2026-04-28 00:00:00+00:00
[2026-04-27T06:51:48.487+0000] {processor.py:183} INFO - Processing /opt/airflow/dags/file_etl_dag.py took 0.799 seconds
[2026-04-27T06:52:18.837+0000] {processor.py:161} INFO - Started process (PID=455) to work on /opt/airflow/dags/file_etl_dag.py
[2026-04-27T06:52:18.839+0000] {processor.py:830} INFO - Processing file /opt/airflow/dags/file_etl_dag.py for tasks to queue
[2026-04-27T06:52:18.845+0000] {logging_mixin.py:188} INFO - [2026-04-27T06:52:18.844+0000] {dagbag.py:545} INFO - Filling up the DagBag from /opt/airflow/dags/file_etl_dag.py
[2026-04-27T06:52:19.675+0000] {processor.py:840} INFO - DAG(s) 'file_etl_pipeline' retrieved from /opt/airflow/dags/file_etl_dag.py
[2026-04-27T06:52:19.719+0000] {logging_mixin.py:188} INFO - [2026-04-27T06:52:19.718+0000] {dag.py:3089} INFO - Sync 1 DAGs
[2026-04-27T06:52:19.778+0000] {logging_mixin.py:188} INFO - [2026-04-27T06:52:19.778+0000] {dag.py:3947} INFO - Setting next_dagrun for file_etl_pipeline to 2026-04-27 00:00:00+00:00, run_after=2026-04-28 00:00:00+00:00
[2026-04-27T06:52:19.830+0000] {processor.py:183} INFO - Processing /opt/airflow/dags/file_etl_dag.py took 1.010 seconds
[2026-04-27T06:52:50.130+0000] {processor.py:161} INFO - Started process (PID=461) to work on /opt/airflow/dags/file_etl_dag.py
[2026-04-27T06:52:50.132+0000] {processor.py:830} INFO - Processing file /opt/airflow/dags/file_etl_dag.py for tasks to queue
[2026-04-27T06:52:50.136+0000] {logging_mixin.py:188} INFO - [2026-04-27T06:52:50.136+0000] {dagbag.py:545} INFO - Filling up the DagBag from /opt/airflow/dags/file_etl_dag.py
[2026-04-27T06:52:50.902+0000] {processor.py:840} INFO - DAG(s) 'file_etl_pipeline' retrieved from /opt/airflow/dags/file_etl_dag.py
[2026-04-27T06:52:50.931+0000] {logging_mixin.py:188} INFO - [2026-04-27T06:52:50.931+0000] {dag.py:3089} INFO - Sync 1 DAGs
[2026-04-27T06:52:50.973+0000] {logging_mixin.py:188} INFO - [2026-04-27T06:52:50.972+0000] {dag.py:3947} INFO - Setting next_dagrun for file_etl_pipeline to 2026-04-27 00:00:00+00:00, run_after=2026-04-28 00:00:00+00:00
[2026-04-27T06:52:51.019+0000] {processor.py:183} INFO - Processing /opt/airflow/dags/file_etl_dag.py took 0.899 seconds
[2026-04-27T06:53:21.449+0000] {processor.py:161} INFO - Started process (PID=467) to work on /opt/airflow/dags/file_etl_dag.py
[2026-04-27T06:53:21.452+0000] {processor.py:830} INFO - Processing file /opt/airflow/dags/file_etl_dag.py for tasks to queue
[2026-04-27T06:53:21.459+0000] {logging_mixin.py:188} INFO - [2026-04-27T06:53:21.457+0000] {dagbag.py:545} INFO - Filling up the DagBag from /opt/airflow/dags/file_etl_dag.py
[2026-04-27T06:53:22.194+0000] {processor.py:840} INFO - DAG(s) 'file_etl_pipeline' retrieved from /opt/airflow/dags/file_etl_dag.py
[2026-04-27T06:53:22.224+0000] {logging_mixin.py:188} INFO - [2026-04-27T06:53:22.224+0000] {dag.py:3089} INFO - Sync 1 DAGs
[2026-04-27T06:53:22.271+0000] {logging_mixin.py:188} INFO - [2026-04-27T06:53:22.270+0000] {dag.py:3947} INFO - Setting next_dagrun for file_etl_pipeline to 2026-04-27 00:00:00+00:00, run_after=2026-04-28 00:00:00+00:00
[2026-04-27T06:53:22.496+0000] {processor.py:183} INFO - Processing /opt/airflow/dags/file_etl_dag.py took 1.066 seconds
[2026-04-27T06:53:52.699+0000] {processor.py:161} INFO - Started process (PID=473) to work on /opt/airflow/dags/file_etl_dag.py
[2026-04-27T06:53:52.701+0000] {processor.py:830} INFO - Processing file /opt/airflow/dags/file_etl_dag.py for tasks to queue
[2026-04-27T06:53:52.703+0000] {logging_mixin.py:188} INFO - [2026-04-27T06:53:52.703+0000] {dagbag.py:545} INFO - Filling up the DagBag from /opt/airflow/dags/file_etl_dag.py
[2026-04-27T06:53:53.297+0000] {processor.py:840} INFO - DAG(s) 'file_etl_pipeline' retrieved from /opt/airflow/dags/file_etl_dag.py
[2026-04-27T06:53:53.331+0000] {logging_mixin.py:188} INFO - [2026-04-27T06:53:53.330+0000] {dag.py:3089} INFO - Sync 1 DAGs
[2026-04-27T06:53:53.383+0000] {logging_mixin.py:188} INFO - [2026-04-27T06:53:53.382+0000] {dag.py:3947} INFO - Setting next_dagrun for file_etl_pipeline to 2026-04-27 00:00:00+00:00, run_after=2026-04-28 00:00:00+00:00
[2026-04-27T06:53:53.417+0000] {processor.py:183} INFO - Processing /opt/airflow/dags/file_etl_dag.py took 0.727 seconds
[2026-04-27T06:54:23.746+0000] {processor.py:161} INFO - Started process (PID=479) to work on /opt/airflow/dags/file_etl_dag.py
[2026-04-27T06:54:23.748+0000] {processor.py:830} INFO - Processing file /opt/airflow/dags/file_etl_dag.py for tasks to queue
[2026-04-27T06:54:23.754+0000] {logging_mixin.py:188} INFO - [2026-04-27T06:54:23.753+0000] {dagbag.py:545} INFO - Filling up the DagBag from /opt/airflow/dags/file_etl_dag.py
[2026-04-27T06:54:24.406+0000] {processor.py:840} INFO - DAG(s) 'file_etl_pipeline' retrieved from /opt/airflow/dags/file_etl_dag.py
[2026-04-27T06:54:24.473+0000] {logging_mixin.py:188} INFO - [2026-04-27T06:54:24.472+0000] {dag.py:3089} INFO - Sync 1 DAGs
[2026-04-27T06:54:24.616+0000] {logging_mixin.py:188} INFO - [2026-04-27T06:54:24.615+0000] {dag.py:3947} INFO - Setting next_dagrun for file_etl_pipeline to 2026-04-27 00:00:00+00:00, run_after=2026-04-28 00:00:00+00:00
[2026-04-27T06:54:24.661+0000] {processor.py:183} INFO - Processing /opt/airflow/dags/file_etl_dag.py took 0.929 seconds
[2026-04-27T06:54:55.001+0000] {processor.py:161} INFO - Started process (PID=485) to work on /opt/airflow/dags/file_etl_dag.py
[2026-04-27T06:54:55.003+0000] {processor.py:830} INFO - Processing file /opt/airflow/dags/file_etl_dag.py for tasks to queue
[2026-04-27T06:54:55.007+0000] {logging_mixin.py:188} INFO - [2026-04-27T06:54:55.006+0000] {dagbag.py:545} INFO - Filling up the DagBag from /opt/airflow/dags/file_etl_dag.py
[2026-04-27T06:54:55.877+0000] {processor.py:840} INFO - DAG(s) 'file_etl_pipeline' retrieved from /opt/airflow/dags/file_etl_dag.py
[2026-04-27T06:54:55.913+0000] {logging_mixin.py:188} INFO - [2026-04-27T06:54:55.913+0000] {dag.py:3089} INFO - Sync 1 DAGs
[2026-04-27T06:54:56.004+0000] {logging_mixin.py:188} INFO - [2026-04-27T06:54:56.003+0000] {dag.py:3947} INFO - Setting next_dagrun for file_etl_pipeline to 2026-04-27 00:00:00+00:00, run_after=2026-04-28 00:00:00+00:00
[2026-04-27T06:54:56.117+0000] {processor.py:183} INFO - Processing /opt/airflow/dags/file_etl_dag.py took 1.129 seconds
[2026-04-27T06:55:26.253+0000] {processor.py:161} INFO - Started process (PID=491) to work on /opt/airflow/dags/file_etl_dag.py
[2026-04-27T06:55:26.255+0000] {processor.py:830} INFO - Processing file /opt/airflow/dags/file_etl_dag.py for tasks to queue
[2026-04-27T06:55:26.259+0000] {logging_mixin.py:188} INFO - [2026-04-27T06:55:26.258+0000] {dagbag.py:545} INFO - Filling up the DagBag from /opt/airflow/dags/file_etl_dag.py
[2026-04-27T06:55:26.933+0000] {processor.py:840} INFO - DAG(s) 'file_etl_pipeline' retrieved from /opt/airflow/dags/file_etl_dag.py
[2026-04-27T06:55:26.973+0000] {logging_mixin.py:188} INFO - [2026-04-27T06:55:26.972+0000] {dag.py:3089} INFO - Sync 1 DAGs
[2026-04-27T06:55:27.030+0000] {logging_mixin.py:188} INFO - [2026-04-27T06:55:27.030+0000] {dag.py:3947} INFO - Setting next_dagrun for file_etl_pipeline to 2026-04-27 00:00:00+00:00, run_after=2026-04-28 00:00:00+00:00
[2026-04-27T06:55:27.101+0000] {processor.py:183} INFO - Processing /opt/airflow/dags/file_etl_dag.py took 0.860 seconds
[2026-04-27T06:55:57.438+0000] {processor.py:161} INFO - Started process (PID=497) to work on /opt/airflow/dags/file_etl_dag.py
[2026-04-27T06:55:57.439+0000] {processor.py:830} INFO - Processing file /opt/airflow/dags/file_etl_dag.py for tasks to queue
[2026-04-27T06:55:57.443+0000] {logging_mixin.py:188} INFO - [2026-04-27T06:55:57.442+0000] {dagbag.py:545} INFO - Filling up the DagBag from /opt/airflow/dags/file_etl_dag.py
[2026-04-27T06:55:58.033+0000] {processor.py:840} INFO - DAG(s) 'file_etl_pipeline' retrieved from /opt/airflow/dags/file_etl_dag.py
[2026-04-27T06:55:58.065+0000] {logging_mixin.py:188} INFO - [2026-04-27T06:55:58.064+0000] {dag.py:3089} INFO - Sync 1 DAGs
[2026-04-27T06:55:58.111+0000] {logging_mixin.py:188} INFO - [2026-04-27T06:55:58.110+0000] {dag.py:3947} INFO - Setting next_dagrun for file_etl_pipeline to 2026-04-27 00:00:00+00:00, run_after=2026-04-28 00:00:00+00:00
[2026-04-27T06:55:58.148+0000] {processor.py:183} INFO - Processing /opt/airflow/dags/file_etl_dag.py took 0.724 seconds
[2026-04-27T06:56:28.474+0000] {processor.py:161} INFO - Started process (PID=503) to work on /opt/airflow/dags/file_etl_dag.py
[2026-04-27T06:56:28.477+0000] {processor.py:830} INFO - Processing file /opt/airflow/dags/file_etl_dag.py for tasks to queue
[2026-04-27T06:56:28.482+0000] {logging_mixin.py:188} INFO - [2026-04-27T06:56:28.481+0000] {dagbag.py:545} INFO - Filling up the DagBag from /opt/airflow/dags/file_etl_dag.py
[2026-04-27T06:56:29.087+0000] {processor.py:840} INFO - DAG(s) 'file_etl_pipeline' retrieved from /opt/airflow/dags/file_etl_dag.py
[2026-04-27T06:56:29.123+0000] {logging_mixin.py:188} INFO - [2026-04-27T06:56:29.122+0000] {dag.py:3089} INFO - Sync 1 DAGs
[2026-04-27T06:56:29.175+0000] {logging_mixin.py:188} INFO - [2026-04-27T06:56:29.175+0000] {dag.py:3947} INFO - Setting next_dagrun for file_etl_pipeline to 2026-04-27 00:00:00+00:00, run_after=2026-04-28 00:00:00+00:00
[2026-04-27T06:56:29.483+0000] {processor.py:183} INFO - Processing /opt/airflow/dags/file_etl_dag.py took 1.021 seconds
[2026-04-27T06:56:59.725+0000] {processor.py:161} INFO - Started process (PID=509) to work on /opt/airflow/dags/file_etl_dag.py
[2026-04-27T06:56:59.726+0000] {processor.py:830} INFO - Processing file /opt/airflow/dags/file_etl_dag.py for tasks to queue
[2026-04-27T06:56:59.731+0000] {logging_mixin.py:188} INFO - [2026-04-27T06:56:59.730+0000] {dagbag.py:545} INFO - Filling up the DagBag from /opt/airflow/dags/file_etl_dag.py
[2026-04-27T06:57:00.299+0000] {processor.py:840} INFO - DAG(s) 'file_etl_pipeline' retrieved from /opt/airflow/dags/file_etl_dag.py
[2026-04-27T06:57:00.330+0000] {logging_mixin.py:188} INFO - [2026-04-27T06:57:00.329+0000] {dag.py:3089} INFO - Sync 1 DAGs
[2026-04-27T06:57:00.379+0000] {logging_mixin.py:188} INFO - [2026-04-27T06:57:00.379+0000] {dag.py:3947} INFO - Setting next_dagrun for file_etl_pipeline to 2026-04-27 00:00:00+00:00, run_after=2026-04-28 00:00:00+00:00
[2026-04-27T06:57:00.414+0000] {processor.py:183} INFO - Processing /opt/airflow/dags/file_etl_dag.py took 0.700 seconds
[2026-04-27T06:57:30.756+0000] {processor.py:161} INFO - Started process (PID=515) to work on /opt/airflow/dags/file_etl_dag.py
[2026-04-27T06:57:30.759+0000] {processor.py:830} INFO - Processing file /opt/airflow/dags/file_etl_dag.py for tasks to queue
[2026-04-27T06:57:30.765+0000] {logging_mixin.py:188} INFO - [2026-04-27T06:57:30.764+0000] {dagbag.py:545} INFO - Filling up the DagBag from /opt/airflow/dags/file_etl_dag.py
[2026-04-27T06:57:31.701+0000] {processor.py:840} INFO - DAG(s) 'file_etl_pipeline' retrieved from /opt/airflow/dags/file_etl_dag.py
[2026-04-27T06:57:31.729+0000] {logging_mixin.py:188} INFO - [2026-04-27T06:57:31.728+0000] {dag.py:3089} INFO - Sync 1 DAGs
[2026-04-27T06:57:31.766+0000] {logging_mixin.py:188} INFO - [2026-04-27T06:57:31.766+0000] {dag.py:3947} INFO - Setting next_dagrun for file_etl_pipeline to 2026-04-27 00:00:00+00:00, run_after=2026-04-28 00:00:00+00:00
[2026-04-27T06:57:31.824+0000] {processor.py:183} INFO - Processing /opt/airflow/dags/file_etl_dag.py took 1.090 seconds
[2026-04-27T06:58:02.152+0000] {processor.py:161} INFO - Started process (PID=521) to work on /opt/airflow/dags/file_etl_dag.py
[2026-04-27T06:58:02.154+0000] {processor.py:830} INFO - Processing file /opt/airflow/dags/file_etl_dag.py for tasks to queue
[2026-04-27T06:58:02.161+0000] {logging_mixin.py:188} INFO - [2026-04-27T06:58:02.160+0000] {dagbag.py:545} INFO - Filling up the DagBag from /opt/airflow/dags/file_etl_dag.py
[2026-04-27T06:58:02.841+0000] {processor.py:840} INFO - DAG(s) 'file_etl_pipeline' retrieved from /opt/airflow/dags/file_etl_dag.py
[2026-04-27T06:58:02.882+0000] {logging_mixin.py:188} INFO - [2026-04-27T06:58:02.881+0000] {dag.py:3089} INFO - Sync 1 DAGs
[2026-04-27T06:58:02.940+0000] {logging_mixin.py:188} INFO - [2026-04-27T06:58:02.940+0000] {dag.py:3947} INFO - Setting next_dagrun for file_etl_pipeline to 2026-04-27 00:00:00+00:00, run_after=2026-04-28 00:00:00+00:00
[2026-04-27T06:58:02.982+0000] {processor.py:183} INFO - Processing /opt/airflow/dags/file_etl_dag.py took 0.843 seconds
[2026-04-27T06:58:33.337+0000] {processor.py:161} INFO - Started process (PID=527) to work on /opt/airflow/dags/file_etl_dag.py
[2026-04-27T06:58:33.339+0000] {processor.py:830} INFO - Processing file /opt/airflow/dags/file_etl_dag.py for tasks to queue
[2026-04-27T06:58:33.346+0000] {logging_mixin.py:188} INFO - [2026-04-27T06:58:33.345+0000] {dagbag.py:545} INFO - Filling up the DagBag from /opt/airflow/dags/file_etl_dag.py
[2026-04-27T06:58:33.985+0000] {processor.py:840} INFO - DAG(s) 'file_etl_pipeline' retrieved from /opt/airflow/dags/file_etl_dag.py
[2026-04-27T06:58:34.042+0000] {logging_mixin.py:188} INFO - [2026-04-27T06:58:34.041+0000] {dag.py:3089} INFO - Sync 1 DAGs
[2026-04-27T06:58:34.104+0000] {logging_mixin.py:188} INFO - [2026-04-27T06:58:34.104+0000] {dag.py:3947} INFO - Setting next_dagrun for file_etl_pipeline to 2026-04-27 00:00:00+00:00, run_after=2026-04-28 00:00:00+00:00
[2026-04-27T06:58:34.141+0000] {processor.py:183} INFO - Processing /opt/airflow/dags/file_etl_dag.py took 0.819 seconds
[2026-04-27T06:59:04.455+0000] {processor.py:161} INFO - Started process (PID=533) to work on /opt/airflow/dags/file_etl_dag.py
[2026-04-27T06:59:04.458+0000] {processor.py:830} INFO - Processing file /opt/airflow/dags/file_etl_dag.py for tasks to queue
[2026-04-27T06:59:04.466+0000] {logging_mixin.py:188} INFO - [2026-04-27T06:59:04.464+0000] {dagbag.py:545} INFO - Filling up the DagBag from /opt/airflow/dags/file_etl_dag.py
[2026-04-27T06:59:05.358+0000] {processor.py:840} INFO - DAG(s) 'file_etl_pipeline' retrieved from /opt/airflow/dags/file_etl_dag.py
[2026-04-27T06:59:05.417+0000] {logging_mixin.py:188} INFO - [2026-04-27T06:59:05.416+0000] {dag.py:3089} INFO - Sync 1 DAGs
[2026-04-27T06:59:05.498+0000] {logging_mixin.py:188} INFO - [2026-04-27T06:59:05.497+0000] {dag.py:3947} INFO - Setting next_dagrun for file_etl_pipeline to 2026-04-27 00:00:00+00:00, run_after=2026-04-28 00:00:00+00:00
[2026-04-27T06:59:05.564+0000] {processor.py:183} INFO - Processing /opt/airflow/dags/file_etl_dag.py took 1.127 seconds
[2026-04-27T06:59:35.858+0000] {processor.py:161} INFO - Started process (PID=539) to work on /opt/airflow/dags/file_etl_dag.py
[2026-04-27T06:59:35.860+0000] {processor.py:830} INFO - Processing file /opt/airflow/dags/file_etl_dag.py for tasks to queue
[2026-04-27T06:59:35.865+0000] {logging_mixin.py:188} INFO - [2026-04-27T06:59:35.864+0000] {dagbag.py:545} INFO - Filling up the DagBag from /opt/airflow/dags/file_etl_dag.py
[2026-04-27T06:59:36.534+0000] {processor.py:840} INFO - DAG(s) 'file_etl_pipeline' retrieved from /opt/airflow/dags/file_etl_dag.py
[2026-04-27T06:59:36.573+0000] {logging_mixin.py:188} INFO - [2026-04-27T06:59:36.573+0000] {dag.py:3089} INFO - Sync 1 DAGs
[2026-04-27T06:59:36.623+0000] {logging_mixin.py:188} INFO - [2026-04-27T06:59:36.622+0000] {dag.py:3947} INFO - Setting next_dagrun for file_etl_pipeline to 2026-04-27 00:00:00+00:00, run_after=2026-04-28 00:00:00+00:00
[2026-04-27T06:59:36.878+0000] {processor.py:183} INFO - Processing /opt/airflow/dags/file_etl_dag.py took 1.034 seconds
[2026-04-27T07:00:07.116+0000] {processor.py:161} INFO - Started process (PID=545) to work on /opt/airflow/dags/file_etl_dag.py
[2026-04-27T07:00:07.118+0000] {processor.py:830} INFO - Processing file /opt/airflow/dags/file_etl_dag.py for tasks to queue
[2026-04-27T07:00:07.123+0000] {logging_mixin.py:188} INFO - [2026-04-27T07:00:07.122+0000] {dagbag.py:545} INFO - Filling up the DagBag from /opt/airflow/dags/file_etl_dag.py
[2026-04-27T07:00:07.686+0000] {processor.py:840} INFO - DAG(s) 'file_etl_pipeline' retrieved from /opt/airflow/dags/file_etl_dag.py
[2026-04-27T07:00:07.735+0000] {logging_mixin.py:188} INFO - [2026-04-27T07:00:07.734+0000] {dag.py:3089} INFO - Sync 1 DAGs
[2026-04-27T07:00:07.782+0000] {logging_mixin.py:188} INFO - [2026-04-27T07:00:07.782+0000] {dag.py:3947} INFO - Setting next_dagrun for file_etl_pipeline to 2026-04-27 00:00:00+00:00, run_after=2026-04-28 00:00:00+00:00
[2026-04-27T07:00:07.811+0000] {processor.py:183} INFO - Processing /opt/airflow/dags/file_etl_dag.py took 0.709 seconds
[2026-04-27T07:00:38.108+0000] {processor.py:161} INFO - Started process (PID=551) to work on /opt/airflow/dags/file_etl_dag.py
[2026-04-27T07:00:38.110+0000] {processor.py:830} INFO - Processing file /opt/airflow/dags/file_etl_dag.py for tasks to queue
[2026-04-27T07:00:38.115+0000] {logging_mixin.py:188} INFO - [2026-04-27T07:00:38.114+0000] {dagbag.py:545} INFO - Filling up the DagBag from /opt/airflow/dags/file_etl_dag.py
[2026-04-27T07:00:38.808+0000] {processor.py:840} INFO - DAG(s) 'file_etl_pipeline' retrieved from /opt/airflow/dags/file_etl_dag.py
[2026-04-27T07:00:38.847+0000] {logging_mixin.py:188} INFO - [2026-04-27T07:00:38.847+0000] {dag.py:3089} INFO - Sync 1 DAGs
[2026-04-27T07:00:38.900+0000] {logging_mixin.py:188} INFO - [2026-04-27T07:00:38.900+0000] {dag.py:3947} INFO - Setting next_dagrun for file_etl_pipeline to 2026-04-27 00:00:00+00:00, run_after=2026-04-28 00:00:00+00:00
[2026-04-27T07:00:38.939+0000] {processor.py:183} INFO - Processing /opt/airflow/dags/file_etl_dag.py took 0.844 seconds
[2026-04-27T07:01:09.350+0000] {processor.py:161} INFO - Started process (PID=557) to work on /opt/airflow/dags/file_etl_dag.py
[2026-04-27T07:01:09.353+0000] {processor.py:830} INFO - Processing file /opt/airflow/dags/file_etl_dag.py for tasks to queue
[2026-04-27T07:01:09.357+0000] {logging_mixin.py:188} INFO - [2026-04-27T07:01:09.356+0000] {dagbag.py:545} INFO - Filling up the DagBag from /opt/airflow/dags/file_etl_dag.py
[2026-04-27T07:01:09.884+0000] {processor.py:840} INFO - DAG(s) 'file_etl_pipeline' retrieved from /opt/airflow/dags/file_etl_dag.py
[2026-04-27T07:01:09.923+0000] {logging_mixin.py:188} INFO - [2026-04-27T07:01:09.922+0000] {dag.py:3089} INFO - Sync 1 DAGs
[2026-04-27T07:01:09.971+0000] {logging_mixin.py:188} INFO - [2026-04-27T07:01:09.971+0000] {dag.py:3947} INFO - Setting next_dagrun for file_etl_pipeline to 2026-04-27 00:00:00+00:00, run_after=2026-04-28 00:00:00+00:00
[2026-04-27T07:01:10.010+0000] {processor.py:183} INFO - Processing /opt/airflow/dags/file_etl_dag.py took 0.673 seconds
[2026-04-27T07:01:40.296+0000] {processor.py:161} INFO - Started process (PID=563) to work on /opt/airflow/dags/file_etl_dag.py
[2026-04-27T07:01:40.298+0000] {processor.py:830} INFO - Processing file /opt/airflow/dags/file_etl_dag.py for tasks to queue
[2026-04-27T07:01:40.302+0000] {logging_mixin.py:188} INFO - [2026-04-27T07:01:40.301+0000] {dagbag.py:545} INFO - Filling up the DagBag from /opt/airflow/dags/file_etl_dag.py
[2026-04-27T07:01:40.935+0000] {processor.py:840} INFO - DAG(s) 'file_etl_pipeline' retrieved from /opt/airflow/dags/file_etl_dag.py
[2026-04-27T07:01:40.980+0000] {logging_mixin.py:188} INFO - [2026-04-27T07:01:40.979+0000] {dag.py:3089} INFO - Sync 1 DAGs
[2026-04-27T07:01:41.036+0000] {logging_mixin.py:188} INFO - [2026-04-27T07:01:41.036+0000] {dag.py:3947} INFO - Setting next_dagrun for file_etl_pipeline to 2026-04-27 00:00:00+00:00, run_after=2026-04-28 00:00:00+00:00
[2026-04-27T07:01:41.112+0000] {processor.py:183} INFO - Processing /opt/airflow/dags/file_etl_dag.py took 0.828 seconds
[2026-04-27T07:02:11.434+0000] {processor.py:161} INFO - Started process (PID=569) to work on /opt/airflow/dags/file_etl_dag.py
[2026-04-27T07:02:11.437+0000] {processor.py:830} INFO - Processing file /opt/airflow/dags/file_etl_dag.py for tasks to queue
[2026-04-27T07:02:11.442+0000] {logging_mixin.py:188} INFO - [2026-04-27T07:02:11.441+0000] {dagbag.py:545} INFO - Filling up the DagBag from /opt/airflow/dags/file_etl_dag.py
[2026-04-27T07:02:12.216+0000] {processor.py:840} INFO - DAG(s) 'file_etl_pipeline' retrieved from /opt/airflow/dags/file_etl_dag.py
[2026-04-27T07:02:12.263+0000] {logging_mixin.py:188} INFO - [2026-04-27T07:02:12.261+0000] {dag.py:3089} INFO - Sync 1 DAGs
[2026-04-27T07:02:12.320+0000] {logging_mixin.py:188} INFO - [2026-04-27T07:02:12.320+0000] {dag.py:3947} INFO - Setting next_dagrun for file_etl_pipeline to 2026-04-27 00:00:00+00:00, run_after=2026-04-28 00:00:00+00:00
[2026-04-27T07:02:12.384+0000] {processor.py:183} INFO - Processing /opt/airflow/dags/file_etl_dag.py took 0.965 seconds
[2026-04-27T07:02:42.671+0000] {processor.py:161} INFO - Started process (PID=575) to work on /opt/airflow/dags/file_etl_dag.py
[2026-04-27T07:02:42.672+0000] {processor.py:830} INFO - Processing file /opt/airflow/dags/file_etl_dag.py for tasks to queue
[2026-04-27T07:02:42.676+0000] {logging_mixin.py:188} INFO - [2026-04-27T07:02:42.675+0000] {dagbag.py:545} INFO - Filling up the DagBag from /opt/airflow/dags/file_etl_dag.py
[2026-04-27T07:02:43.375+0000] {processor.py:840} INFO - DAG(s) 'file_etl_pipeline' retrieved from /opt/airflow/dags/file_etl_dag.py
[2026-04-27T07:02:43.428+0000] {logging_mixin.py:188} INFO - [2026-04-27T07:02:43.427+0000] {dag.py:3089} INFO - Sync 1 DAGs
[2026-04-27T07:02:43.527+0000] {logging_mixin.py:188} INFO - [2026-04-27T07:02:43.526+0000] {dag.py:3947} INFO - Setting next_dagrun for file_etl_pipeline to 2026-04-27 00:00:00+00:00, run_after=2026-04-28 00:00:00+00:00
[2026-04-27T07:02:44.085+0000] {processor.py:183} INFO - Processing /opt/airflow/dags/file_etl_dag.py took 1.428 seconds
[2026-04-27T07:03:14.491+0000] {processor.py:161} INFO - Started process (PID=581) to work on /opt/airflow/dags/file_etl_dag.py
[2026-04-27T07:03:14.494+0000] {processor.py:830} INFO - Processing file /opt/airflow/dags/file_etl_dag.py for tasks to queue
[2026-04-27T07:03:14.499+0000] {logging_mixin.py:188} INFO - [2026-04-27T07:03:14.498+0000] {dagbag.py:545} INFO - Filling up the DagBag from /opt/airflow/dags/file_etl_dag.py
[2026-04-27T07:03:15.156+0000] {processor.py:840} INFO - DAG(s) 'file_etl_pipeline' retrieved from /opt/airflow/dags/file_etl_dag.py
[2026-04-27T07:03:15.201+0000] {logging_mixin.py:188} INFO - [2026-04-27T07:03:15.201+0000] {dag.py:3089} INFO - Sync 1 DAGs
[2026-04-27T07:03:15.264+0000] {logging_mixin.py:188} INFO - [2026-04-27T07:03:15.263+0000] {dag.py:3947} INFO - Setting next_dagrun for file_etl_pipeline to 2026-04-27 00:00:00+00:00, run_after=2026-04-28 00:00:00+00:00
[2026-04-27T07:03:15.306+0000] {processor.py:183} INFO - Processing /opt/airflow/dags/file_etl_dag.py took 0.830 seconds
[2026-04-27T07:03:45.602+0000] {processor.py:161} INFO - Started process (PID=587) to work on /opt/airflow/dags/file_etl_dag.py
[2026-04-27T07:03:45.604+0000] {processor.py:830} INFO - Processing file /opt/airflow/dags/file_etl_dag.py for tasks to queue
[2026-04-27T07:03:45.607+0000] {logging_mixin.py:188} INFO - [2026-04-27T07:03:45.607+0000] {dagbag.py:545} INFO - Filling up the DagBag from /opt/airflow/dags/file_etl_dag.py
[2026-04-27T07:03:46.306+0000] {processor.py:840} INFO - DAG(s) 'file_etl_pipeline' retrieved from /opt/airflow/dags/file_etl_dag.py
[2026-04-27T07:03:46.352+0000] {logging_mixin.py:188} INFO - [2026-04-27T07:03:46.351+0000] {dag.py:3089} INFO - Sync 1 DAGs
[2026-04-27T07:03:46.409+0000] {logging_mixin.py:188} INFO - [2026-04-27T07:03:46.409+0000] {dag.py:3947} INFO - Setting next_dagrun for file_etl_pipeline to 2026-04-27 00:00:00+00:00, run_after=2026-04-28 00:00:00+00:00
[2026-04-27T07:03:46.458+0000] {processor.py:183} INFO - Processing /opt/airflow/dags/file_etl_dag.py took 0.869 seconds
[2026-04-27T07:04:16.742+0000] {processor.py:161} INFO - Started process (PID=593) to work on /opt/airflow/dags/file_etl_dag.py
[2026-04-27T07:04:16.743+0000] {processor.py:830} INFO - Processing file /opt/airflow/dags/file_etl_dag.py for tasks to queue
[2026-04-27T07:04:16.747+0000] {logging_mixin.py:188} INFO - [2026-04-27T07:04:16.747+0000] {dagbag.py:545} INFO - Filling up the DagBag from /opt/airflow/dags/file_etl_dag.py
[2026-04-27T07:04:17.208+0000] {processor.py:840} INFO - DAG(s) 'file_etl_pipeline' retrieved from /opt/airflow/dags/file_etl_dag.py
[2026-04-27T07:04:17.237+0000] {logging_mixin.py:188} INFO - [2026-04-27T07:04:17.236+0000] {dag.py:3089} INFO - Sync 1 DAGs
[2026-04-27T07:04:17.272+0000] {logging_mixin.py:188} INFO - [2026-04-27T07:04:17.272+0000] {dag.py:3947} INFO - Setting next_dagrun for file_etl_pipeline to 2026-04-27 00:00:00+00:00, run_after=2026-04-28 00:00:00+00:00
[2026-04-27T07:04:17.304+0000] {processor.py:183} INFO - Processing /opt/airflow/dags/file_etl_dag.py took 0.571 seconds
[2026-04-27T07:04:47.553+0000] {processor.py:161} INFO - Started process (PID=599) to work on /opt/airflow/dags/file_etl_dag.py
[2026-04-27T07:04:47.555+0000] {processor.py:830} INFO - Processing file /opt/airflow/dags/file_etl_dag.py for tasks to queue
[2026-04-27T07:04:47.559+0000] {logging_mixin.py:188} INFO - [2026-04-27T07:04:47.558+0000] {dagbag.py:545} INFO - Filling up the DagBag from /opt/airflow/dags/file_etl_dag.py
[2026-04-27T07:04:48.167+0000] {processor.py:840} INFO - DAG(s) 'file_etl_pipeline' retrieved from /opt/airflow/dags/file_etl_dag.py
[2026-04-27T07:04:48.196+0000] {logging_mixin.py:188} INFO - [2026-04-27T07:04:48.196+0000] {dag.py:3089} INFO - Sync 1 DAGs
[2026-04-27T07:04:48.233+0000] {logging_mixin.py:188} INFO - [2026-04-27T07:04:48.233+0000] {dag.py:3947} INFO - Setting next_dagrun for file_etl_pipeline to 2026-04-27 00:00:00+00:00, run_after=2026-04-28 00:00:00+00:00
[2026-04-27T07:04:48.263+0000] {processor.py:183} INFO - Processing /opt/airflow/dags/file_etl_dag.py took 0.723 seconds
[2026-04-27T07:05:18.547+0000] {processor.py:161} INFO - Started process (PID=605) to work on /opt/airflow/dags/file_etl_dag.py
[2026-04-27T07:05:18.549+0000] {processor.py:830} INFO - Processing file /opt/airflow/dags/file_etl_dag.py for tasks to queue
[2026-04-27T07:05:18.553+0000] {logging_mixin.py:188} INFO - [2026-04-27T07:05:18.552+0000] {dagbag.py:545} INFO - Filling up the DagBag from /opt/airflow/dags/file_etl_dag.py
[2026-04-27T07:05:19.083+0000] {processor.py:840} INFO - DAG(s) 'file_etl_pipeline' retrieved from /opt/airflow/dags/file_etl_dag.py
[2026-04-27T07:05:19.124+0000] {logging_mixin.py:188} INFO - [2026-04-27T07:05:19.123+0000] {dag.py:3089} INFO - Sync 1 DAGs
[2026-04-27T07:05:19.181+0000] {logging_mixin.py:188} INFO - [2026-04-27T07:05:19.181+0000] {dag.py:3947} INFO - Setting next_dagrun for file_etl_pipeline to 2026-04-27 00:00:00+00:00, run_after=2026-04-28 00:00:00+00:00
[2026-04-27T07:05:19.222+0000] {processor.py:183} INFO - Processing /opt/airflow/dags/file_etl_dag.py took 0.688 seconds
[2026-04-27T07:05:49.506+0000] {processor.py:161} INFO - Started process (PID=611) to work on /opt/airflow/dags/file_etl_dag.py
[2026-04-27T07:05:49.507+0000] {processor.py:830} INFO - Processing file /opt/airflow/dags/file_etl_dag.py for tasks to queue
[2026-04-27T07:05:49.511+0000] {logging_mixin.py:188} INFO - [2026-04-27T07:05:49.511+0000] {dagbag.py:545} INFO - Filling up the DagBag from /opt/airflow/dags/file_etl_dag.py
[2026-04-27T07:05:50.013+0000] {processor.py:840} INFO - DAG(s) 'file_etl_pipeline' retrieved from /opt/airflow/dags/file_etl_dag.py
[2026-04-27T07:05:50.045+0000] {logging_mixin.py:188} INFO - [2026-04-27T07:05:50.044+0000] {dag.py:3089} INFO - Sync 1 DAGs
[2026-04-27T07:05:50.089+0000] {logging_mixin.py:188} INFO - [2026-04-27T07:05:50.089+0000] {dag.py:3947} INFO - Setting next_dagrun for file_etl_pipeline to 2026-04-27 00:00:00+00:00, run_after=2026-04-28 00:00:00+00:00
[2026-04-27T07:05:50.346+0000] {processor.py:183} INFO - Processing /opt/airflow/dags/file_etl_dag.py took 0.850 seconds
[2026-04-27T07:06:20.684+0000] {processor.py:161} INFO - Started process (PID=617) to work on /opt/airflow/dags/file_etl_dag.py
[2026-04-27T07:06:20.686+0000] {processor.py:830} INFO - Processing file /opt/airflow/dags/file_etl_dag.py for tasks to queue
[2026-04-27T07:06:20.693+0000] {logging_mixin.py:188} INFO - [2026-04-27T07:06:20.692+0000] {dagbag.py:545} INFO - Filling up the DagBag from /opt/airflow/dags/file_etl_dag.py
[2026-04-27T07:06:21.581+0000] {processor.py:840} INFO - DAG(s) 'file_etl_pipeline' retrieved from /opt/airflow/dags/file_etl_dag.py
[2026-04-27T07:06:21.618+0000] {logging_mixin.py:188} INFO - [2026-04-27T07:06:21.617+0000] {dag.py:3089} INFO - Sync 1 DAGs
[2026-04-27T07:06:21.681+0000] {logging_mixin.py:188} INFO - [2026-04-27T07:06:21.681+0000] {dag.py:3947} INFO - Setting next_dagrun for file_etl_pipeline to 2026-04-27 00:00:00+00:00, run_after=2026-04-28 00:00:00+00:00
[2026-04-27T07:06:21.730+0000] {processor.py:183} INFO - Processing /opt/airflow/dags/file_etl_dag.py took 1.060 seconds
[2026-04-27T07:06:51.975+0000] {processor.py:161} INFO - Started process (PID=623) to work on /opt/airflow/dags/file_etl_dag.py
[2026-04-27T07:06:51.980+0000] {processor.py:830} INFO - Processing file /opt/airflow/dags/file_etl_dag.py for tasks to queue
[2026-04-27T07:06:51.988+0000] {logging_mixin.py:188} INFO - [2026-04-27T07:06:51.986+0000] {dagbag.py:545} INFO - Filling up the DagBag from /opt/airflow/dags/file_etl_dag.py
[2026-04-27T07:06:52.655+0000] {processor.py:840} INFO - DAG(s) 'file_etl_pipeline' retrieved from /opt/airflow/dags/file_etl_dag.py
[2026-04-27T07:06:52.684+0000] {logging_mixin.py:188} INFO - [2026-04-27T07:06:52.683+0000] {dag.py:3089} INFO - Sync 1 DAGs
[2026-04-27T07:06:52.723+0000] {logging_mixin.py:188} INFO - [2026-04-27T07:06:52.723+0000] {dag.py:3947} INFO - Setting next_dagrun for file_etl_pipeline to 2026-04-27 00:00:00+00:00, run_after=2026-04-28 00:00:00+00:00
[2026-04-27T07:06:52.758+0000] {processor.py:183} INFO - Processing /opt/airflow/dags/file_etl_dag.py took 0.809 seconds
[2026-04-27T07:07:23.093+0000] {processor.py:161} INFO - Started process (PID=629) to work on /opt/airflow/dags/file_etl_dag.py
[2026-04-27T07:07:23.098+0000] {processor.py:830} INFO - Processing file /opt/airflow/dags/file_etl_dag.py for tasks to queue
[2026-04-27T07:07:23.106+0000] {logging_mixin.py:188} INFO - [2026-04-27T07:07:23.105+0000] {dagbag.py:545} INFO - Filling up the DagBag from /opt/airflow/dags/file_etl_dag.py
[2026-04-27T07:07:23.783+0000] {processor.py:840} INFO - DAG(s) 'file_etl_pipeline' retrieved from /opt/airflow/dags/file_etl_dag.py
[2026-04-27T07:07:23.816+0000] {logging_mixin.py:188} INFO - [2026-04-27T07:07:23.816+0000] {dag.py:3089} INFO - Sync 1 DAGs
[2026-04-27T07:07:23.864+0000] {logging_mixin.py:188} INFO - [2026-04-27T07:07:23.864+0000] {dag.py:3947} INFO - Setting next_dagrun for file_etl_pipeline to 2026-04-27 00:00:00+00:00, run_after=2026-04-28 00:00:00+00:00
[2026-04-27T07:07:23.903+0000] {processor.py:183} INFO - Processing /opt/airflow/dags/file_etl_dag.py took 0.834 seconds
[2026-04-27T07:07:54.206+0000] {processor.py:161} INFO - Started process (PID=635) to work on /opt/airflow/dags/file_etl_dag.py
[2026-04-27T07:07:54.208+0000] {processor.py:830} INFO - Processing file /opt/airflow/dags/file_etl_dag.py for tasks to queue
[2026-04-27T07:07:54.211+0000] {logging_mixin.py:188} INFO - [2026-04-27T07:07:54.211+0000] {dagbag.py:545} INFO - Filling up the DagBag from /opt/airflow/dags/file_etl_dag.py
[2026-04-27T07:07:54.814+0000] {processor.py:840} INFO - DAG(s) 'file_etl_pipeline' retrieved from /opt/airflow/dags/file_etl_dag.py
[2026-04-27T07:07:54.841+0000] {logging_mixin.py:188} INFO - [2026-04-27T07:07:54.841+0000] {dag.py:3089} INFO - Sync 1 DAGs
[2026-04-27T07:07:54.876+0000] {logging_mixin.py:188} INFO - [2026-04-27T07:07:54.876+0000] {dag.py:3947} INFO - Setting next_dagrun for file_etl_pipeline to 2026-04-27 00:00:00+00:00, run_after=2026-04-28 00:00:00+00:00
[2026-04-27T07:07:54.914+0000] {processor.py:183} INFO - Processing /opt/airflow/dags/file_etl_dag.py took 0.719 seconds
[2026-04-27T07:08:25.214+0000] {processor.py:161} INFO - Started process (PID=641) to work on /opt/airflow/dags/file_etl_dag.py
[2026-04-27T07:08:25.216+0000] {processor.py:830} INFO - Processing file /opt/airflow/dags/file_etl_dag.py for tasks to queue
[2026-04-27T07:08:25.221+0000] {logging_mixin.py:188} INFO - [2026-04-27T07:08:25.220+0000] {dagbag.py:545} INFO - Filling up the DagBag from /opt/airflow/dags/file_etl_dag.py
[2026-04-27T07:08:25.733+0000] {processor.py:840} INFO - DAG(s) 'file_etl_pipeline' retrieved from /opt/airflow/dags/file_etl_dag.py
[2026-04-27T07:08:25.761+0000] {logging_mixin.py:188} INFO - [2026-04-27T07:08:25.761+0000] {dag.py:3089} INFO - Sync 1 DAGs
[2026-04-27T07:08:25.800+0000] {logging_mixin.py:188} INFO - [2026-04-27T07:08:25.799+0000] {dag.py:3947} INFO - Setting next_dagrun for file_etl_pipeline to 2026-04-27 00:00:00+00:00, run_after=2026-04-28 00:00:00+00:00
[2026-04-27T07:08:26.053+0000] {processor.py:183} INFO - Processing /opt/airflow/dags/file_etl_dag.py took 0.853 seconds
[2026-04-27T07:08:56.353+0000] {processor.py:161} INFO - Started process (PID=647) to work on /opt/airflow/dags/file_etl_dag.py
[2026-04-27T07:08:56.355+0000] {processor.py:830} INFO - Processing file /opt/airflow/dags/file_etl_dag.py for tasks to queue
[2026-04-27T07:08:56.360+0000] {logging_mixin.py:188} INFO - [2026-04-27T07:08:56.359+0000] {dagbag.py:545} INFO - Filling up the DagBag from /opt/airflow/dags/file_etl_dag.py
[2026-04-27T07:08:56.905+0000] {processor.py:840} INFO - DAG(s) 'file_etl_pipeline' retrieved from /opt/airflow/dags/file_etl_dag.py
[2026-04-27T07:08:56.937+0000] {logging_mixin.py:188} INFO - [2026-04-27T07:08:56.937+0000] {dag.py:3089} INFO - Sync 1 DAGs
[2026-04-27T07:08:57.215+0000] {logging_mixin.py:188} INFO - [2026-04-27T07:08:57.214+0000] {dag.py:3947} INFO - Setting next_dagrun for file_etl_pipeline to 2026-04-27 00:00:00+00:00, run_after=2026-04-28 00:00:00+00:00
[2026-04-27T07:08:57.250+0000] {processor.py:183} INFO - Processing /opt/airflow/dags/file_etl_dag.py took 0.909 seconds
[2026-04-27T07:09:27.547+0000] {processor.py:161} INFO - Started process (PID=653) to work on /opt/airflow/dags/file_etl_dag.py
[2026-04-27T07:09:27.549+0000] {processor.py:830} INFO - Processing file /opt/airflow/dags/file_etl_dag.py for tasks to queue
[2026-04-27T07:09:27.554+0000] {logging_mixin.py:188} INFO - [2026-04-27T07:09:27.553+0000] {dagbag.py:545} INFO - Filling up the DagBag from /opt/airflow/dags/file_etl_dag.py
[2026-04-27T07:09:28.227+0000] {processor.py:840} INFO - DAG(s) 'file_etl_pipeline' retrieved from /opt/airflow/dags/file_etl_dag.py
[2026-04-27T07:09:28.268+0000] {logging_mixin.py:188} INFO - [2026-04-27T07:09:28.267+0000] {dag.py:3089} INFO - Sync 1 DAGs
[2026-04-27T07:09:28.312+0000] {logging_mixin.py:188} INFO - [2026-04-27T07:09:28.312+0000] {dag.py:3947} INFO - Setting next_dagrun for file_etl_pipeline to 2026-04-27 00:00:00+00:00, run_after=2026-04-28 00:00:00+00:00
[2026-04-27T07:09:28.345+0000] {processor.py:183} INFO - Processing /opt/airflow/dags/file_etl_dag.py took 0.811 seconds
[2026-04-27T07:09:58.556+0000] {processor.py:161} INFO - Started process (PID=659) to work on /opt/airflow/dags/file_etl_dag.py
[2026-04-27T07:09:58.557+0000] {processor.py:830} INFO - Processing file /opt/airflow/dags/file_etl_dag.py for tasks to queue
[2026-04-27T07:09:58.559+0000] {logging_mixin.py:188} INFO - [2026-04-27T07:09:58.559+0000] {dagbag.py:545} INFO - Filling up the DagBag from /opt/airflow/dags/file_etl_dag.py
[2026-04-27T07:09:58.903+0000] {processor.py:840} INFO - DAG(s) 'file_etl_pipeline' retrieved from /opt/airflow/dags/file_etl_dag.py
[2026-04-27T07:09:58.925+0000] {logging_mixin.py:188} INFO - [2026-04-27T07:09:58.924+0000] {dag.py:3089} INFO - Sync 1 DAGs
[2026-04-27T07:09:58.952+0000] {logging_mixin.py:188} INFO - [2026-04-27T07:09:58.951+0000] {dag.py:3947} INFO - Setting next_dagrun for file_etl_pipeline to 2026-04-27 00:00:00+00:00, run_after=2026-04-28 00:00:00+00:00
[2026-04-27T07:09:58.975+0000] {processor.py:183} INFO - Processing /opt/airflow/dags/file_etl_dag.py took 0.426 seconds
[2026-04-27T07:10:29.180+0000] {processor.py:161} INFO - Started process (PID=665) to work on /opt/airflow/dags/file_etl_dag.py
[2026-04-27T07:10:29.182+0000] {processor.py:830} INFO - Processing file /opt/airflow/dags/file_etl_dag.py for tasks to queue
[2026-04-27T07:10:29.184+0000] {logging_mixin.py:188} INFO - [2026-04-27T07:10:29.183+0000] {dagbag.py:545} INFO - Filling up the DagBag from /opt/airflow/dags/file_etl_dag.py
[2026-04-27T07:10:29.513+0000] {processor.py:840} INFO - DAG(s) 'file_etl_pipeline' retrieved from /opt/airflow/dags/file_etl_dag.py
[2026-04-27T07:10:29.534+0000] {logging_mixin.py:188} INFO - [2026-04-27T07:10:29.533+0000] {dag.py:3089} INFO - Sync 1 DAGs
[2026-04-27T07:10:29.560+0000] {logging_mixin.py:188} INFO - [2026-04-27T07:10:29.560+0000] {dag.py:3947} INFO - Setting next_dagrun for file_etl_pipeline to 2026-04-27 00:00:00+00:00, run_after=2026-04-28 00:00:00+00:00
[2026-04-27T07:10:29.581+0000] {processor.py:183} INFO - Processing /opt/airflow/dags/file_etl_dag.py took 0.407 seconds
[2026-04-27T07:10:59.877+0000] {processor.py:161} INFO - Started process (PID=671) to work on /opt/airflow/dags/file_etl_dag.py
[2026-04-27T07:10:59.879+0000] {processor.py:830} INFO - Processing file /opt/airflow/dags/file_etl_dag.py for tasks to queue
[2026-04-27T07:10:59.882+0000] {logging_mixin.py:188} INFO - [2026-04-27T07:10:59.881+0000] {dagbag.py:545} INFO - Filling up the DagBag from /opt/airflow/dags/file_etl_dag.py
[2026-04-27T07:11:00.248+0000] {processor.py:840} INFO - DAG(s) 'file_etl_pipeline' retrieved from /opt/airflow/dags/file_etl_dag.py
[2026-04-27T07:11:00.270+0000] {logging_mixin.py:188} INFO - [2026-04-27T07:11:00.270+0000] {dag.py:3089} INFO - Sync 1 DAGs
[2026-04-27T07:11:00.298+0000] {logging_mixin.py:188} INFO - [2026-04-27T07:11:00.298+0000] {dag.py:3947} INFO - Setting next_dagrun for file_etl_pipeline to 2026-04-27 00:00:00+00:00, run_after=2026-04-28 00:00:00+00:00
[2026-04-27T07:11:00.321+0000] {processor.py:183} INFO - Processing /opt/airflow/dags/file_etl_dag.py took 0.455 seconds
[2026-04-27T07:11:30.639+0000] {processor.py:161} INFO - Started process (PID=677) to work on /opt/airflow/dags/file_etl_dag.py
[2026-04-27T07:11:30.640+0000] {processor.py:830} INFO - Processing file /opt/airflow/dags/file_etl_dag.py for tasks to queue
[2026-04-27T07:11:30.645+0000] {logging_mixin.py:188} INFO - [2026-04-27T07:11:30.645+0000] {dagbag.py:545} INFO - Filling up the DagBag from /opt/airflow/dags/file_etl_dag.py
[2026-04-27T07:11:31.029+0000] {processor.py:840} INFO - DAG(s) 'file_etl_pipeline' retrieved from /opt/airflow/dags/file_etl_dag.py
[2026-04-27T07:11:31.051+0000] {logging_mixin.py:188} INFO - [2026-04-27T07:11:31.050+0000] {dag.py:3089} INFO - Sync 1 DAGs
[2026-04-27T07:11:31.081+0000] {logging_mixin.py:188} INFO - [2026-04-27T07:11:31.081+0000] {dag.py:3947} INFO - Setting next_dagrun for file_etl_pipeline to 2026-04-27 00:00:00+00:00, run_after=2026-04-28 00:00:00+00:00
[2026-04-27T07:11:31.284+0000] {processor.py:183} INFO - Processing /opt/airflow/dags/file_etl_dag.py took 0.655 seconds
[2026-04-27T07:12:01.519+0000] {processor.py:161} INFO - Started process (PID=683) to work on /opt/airflow/dags/file_etl_dag.py
[2026-04-27T07:12:01.521+0000] {processor.py:830} INFO - Processing file /opt/airflow/dags/file_etl_dag.py for tasks to queue
[2026-04-27T07:12:01.525+0000] {logging_mixin.py:188} INFO - [2026-04-27T07:12:01.525+0000] {dagbag.py:545} INFO - Filling up the DagBag from /opt/airflow/dags/file_etl_dag.py
[2026-04-27T07:12:01.925+0000] {processor.py:840} INFO - DAG(s) 'file_etl_pipeline' retrieved from /opt/airflow/dags/file_etl_dag.py
[2026-04-27T07:12:01.949+0000] {logging_mixin.py:188} INFO - [2026-04-27T07:12:01.949+0000] {dag.py:3089} INFO - Sync 1 DAGs
[2026-04-27T07:12:02.167+0000] {logging_mixin.py:188} INFO - [2026-04-27T07:12:02.167+0000] {dag.py:3947} INFO - Setting next_dagrun for file_etl_pipeline to 2026-04-27 00:00:00+00:00, run_after=2026-04-28 00:00:00+00:00
[2026-04-27T07:12:02.188+0000] {processor.py:183} INFO - Processing /opt/airflow/dags/file_etl_dag.py took 0.678 seconds
[2026-04-27T07:12:32.469+0000] {processor.py:161} INFO - Started process (PID=689) to work on /opt/airflow/dags/file_etl_dag.py
[2026-04-27T07:12:32.470+0000] {processor.py:830} INFO - Processing file /opt/airflow/dags/file_etl_dag.py for tasks to queue
[2026-04-27T07:12:32.473+0000] {logging_mixin.py:188} INFO - [2026-04-27T07:12:32.472+0000] {dagbag.py:545} INFO - Filling up the DagBag from /opt/airflow/dags/file_etl_dag.py
[2026-04-27T07:12:32.853+0000] {processor.py:840} INFO - DAG(s) 'file_etl_pipeline' retrieved from /opt/airflow/dags/file_etl_dag.py
[2026-04-27T07:12:33.302+0000] {logging_mixin.py:188} INFO - [2026-04-27T07:12:33.302+0000] {dag.py:3089} INFO - Sync 1 DAGs
[2026-04-27T07:12:33.328+0000] {logging_mixin.py:188} INFO - [2026-04-27T07:12:33.327+0000] {dag.py:3947} INFO - Setting next_dagrun for file_etl_pipeline to 2026-04-27 00:00:00+00:00, run_after=2026-04-28 00:00:00+00:00
[2026-04-27T07:12:33.352+0000] {processor.py:183} INFO - Processing /opt/airflow/dags/file_etl_dag.py took 0.895 seconds
[2026-04-27T07:13:03.675+0000] {processor.py:161} INFO - Started process (PID=695) to work on /opt/airflow/dags/file_etl_dag.py
[2026-04-27T07:13:03.677+0000] {processor.py:830} INFO - Processing file /opt/airflow/dags/file_etl_dag.py for tasks to queue
[2026-04-27T07:13:03.680+0000] {logging_mixin.py:188} INFO - [2026-04-27T07:13:03.680+0000] {dagbag.py:545} INFO - Filling up the DagBag from /opt/airflow/dags/file_etl_dag.py
[2026-04-27T07:13:04.063+0000] {processor.py:840} INFO - DAG(s) 'file_etl_pipeline' retrieved from /opt/airflow/dags/file_etl_dag.py
[2026-04-27T07:13:04.085+0000] {logging_mixin.py:188} INFO - [2026-04-27T07:13:04.085+0000] {dag.py:3089} INFO - Sync 1 DAGs
[2026-04-27T07:13:04.116+0000] {logging_mixin.py:188} INFO - [2026-04-27T07:13:04.116+0000] {dag.py:3947} INFO - Setting next_dagrun for file_etl_pipeline to 2026-04-27 00:00:00+00:00, run_after=2026-04-28 00:00:00+00:00
[2026-04-27T07:13:04.139+0000] {processor.py:183} INFO - Processing /opt/airflow/dags/file_etl_dag.py took 0.473 seconds
[2026-04-27T07:13:34.192+0000] {processor.py:161} INFO - Started process (PID=701) to work on /opt/airflow/dags/file_etl_dag.py
[2026-04-27T07:13:34.194+0000] {processor.py:830} INFO - Processing file /opt/airflow/dags/file_etl_dag.py for tasks to queue
[2026-04-27T07:13:34.198+0000] {logging_mixin.py:188} INFO - [2026-04-27T07:13:34.197+0000] {dagbag.py:545} INFO - Filling up the DagBag from /opt/airflow/dags/file_etl_dag.py
[2026-04-27T07:13:34.579+0000] {processor.py:840} INFO - DAG(s) 'file_etl_pipeline' retrieved from /opt/airflow/dags/file_etl_dag.py
[2026-04-27T07:13:34.891+0000] {logging_mixin.py:188} INFO - [2026-04-27T07:13:34.891+0000] {dag.py:3089} INFO - Sync 1 DAGs
[2026-04-27T07:13:34.913+0000] {logging_mixin.py:188} INFO - [2026-04-27T07:13:34.913+0000] {dag.py:3947} INFO - Setting next_dagrun for file_etl_pipeline to 2026-04-27 00:00:00+00:00, run_after=2026-04-28 00:00:00+00:00
[2026-04-27T07:13:34.938+0000] {processor.py:183} INFO - Processing /opt/airflow/dags/file_etl_dag.py took 0.755 seconds
[2026-04-27T07:14:05.268+0000] {processor.py:161} INFO - Started process (PID=707) to work on /opt/airflow/dags/file_etl_dag.py
[2026-04-27T07:14:05.269+0000] {processor.py:830} INFO - Processing file /opt/airflow/dags/file_etl_dag.py for tasks to queue
[2026-04-27T07:14:05.275+0000] {logging_mixin.py:188} INFO - [2026-04-27T07:14:05.274+0000] {dagbag.py:545} INFO - Filling up the DagBag from /opt/airflow/dags/file_etl_dag.py
[2026-04-27T07:14:05.652+0000] {processor.py:840} INFO - DAG(s) 'file_etl_pipeline' retrieved from /opt/airflow/dags/file_etl_dag.py
[2026-04-27T07:14:05.674+0000] {logging_mixin.py:188} INFO - [2026-04-27T07:14:05.673+0000] {dag.py:3089} INFO - Sync 1 DAGs
[2026-04-27T07:14:05.703+0000] {logging_mixin.py:188} INFO - [2026-04-27T07:14:05.703+0000] {dag.py:3947} INFO - Setting next_dagrun for file_etl_pipeline to 2026-04-27 00:00:00+00:00, run_after=2026-04-28 00:00:00+00:00
[2026-04-27T07:14:05.726+0000] {processor.py:183} INFO - Processing /opt/airflow/dags/file_etl_dag.py took 0.465 seconds
[2026-04-27T07:14:35.880+0000] {processor.py:161} INFO - Started process (PID=713) to work on /opt/airflow/dags/file_etl_dag.py
[2026-04-27T07:14:35.881+0000] {processor.py:830} INFO - Processing file /opt/airflow/dags/file_etl_dag.py for tasks to queue
[2026-04-27T07:14:35.883+0000] {logging_mixin.py:188} INFO - [2026-04-27T07:14:35.883+0000] {dagbag.py:545} INFO - Filling up the DagBag from /opt/airflow/dags/file_etl_dag.py
[2026-04-27T07:14:36.229+0000] {processor.py:840} INFO - DAG(s) 'file_etl_pipeline' retrieved from /opt/airflow/dags/file_etl_dag.py
[2026-04-27T07:14:36.491+0000] {logging_mixin.py:188} INFO - [2026-04-27T07:14:36.491+0000] {dag.py:3089} INFO - Sync 1 DAGs
[2026-04-27T07:14:36.513+0000] {logging_mixin.py:188} INFO - [2026-04-27T07:14:36.513+0000] {dag.py:3947} INFO - Setting next_dagrun for file_etl_pipeline to 2026-04-27 00:00:00+00:00, run_after=2026-04-28 00:00:00+00:00
[2026-04-27T07:14:36.534+0000] {processor.py:183} INFO - Processing /opt/airflow/dags/file_etl_dag.py took 0.661 seconds
[2026-04-27T07:15:06.801+0000] {processor.py:161} INFO - Started process (PID=719) to work on /opt/airflow/dags/file_etl_dag.py
[2026-04-27T07:15:06.802+0000] {processor.py:830} INFO - Processing file /opt/airflow/dags/file_etl_dag.py for tasks to queue
[2026-04-27T07:15:06.805+0000] {logging_mixin.py:188} INFO - [2026-04-27T07:15:06.805+0000] {dagbag.py:545} INFO - Filling up the DagBag from /opt/airflow/dags/file_etl_dag.py
[2026-04-27T07:15:07.255+0000] {processor.py:840} INFO - DAG(s) 'file_etl_pipeline' retrieved from /opt/airflow/dags/file_etl_dag.py
[2026-04-27T07:15:07.295+0000] {logging_mixin.py:188} INFO - [2026-04-27T07:15:07.294+0000] {dag.py:3089} INFO - Sync 1 DAGs
[2026-04-27T07:15:07.487+0000] {logging_mixin.py:188} INFO - [2026-04-27T07:15:07.487+0000] {dag.py:3947} INFO - Setting next_dagrun for file_etl_pipeline to 2026-04-27 00:00:00+00:00, run_after=2026-04-28 00:00:00+00:00
[2026-04-27T07:15:07.509+0000] {processor.py:183} INFO - Processing /opt/airflow/dags/file_etl_dag.py took 0.719 seconds
[2026-04-27T07:15:37.781+0000] {processor.py:161} INFO - Started process (PID=725) to work on /opt/airflow/dags/file_etl_dag.py
[2026-04-27T07:15:37.782+0000] {processor.py:830} INFO - Processing file /opt/airflow/dags/file_etl_dag.py for tasks to queue
[2026-04-27T07:15:37.785+0000] {logging_mixin.py:188} INFO - [2026-04-27T07:15:37.784+0000] {dagbag.py:545} INFO - Filling up the DagBag from /opt/airflow/dags/file_etl_dag.py
[2026-04-27T07:15:38.135+0000] {processor.py:840} INFO - DAG(s) 'file_etl_pipeline' retrieved from /opt/airflow/dags/file_etl_dag.py
[2026-04-27T07:15:38.158+0000] {logging_mixin.py:188} INFO - [2026-04-27T07:15:38.157+0000] {dag.py:3089} INFO - Sync 1 DAGs
[2026-04-27T07:15:38.187+0000] {logging_mixin.py:188} INFO - [2026-04-27T07:15:38.187+0000] {dag.py:3947} INFO - Setting next_dagrun for file_etl_pipeline to 2026-04-27 00:00:00+00:00, run_after=2026-04-28 00:00:00+00:00
[2026-04-27T07:15:38.211+0000] {processor.py:183} INFO - Processing /opt/airflow/dags/file_etl_dag.py took 0.437 seconds
[2026-04-27T07:16:08.536+0000] {processor.py:161} INFO - Started process (PID=731) to work on /opt/airflow/dags/file_etl_dag.py
[2026-04-27T07:16:08.537+0000] {processor.py:830} INFO - Processing file /opt/airflow/dags/file_etl_dag.py for tasks to queue
[2026-04-27T07:16:08.540+0000] {logging_mixin.py:188} INFO - [2026-04-27T07:16:08.540+0000] {dagbag.py:545} INFO - Filling up the DagBag from /opt/airflow/dags/file_etl_dag.py
[2026-04-27T07:16:08.892+0000] {processor.py:840} INFO - DAG(s) 'file_etl_pipeline' retrieved from /opt/airflow/dags/file_etl_dag.py
[2026-04-27T07:16:09.172+0000] {logging_mixin.py:188} INFO - [2026-04-27T07:16:09.171+0000] {dag.py:3089} INFO - Sync 1 DAGs
[2026-04-27T07:16:09.195+0000] {logging_mixin.py:188} INFO - [2026-04-27T07:16:09.194+0000] {dag.py:3947} INFO - Setting next_dagrun for file_etl_pipeline to 2026-04-27 00:00:00+00:00, run_after=2026-04-28 00:00:00+00:00
[2026-04-27T07:16:09.217+0000] {processor.py:183} INFO - Processing /opt/airflow/dags/file_etl_dag.py took 0.688 seconds
[2026-04-27T07:16:39.448+0000] {processor.py:161} INFO - Started process (PID=737) to work on /opt/airflow/dags/file_etl_dag.py
[2026-04-27T07:16:39.449+0000] {processor.py:830} INFO - Processing file /opt/airflow/dags/file_etl_dag.py for tasks to queue
[2026-04-27T07:16:39.452+0000] {logging_mixin.py:188} INFO - [2026-04-27T07:16:39.451+0000] {dagbag.py:545} INFO - Filling up the DagBag from /opt/airflow/dags/file_etl_dag.py
[2026-04-27T07:16:39.815+0000] {processor.py:840} INFO - DAG(s) 'file_etl_pipeline' retrieved from /opt/airflow/dags/file_etl_dag.py
[2026-04-27T07:16:39.839+0000] {logging_mixin.py:188} INFO - [2026-04-27T07:16:39.839+0000] {dag.py:3089} INFO - Sync 1 DAGs
[2026-04-27T07:16:39.870+0000] {logging_mixin.py:188} INFO - [2026-04-27T07:16:39.870+0000] {dag.py:3947} INFO - Setting next_dagrun for file_etl_pipeline to 2026-04-27 00:00:00+00:00, run_after=2026-04-28 00:00:00+00:00
[2026-04-27T07:16:39.897+0000] {processor.py:183} INFO - Processing /opt/airflow/dags/file_etl_dag.py took 0.456 seconds
[2026-04-27T07:17:10.183+0000] {processor.py:161} INFO - Started process (PID=743) to work on /opt/airflow/dags/file_etl_dag.py
[2026-04-27T07:17:10.185+0000] {processor.py:830} INFO - Processing file /opt/airflow/dags/file_etl_dag.py for tasks to queue
[2026-04-27T07:17:10.188+0000] {logging_mixin.py:188} INFO - [2026-04-27T07:17:10.187+0000] {dagbag.py:545} INFO - Filling up the DagBag from /opt/airflow/dags/file_etl_dag.py
[2026-04-27T07:17:10.573+0000] {processor.py:840} INFO - DAG(s) 'file_etl_pipeline' retrieved from /opt/airflow/dags/file_etl_dag.py
[2026-04-27T07:17:10.845+0000] {logging_mixin.py:188} INFO - [2026-04-27T07:17:10.845+0000] {dag.py:3089} INFO - Sync 1 DAGs
[2026-04-27T07:17:10.868+0000] {logging_mixin.py:188} INFO - [2026-04-27T07:17:10.868+0000] {dag.py:3947} INFO - Setting next_dagrun for file_etl_pipeline to 2026-04-27 00:00:00+00:00, run_after=2026-04-28 00:00:00+00:00
[2026-04-27T07:17:10.891+0000] {processor.py:183} INFO - Processing /opt/airflow/dags/file_etl_dag.py took 0.715 seconds
[2026-04-27T07:17:41.159+0000] {processor.py:161} INFO - Started process (PID=749) to work on /opt/airflow/dags/file_etl_dag.py
[2026-04-27T07:17:41.161+0000] {processor.py:830} INFO - Processing file /opt/airflow/dags/file_etl_dag.py for tasks to queue
[2026-04-27T07:17:41.163+0000] {logging_mixin.py:188} INFO - [2026-04-27T07:17:41.163+0000] {dagbag.py:545} INFO - Filling up the DagBag from /opt/airflow/dags/file_etl_dag.py
[2026-04-27T07:17:41.567+0000] {processor.py:840} INFO - DAG(s) 'file_etl_pipeline' retrieved from /opt/airflow/dags/file_etl_dag.py
[2026-04-27T07:17:41.590+0000] {logging_mixin.py:188} INFO - [2026-04-27T07:17:41.590+0000] {dag.py:3089} INFO - Sync 1 DAGs
[2026-04-27T07:17:41.621+0000] {logging_mixin.py:188} INFO - [2026-04-27T07:17:41.621+0000] {dag.py:3947} INFO - Setting next_dagrun for file_etl_pipeline to 2026-04-27 00:00:00+00:00, run_after=2026-04-28 00:00:00+00:00
[2026-04-27T07:17:41.820+0000] {processor.py:183} INFO - Processing /opt/airflow/dags/file_etl_dag.py took 0.669 seconds
[2026-04-27T07:18:12.171+0000] {processor.py:161} INFO - Started process (PID=755) to work on /opt/airflow/dags/file_etl_dag.py
[2026-04-27T07:18:12.173+0000] {processor.py:830} INFO - Processing file /opt/airflow/dags/file_etl_dag.py for tasks to queue
[2026-04-27T07:18:12.175+0000] {logging_mixin.py:188} INFO - [2026-04-27T07:18:12.175+0000] {dagbag.py:545} INFO - Filling up the DagBag from /opt/airflow/dags/file_etl_dag.py
[2026-04-27T07:18:12.532+0000] {processor.py:840} INFO - DAG(s) 'file_etl_pipeline' retrieved from /opt/airflow/dags/file_etl_dag.py
[2026-04-27T07:18:12.803+0000] {logging_mixin.py:188} INFO - [2026-04-27T07:18:12.802+0000] {dag.py:3089} INFO - Sync 1 DAGs
[2026-04-27T07:18:12.823+0000] {logging_mixin.py:188} INFO - [2026-04-27T07:18:12.823+0000] {dag.py:3947} INFO - Setting next_dagrun for file_etl_pipeline to 2026-04-27 00:00:00+00:00, run_after=2026-04-28 00:00:00+00:00
[2026-04-27T07:18:12.842+0000] {processor.py:183} INFO - Processing /opt/airflow/dags/file_etl_dag.py took 0.678 seconds
[2026-04-27T07:18:43.090+0000] {processor.py:161} INFO - Started process (PID=761) to work on /opt/airflow/dags/file_etl_dag.py
[2026-04-27T07:18:43.091+0000] {processor.py:830} INFO - Processing file /opt/airflow/dags/file_etl_dag.py for tasks to queue
[2026-04-27T07:18:43.094+0000] {logging_mixin.py:188} INFO - [2026-04-27T07:18:43.094+0000] {dagbag.py:545} INFO - Filling up the DagBag from /opt/airflow/dags/file_etl_dag.py
[2026-04-27T07:18:43.462+0000] {processor.py:840} INFO - DAG(s) 'file_etl_pipeline' retrieved from /opt/airflow/dags/file_etl_dag.py
[2026-04-27T07:18:43.486+0000] {logging_mixin.py:188} INFO - [2026-04-27T07:18:43.486+0000] {dag.py:3089} INFO - Sync 1 DAGs
[2026-04-27T07:18:43.518+0000] {logging_mixin.py:188} INFO - [2026-04-27T07:18:43.518+0000] {dag.py:3947} INFO - Setting next_dagrun for file_etl_pipeline to 2026-04-27 00:00:00+00:00, run_after=2026-04-28 00:00:00+00:00
[2026-04-27T07:18:43.549+0000] {processor.py:183} INFO - Processing /opt/airflow/dags/file_etl_dag.py took 0.465 seconds
[2026-04-27T07:19:13.788+0000] {processor.py:161} INFO - Started process (PID=767) to work on /opt/airflow/dags/file_etl_dag.py
[2026-04-27T07:19:13.790+0000] {processor.py:830} INFO - Processing file /opt/airflow/dags/file_etl_dag.py for tasks to queue
[2026-04-27T07:19:13.792+0000] {logging_mixin.py:188} INFO - [2026-04-27T07:19:13.792+0000] {dagbag.py:545} INFO - Filling up the DagBag from /opt/airflow/dags/file_etl_dag.py
[2026-04-27T07:19:14.162+0000] {processor.py:840} INFO - DAG(s) 'file_etl_pipeline' retrieved from /opt/airflow/dags/file_etl_dag.py
[2026-04-27T07:19:14.444+0000] {logging_mixin.py:188} INFO - [2026-04-27T07:19:14.443+0000] {dag.py:3089} INFO - Sync 1 DAGs
[2026-04-27T07:19:14.467+0000] {logging_mixin.py:188} INFO - [2026-04-27T07:19:14.467+0000] {dag.py:3947} INFO - Setting next_dagrun for file_etl_pipeline to 2026-04-27 00:00:00+00:00, run_after=2026-04-28 00:00:00+00:00
[2026-04-27T07:19:14.503+0000] {processor.py:183} INFO - Processing /opt/airflow/dags/file_etl_dag.py took 0.722 seconds
[2026-04-27T07:19:44.744+0000] {processor.py:161} INFO - Started process (PID=773) to work on /opt/airflow/dags/file_etl_dag.py
[2026-04-27T07:19:44.746+0000] {processor.py:830} INFO - Processing file /opt/airflow/dags/file_etl_dag.py for tasks to queue
[2026-04-27T07:19:44.749+0000] {logging_mixin.py:188} INFO - [2026-04-27T07:19:44.749+0000] {dagbag.py:545} INFO - Filling up the DagBag from /opt/airflow/dags/file_etl_dag.py
[2026-04-27T07:19:45.133+0000] {processor.py:840} INFO - DAG(s) 'file_etl_pipeline' retrieved from /opt/airflow/dags/file_etl_dag.py
[2026-04-27T07:19:45.171+0000] {logging_mixin.py:188} INFO - [2026-04-27T07:19:45.171+0000] {dag.py:3089} INFO - Sync 1 DAGs
[2026-04-27T07:19:45.200+0000] {logging_mixin.py:188} INFO - [2026-04-27T07:19:45.200+0000] {dag.py:3947} INFO - Setting next_dagrun for file_etl_pipeline to 2026-04-27 00:00:00+00:00, run_after=2026-04-28 00:00:00+00:00
[2026-04-27T07:19:45.396+0000] {processor.py:183} INFO - Processing /opt/airflow/dags/file_etl_dag.py took 0.663 seconds
[2026-04-27T07:20:15.651+0000] {processor.py:161} INFO - Started process (PID=779) to work on /opt/airflow/dags/file_etl_dag.py
[2026-04-27T07:20:15.652+0000] {processor.py:830} INFO - Processing file /opt/airflow/dags/file_etl_dag.py for tasks to queue
[2026-04-27T07:20:15.654+0000] {logging_mixin.py:188} INFO - [2026-04-27T07:20:15.654+0000] {dagbag.py:545} INFO - Filling up the DagBag from /opt/airflow/dags/file_etl_dag.py
[2026-04-27T07:20:16.027+0000] {processor.py:840} INFO - DAG(s) 'file_etl_pipeline' retrieved from /opt/airflow/dags/file_etl_dag.py
[2026-04-27T07:20:16.051+0000] {logging_mixin.py:188} INFO - [2026-04-27T07:20:16.050+0000] {dag.py:3089} INFO - Sync 1 DAGs
[2026-04-27T07:20:16.091+0000] {logging_mixin.py:188} INFO - [2026-04-27T07:20:16.091+0000] {dag.py:3947} INFO - Setting next_dagrun for file_etl_pipeline to 2026-04-27 00:00:00+00:00, run_after=2026-04-28 00:00:00+00:00
[2026-04-27T07:20:16.153+0000] {processor.py:183} INFO - Processing /opt/airflow/dags/file_etl_dag.py took 0.510 seconds
[2026-04-27T07:20:46.426+0000] {processor.py:161} INFO - Started process (PID=785) to work on /opt/airflow/dags/file_etl_dag.py
[2026-04-27T07:20:46.427+0000] {processor.py:830} INFO - Processing file /opt/airflow/dags/file_etl_dag.py for tasks to queue
[2026-04-27T07:20:46.429+0000] {logging_mixin.py:188} INFO - [2026-04-27T07:20:46.429+0000] {dagbag.py:545} INFO - Filling up the DagBag from /opt/airflow/dags/file_etl_dag.py
[2026-04-27T07:20:46.783+0000] {processor.py:840} INFO - DAG(s) 'file_etl_pipeline' retrieved from /opt/airflow/dags/file_etl_dag.py
[2026-04-27T07:20:47.062+0000] {logging_mixin.py:188} INFO - [2026-04-27T07:20:47.062+0000] {dag.py:3089} INFO - Sync 1 DAGs
[2026-04-27T07:20:47.086+0000] {logging_mixin.py:188} INFO - [2026-04-27T07:20:47.085+0000] {dag.py:3947} INFO - Setting next_dagrun for file_etl_pipeline to 2026-04-27 00:00:00+00:00, run_after=2026-04-28 00:00:00+00:00
[2026-04-27T07:20:47.108+0000] {processor.py:183} INFO - Processing /opt/airflow/dags/file_etl_dag.py took 0.689 seconds
[2026-04-27T07:21:17.354+0000] {processor.py:161} INFO - Started process (PID=791) to work on /opt/airflow/dags/file_etl_dag.py
[2026-04-27T07:21:17.355+0000] {processor.py:830} INFO - Processing file /opt/airflow/dags/file_etl_dag.py for tasks to queue
[2026-04-27T07:21:17.357+0000] {logging_mixin.py:188} INFO - [2026-04-27T07:21:17.357+0000] {dagbag.py:545} INFO - Filling up the DagBag from /opt/airflow/dags/file_etl_dag.py
[2026-04-27T07:21:17.812+0000] {processor.py:840} INFO - DAG(s) 'file_etl_pipeline' retrieved from /opt/airflow/dags/file_etl_dag.py
[2026-04-27T07:21:17.835+0000] {logging_mixin.py:188} INFO - [2026-04-27T07:21:17.835+0000] {dag.py:3089} INFO - Sync 1 DAGs
[2026-04-27T07:21:18.011+0000] {logging_mixin.py:188} INFO - [2026-04-27T07:21:18.011+0000] {dag.py:3947} INFO - Setting next_dagrun for file_etl_pipeline to 2026-04-27 00:00:00+00:00, run_after=2026-04-28 00:00:00+00:00
[2026-04-27T07:21:18.033+0000] {processor.py:183} INFO - Processing /opt/airflow/dags/file_etl_dag.py took 0.688 seconds
[2026-04-27T07:21:48.340+0000] {processor.py:161} INFO - Started process (PID=797) to work on /opt/airflow/dags/file_etl_dag.py
[2026-04-27T07:21:48.341+0000] {processor.py:830} INFO - Processing file /opt/airflow/dags/file_etl_dag.py for tasks to queue
[2026-04-27T07:21:48.343+0000] {logging_mixin.py:188} INFO - [2026-04-27T07:21:48.343+0000] {dagbag.py:545} INFO - Filling up the DagBag from /opt/airflow/dags/file_etl_dag.py
[2026-04-27T07:21:48.728+0000] {processor.py:840} INFO - DAG(s) 'file_etl_pipeline' retrieved from /opt/airflow/dags/file_etl_dag.py
[2026-04-27T07:21:48.990+0000] {logging_mixin.py:188} INFO - [2026-04-27T07:21:48.989+0000] {dag.py:3089} INFO - Sync 1 DAGs
[2026-04-27T07:21:49.011+0000] {logging_mixin.py:188} INFO - [2026-04-27T07:21:49.011+0000] {dag.py:3947} INFO - Setting next_dagrun for file_etl_pipeline to 2026-04-27 00:00:00+00:00, run_after=2026-04-28 00:00:00+00:00
[2026-04-27T07:21:49.032+0000] {processor.py:183} INFO - Processing /opt/airflow/dags/file_etl_dag.py took 0.698 seconds
[2026-04-27T07:22:19.291+0000] {processor.py:161} INFO - Started process (PID=803) to work on /opt/airflow/dags/file_etl_dag.py
[2026-04-27T07:22:19.293+0000] {processor.py:830} INFO - Processing file /opt/airflow/dags/file_etl_dag.py for tasks to queue
[2026-04-27T07:22:19.298+0000] {logging_mixin.py:188} INFO - [2026-04-27T07:22:19.297+0000] {dagbag.py:545} INFO - Filling up the DagBag from /opt/airflow/dags/file_etl_dag.py
[2026-04-27T07:22:19.675+0000] {processor.py:840} INFO - DAG(s) 'file_etl_pipeline' retrieved from /opt/airflow/dags/file_etl_dag.py
[2026-04-27T07:22:19.699+0000] {logging_mixin.py:188} INFO - [2026-04-27T07:22:19.699+0000] {dag.py:3089} INFO - Sync 1 DAGs
[2026-04-27T07:22:19.728+0000] {logging_mixin.py:188} INFO - [2026-04-27T07:22:19.728+0000] {dag.py:3947} INFO - Setting next_dagrun for file_etl_pipeline to 2026-04-27 00:00:00+00:00, run_after=2026-04-28 00:00:00+00:00
[2026-04-27T07:22:19.751+0000] {processor.py:183} INFO - Processing /opt/airflow/dags/file_etl_dag.py took 0.470 seconds
[2026-04-27T07:22:50.094+0000] {processor.py:161} INFO - Started process (PID=809) to work on /opt/airflow/dags/file_etl_dag.py
[2026-04-27T07:22:50.095+0000] {processor.py:830} INFO - Processing file /opt/airflow/dags/file_etl_dag.py for tasks to queue
[2026-04-27T07:22:50.097+0000] {logging_mixin.py:188} INFO - [2026-04-27T07:22:50.096+0000] {dagbag.py:545} INFO - Filling up the DagBag from /opt/airflow/dags/file_etl_dag.py
[2026-04-27T07:22:50.440+0000] {processor.py:840} INFO - DAG(s) 'file_etl_pipeline' retrieved from /opt/airflow/dags/file_etl_dag.py
[2026-04-27T07:22:50.728+0000] {logging_mixin.py:188} INFO - [2026-04-27T07:22:50.728+0000] {dag.py:3089} INFO - Sync 1 DAGs
[2026-04-27T07:22:50.749+0000] {logging_mixin.py:188} INFO - [2026-04-27T07:22:50.748+0000] {dag.py:3947} INFO - Setting next_dagrun for file_etl_pipeline to 2026-04-27 00:00:00+00:00, run_after=2026-04-28 00:00:00+00:00
[2026-04-27T07:22:50.771+0000] {processor.py:183} INFO - Processing /opt/airflow/dags/file_etl_dag.py took 0.684 seconds
[2026-04-27T07:23:21.046+0000] {processor.py:161} INFO - Started process (PID=815) to work on /opt/airflow/dags/file_etl_dag.py
[2026-04-27T07:23:21.047+0000] {processor.py:830} INFO - Processing file /opt/airflow/dags/file_etl_dag.py for tasks to queue
[2026-04-27T07:23:21.051+0000] {logging_mixin.py:188} INFO - [2026-04-27T07:23:21.050+0000] {dagbag.py:545} INFO - Filling up the DagBag from /opt/airflow/dags/file_etl_dag.py
[2026-04-27T07:23:21.395+0000] {processor.py:840} INFO - DAG(s) 'file_etl_pipeline' retrieved from /opt/airflow/dags/file_etl_dag.py
[2026-04-27T07:23:21.417+0000] {logging_mixin.py:188} INFO - [2026-04-27T07:23:21.417+0000] {dag.py:3089} INFO - Sync 1 DAGs
[2026-04-27T07:23:21.446+0000] {logging_mixin.py:188} INFO - [2026-04-27T07:23:21.445+0000] {dag.py:3947} INFO - Setting next_dagrun for file_etl_pipeline to 2026-04-27 00:00:00+00:00, run_after=2026-04-28 00:00:00+00:00
[2026-04-27T07:23:21.468+0000] {processor.py:183} INFO - Processing /opt/airflow/dags/file_etl_dag.py took 0.429 seconds
[2026-04-27T07:23:51.806+0000] {processor.py:161} INFO - Started process (PID=821) to work on /opt/airflow/dags/file_etl_dag.py
[2026-04-27T07:23:51.808+0000] {processor.py:830} INFO - Processing file /opt/airflow/dags/file_etl_dag.py for tasks to queue
[2026-04-27T07:23:51.810+0000] {logging_mixin.py:188} INFO - [2026-04-27T07:23:51.810+0000] {dagbag.py:545} INFO - Filling up the DagBag from /opt/airflow/dags/file_etl_dag.py
[2026-04-27T07:23:52.180+0000] {processor.py:840} INFO - DAG(s) 'file_etl_pipeline' retrieved from /opt/airflow/dags/file_etl_dag.py
[2026-04-27T07:23:52.466+0000] {logging_mixin.py:188} INFO - [2026-04-27T07:23:52.465+0000] {dag.py:3089} INFO - Sync 1 DAGs
[2026-04-27T07:23:52.489+0000] {logging_mixin.py:188} INFO - [2026-04-27T07:23:52.489+0000] {dag.py:3947} INFO - Setting next_dagrun for file_etl_pipeline to 2026-04-27 00:00:00+00:00, run_after=2026-04-28 00:00:00+00:00
[2026-04-27T07:23:52.510+0000] {processor.py:183} INFO - Processing /opt/airflow/dags/file_etl_dag.py took 0.710 seconds
[2026-04-27T08:30:04.761+0000] {processor.py:161} INFO - Started process (PID=164) to work on /opt/airflow/dags/file_etl_dag.py
[2026-04-27T08:30:04.764+0000] {processor.py:830} INFO - Processing file /opt/airflow/dags/file_etl_dag.py for tasks to queue
[2026-04-27T08:30:04.769+0000] {logging_mixin.py:188} INFO - [2026-04-27T08:30:04.767+0000] {dagbag.py:545} INFO - Filling up the DagBag from /opt/airflow/dags/file_etl_dag.py
[2026-04-27T08:30:09.147+0000] {processor.py:840} INFO - DAG(s) 'file_etl_pipeline' retrieved from /opt/airflow/dags/file_etl_dag.py
[2026-04-27T08:30:09.978+0000] {logging_mixin.py:188} INFO - [2026-04-27T08:30:09.977+0000] {override.py:1858} INFO - Created Permission View: can read on DAG:file_etl_pipeline
[2026-04-27T08:30:10.005+0000] {logging_mixin.py:188} INFO - [2026-04-27T08:30:10.005+0000] {override.py:1858} INFO - Created Permission View: can delete on DAG:file_etl_pipeline
[2026-04-27T08:30:10.037+0000] {logging_mixin.py:188} INFO - [2026-04-27T08:30:10.036+0000] {override.py:1858} INFO - Created Permission View: can edit on DAG:file_etl_pipeline
[2026-04-27T08:30:10.041+0000] {logging_mixin.py:188} INFO - [2026-04-27T08:30:10.039+0000] {dag.py:3089} INFO - Sync 1 DAGs
[2026-04-27T08:30:10.114+0000] {logging_mixin.py:188} INFO - [2026-04-27T08:30:10.112+0000] {dag.py:3111} INFO - Creating ORM DAG for file_etl_pipeline
[2026-04-27T08:30:10.631+0000] {logging_mixin.py:188} INFO - [2026-04-27T08:30:10.631+0000] {dag.py:3947} INFO - Setting next_dagrun for file_etl_pipeline to 2026-04-26 00:00:00+00:00, run_after=2026-04-27 00:00:00+00:00
[2026-04-27T08:30:10.713+0000] {processor.py:183} INFO - Processing /opt/airflow/dags/file_etl_dag.py took 5.973 seconds
[2026-04-27T08:30:41.333+0000] {processor.py:161} INFO - Started process (PID=180) to work on /opt/airflow/dags/file_etl_dag.py
[2026-04-27T08:30:41.336+0000] {processor.py:830} INFO - Processing file /opt/airflow/dags/file_etl_dag.py for tasks to queue
[2026-04-27T08:30:41.343+0000] {logging_mixin.py:188} INFO - [2026-04-27T08:30:41.340+0000] {dagbag.py:545} INFO - Filling up the DagBag from /opt/airflow/dags/file_etl_dag.py
[2026-04-27T08:30:42.853+0000] {processor.py:840} INFO - DAG(s) 'file_etl_pipeline' retrieved from /opt/airflow/dags/file_etl_dag.py
[2026-04-27T08:30:42.953+0000] {logging_mixin.py:188} INFO - [2026-04-27T08:30:42.951+0000] {dag.py:3089} INFO - Sync 1 DAGs
[2026-04-27T08:30:43.030+0000] {logging_mixin.py:188} INFO - [2026-04-27T08:30:43.030+0000] {dag.py:3947} INFO - Setting next_dagrun for file_etl_pipeline to 2026-04-27 00:00:00+00:00, run_after=2026-04-28 00:00:00+00:00
[2026-04-27T08:30:43.100+0000] {processor.py:183} INFO - Processing /opt/airflow/dags/file_etl_dag.py took 1.791 seconds
[2026-04-27T08:31:13.987+0000] {processor.py:161} INFO - Started process (PID=186) to work on /opt/airflow/dags/file_etl_dag.py
[2026-04-27T08:31:13.992+0000] {processor.py:830} INFO - Processing file /opt/airflow/dags/file_etl_dag.py for tasks to queue
[2026-04-27T08:31:13.998+0000] {logging_mixin.py:188} INFO - [2026-04-27T08:31:13.996+0000] {dagbag.py:545} INFO - Filling up the DagBag from /opt/airflow/dags/file_etl_dag.py
[2026-04-27T08:31:15.631+0000] {processor.py:840} INFO - DAG(s) 'file_etl_pipeline' retrieved from /opt/airflow/dags/file_etl_dag.py
[2026-04-27T08:31:15.697+0000] {logging_mixin.py:188} INFO - [2026-04-27T08:31:15.695+0000] {dag.py:3089} INFO - Sync 1 DAGs
[2026-04-27T08:31:15.802+0000] {logging_mixin.py:188} INFO - [2026-04-27T08:31:15.802+0000] {dag.py:3947} INFO - Setting next_dagrun for file_etl_pipeline to 2026-04-27 00:00:00+00:00, run_after=2026-04-28 00:00:00+00:00
[2026-04-27T08:31:15.917+0000] {processor.py:183} INFO - Processing /opt/airflow/dags/file_etl_dag.py took 1.967 seconds
[2026-04-27T08:31:46.419+0000] {processor.py:161} INFO - Started process (PID=192) to work on /opt/airflow/dags/file_etl_dag.py
[2026-04-27T08:31:46.422+0000] {processor.py:830} INFO - Processing file /opt/airflow/dags/file_etl_dag.py for tasks to queue
[2026-04-27T08:31:46.426+0000] {logging_mixin.py:188} INFO - [2026-04-27T08:31:46.424+0000] {dagbag.py:545} INFO - Filling up the DagBag from /opt/airflow/dags/file_etl_dag.py
[2026-04-27T08:31:48.391+0000] {processor.py:840} INFO - DAG(s) 'file_etl_pipeline' retrieved from /opt/airflow/dags/file_etl_dag.py
[2026-04-27T08:31:48.452+0000] {logging_mixin.py:188} INFO - [2026-04-27T08:31:48.451+0000] {dag.py:3089} INFO - Sync 1 DAGs
[2026-04-27T08:31:48.608+0000] {logging_mixin.py:188} INFO - [2026-04-27T08:31:48.607+0000] {dag.py:3947} INFO - Setting next_dagrun for file_etl_pipeline to 2026-04-27 00:00:00+00:00, run_after=2026-04-28 00:00:00+00:00
[2026-04-27T08:31:48.702+0000] {processor.py:183} INFO - Processing /opt/airflow/dags/file_etl_dag.py took 2.317 seconds
[2026-04-27T08:32:19.085+0000] {processor.py:161} INFO - Started process (PID=198) to work on /opt/airflow/dags/file_etl_dag.py
[2026-04-27T08:32:19.088+0000] {processor.py:830} INFO - Processing file /opt/airflow/dags/file_etl_dag.py for tasks to queue
[2026-04-27T08:32:19.091+0000] {logging_mixin.py:188} INFO - [2026-04-27T08:32:19.090+0000] {dagbag.py:545} INFO - Filling up the DagBag from /opt/airflow/dags/file_etl_dag.py
[2026-04-27T08:32:20.228+0000] {processor.py:840} INFO - DAG(s) 'file_etl_pipeline' retrieved from /opt/airflow/dags/file_etl_dag.py
[2026-04-27T08:32:20.282+0000] {logging_mixin.py:188} INFO - [2026-04-27T08:32:20.280+0000] {dag.py:3089} INFO - Sync 1 DAGs
[2026-04-27T08:32:20.366+0000] {logging_mixin.py:188} INFO - [2026-04-27T08:32:20.365+0000] {dag.py:3947} INFO - Setting next_dagrun for file_etl_pipeline to 2026-04-27 00:00:00+00:00, run_after=2026-04-28 00:00:00+00:00
[2026-04-27T08:32:20.440+0000] {processor.py:183} INFO - Processing /opt/airflow/dags/file_etl_dag.py took 1.371 seconds
[2026-04-27T08:32:50.957+0000] {processor.py:161} INFO - Started process (PID=204) to work on /opt/airflow/dags/file_etl_dag.py
[2026-04-27T08:32:50.960+0000] {processor.py:830} INFO - Processing file /opt/airflow/dags/file_etl_dag.py for tasks to queue
[2026-04-27T08:32:50.964+0000] {logging_mixin.py:188} INFO - [2026-04-27T08:32:50.963+0000] {dagbag.py:545} INFO - Filling up the DagBag from /opt/airflow/dags/file_etl_dag.py
[2026-04-27T08:32:52.223+0000] {processor.py:840} INFO - DAG(s) 'file_etl_pipeline' retrieved from /opt/airflow/dags/file_etl_dag.py
[2026-04-27T08:32:52.281+0000] {logging_mixin.py:188} INFO - [2026-04-27T08:32:52.279+0000] {dag.py:3089} INFO - Sync 1 DAGs
[2026-04-27T08:32:52.390+0000] {logging_mixin.py:188} INFO - [2026-04-27T08:32:52.389+0000] {dag.py:3947} INFO - Setting next_dagrun for file_etl_pipeline to 2026-04-27 00:00:00+00:00, run_after=2026-04-28 00:00:00+00:00
[2026-04-27T08:32:52.482+0000] {processor.py:183} INFO - Processing /opt/airflow/dags/file_etl_dag.py took 1.545 seconds
[2026-04-27T08:33:23.328+0000] {processor.py:161} INFO - Started process (PID=210) to work on /opt/airflow/dags/file_etl_dag.py
[2026-04-27T08:33:23.331+0000] {processor.py:830} INFO - Processing file /opt/airflow/dags/file_etl_dag.py for tasks to queue
[2026-04-27T08:33:23.337+0000] {logging_mixin.py:188} INFO - [2026-04-27T08:33:23.335+0000] {dagbag.py:545} INFO - Filling up the DagBag from /opt/airflow/dags/file_etl_dag.py
[2026-04-27T08:33:24.880+0000] {processor.py:840} INFO - DAG(s) 'file_etl_pipeline' retrieved from /opt/airflow/dags/file_etl_dag.py
[2026-04-27T08:33:24.955+0000] {logging_mixin.py:188} INFO - [2026-04-27T08:33:24.953+0000] {dag.py:3089} INFO - Sync 1 DAGs
[2026-04-27T08:33:25.161+0000] {logging_mixin.py:188} INFO - [2026-04-27T08:33:25.159+0000] {dag.py:3947} INFO - Setting next_dagrun for file_etl_pipeline to 2026-04-27 00:00:00+00:00, run_after=2026-04-28 00:00:00+00:00
[2026-04-27T08:33:25.298+0000] {processor.py:183} INFO - Processing /opt/airflow/dags/file_etl_dag.py took 1.990 seconds
[2026-04-27T08:33:55.963+0000] {processor.py:161} INFO - Started process (PID=216) to work on /opt/airflow/dags/file_etl_dag.py
[2026-04-27T08:33:55.967+0000] {processor.py:830} INFO - Processing file /opt/airflow/dags/file_etl_dag.py for tasks to queue
[2026-04-27T08:33:55.974+0000] {logging_mixin.py:188} INFO - [2026-04-27T08:33:55.972+0000] {dagbag.py:545} INFO - Filling up the DagBag from /opt/airflow/dags/file_etl_dag.py
[2026-04-27T08:33:58.144+0000] {processor.py:840} INFO - DAG(s) 'file_etl_pipeline' retrieved from /opt/airflow/dags/file_etl_dag.py
[2026-04-27T08:33:58.772+0000] {logging_mixin.py:188} INFO - [2026-04-27T08:33:58.771+0000] {dag.py:3089} INFO - Sync 1 DAGs
[2026-04-27T08:33:58.857+0000] {logging_mixin.py:188} INFO - [2026-04-27T08:33:58.856+0000] {dag.py:3947} INFO - Setting next_dagrun for file_etl_pipeline to 2026-04-27 00:00:00+00:00, run_after=2026-04-28 00:00:00+00:00
[2026-04-27T08:34:16.386+0000] {processor.py:186} ERROR - Got an exception! Propagating...
Traceback (most recent call last):
  File "/home/airflow/.local/lib/python3.12/site-packages/sqlalchemy/engine/base.py", line 3371, in _wrap_pool_connect
    return fn()
           ^^^^
  File "/home/airflow/.local/lib/python3.12/site-packages/sqlalchemy/pool/base.py", line 327, in connect
    return _ConnectionFairy._checkout(self)
           ^^^^^^^^^^^^^^^^^^^^^^^^^^^^^^^^
  File "/home/airflow/.local/lib/python3.12/site-packages/sqlalchemy/pool/base.py", line 894, in _checkout
    fairy = _ConnectionRecord.checkout(pool)
            ^^^^^^^^^^^^^^^^^^^^^^^^^^^^^^^^
  File "/home/airflow/.local/lib/python3.12/site-packages/sqlalchemy/pool/base.py", line 497, in checkout
    with util.safe_reraise():
  File "/home/airflow/.local/lib/python3.12/site-packages/sqlalchemy/util/langhelpers.py", line 70, in __exit__
    compat.raise_(
  File "/home/airflow/.local/lib/python3.12/site-packages/sqlalchemy/util/compat.py", line 211, in raise_
    raise exception
  File "/home/airflow/.local/lib/python3.12/site-packages/sqlalchemy/pool/base.py", line 495, in checkout
    dbapi_connection = rec.get_connection()
                       ^^^^^^^^^^^^^^^^^^^^
  File "/home/airflow/.local/lib/python3.12/site-packages/sqlalchemy/pool/base.py", line 630, in get_connection
    self.__connect()
  File "/home/airflow/.local/lib/python3.12/site-packages/sqlalchemy/pool/base.py", line 690, in __connect
    with util.safe_reraise():
  File "/home/airflow/.local/lib/python3.12/site-packages/sqlalchemy/util/langhelpers.py", line 70, in __exit__
    compat.raise_(
  File "/home/airflow/.local/lib/python3.12/site-packages/sqlalchemy/util/compat.py", line 211, in raise_
    raise exception
  File "/home/airflow/.local/lib/python3.12/site-packages/sqlalchemy/pool/base.py", line 686, in __connect
    self.dbapi_connection = connection = pool._invoke_creator(self)
                                         ^^^^^^^^^^^^^^^^^^^^^^^^^^
  File "/home/airflow/.local/lib/python3.12/site-packages/sqlalchemy/engine/create.py", line 574, in connect
    return dialect.connect(*cargs, **cparams)
           ^^^^^^^^^^^^^^^^^^^^^^^^^^^^^^^^^^
  File "/home/airflow/.local/lib/python3.12/site-packages/sqlalchemy/engine/default.py", line 598, in connect
    return self.dbapi.connect(*cargs, **cparams)
           ^^^^^^^^^^^^^^^^^^^^^^^^^^^^^^^^^^^^^
  File "/home/airflow/.local/lib/python3.12/site-packages/psycopg2/__init__.py", line 122, in connect
    conn = _connect(dsn, connection_factory=connection_factory, **kwasync)
           ^^^^^^^^^^^^^^^^^^^^^^^^^^^^^^^^^^^^^^^^^^^^^^^^^^^^^^^^^^^^^^^
psycopg2.OperationalError: could not translate host name "postgres" to address: Temporary failure in name resolution


The above exception was the direct cause of the following exception:

Traceback (most recent call last):
  File "/home/airflow/.local/lib/python3.12/site-packages/airflow/dag_processing/processor.py", line 182, in _run_file_processor
    _handle_dag_file_processing()
  File "/home/airflow/.local/lib/python3.12/site-packages/airflow/dag_processing/processor.py", line 163, in _handle_dag_file_processing
    result: tuple[int, int] = dag_file_processor.process_file(
                              ^^^^^^^^^^^^^^^^^^^^^^^^^^^^^^^^
  File "/home/airflow/.local/lib/python3.12/site-packages/airflow/utils/session.py", line 79, in wrapper
    return func(*args, session=session, **kwargs)
           ^^^^^^^^^^^^^^^^^^^^^^^^^^^^^^^^^^^^^^
  File "/home/airflow/.local/lib/python3.12/site-packages/airflow/dag_processing/processor.py", line 859, in process_file
    serialize_errors = DagFileProcessor.save_dag_to_db(
                       ^^^^^^^^^^^^^^^^^^^^^^^^^^^^^^^^
  File "/home/airflow/.local/lib/python3.12/site-packages/airflow/api_internal/internal_api_call.py", line 115, in wrapper
    return func(*args, **kwargs)
           ^^^^^^^^^^^^^^^^^^^^^
  File "/home/airflow/.local/lib/python3.12/site-packages/airflow/utils/session.py", line 79, in wrapper
    return func(*args, session=session, **kwargs)
           ^^^^^^^^^^^^^^^^^^^^^^^^^^^^^^^^^^^^^^
  File "/home/airflow/.local/lib/python3.12/site-packages/airflow/dag_processing/processor.py", line 895, in save_dag_to_db
    import_errors = DagBag._sync_to_db(dags=dags, processor_subdir=dag_directory, session=session)
                    ^^^^^^^^^^^^^^^^^^^^^^^^^^^^^^^^^^^^^^^^^^^^^^^^^^^^^^^^^^^^^^^^^^^^^^^^^^^^^^
  File "/home/airflow/.local/lib/python3.12/site-packages/airflow/utils/session.py", line 76, in wrapper
    return func(*args, **kwargs)
           ^^^^^^^^^^^^^^^^^^^^^
  File "/home/airflow/.local/lib/python3.12/site-packages/airflow/models/dagbag.py", line 664, in _sync_to_db
    for attempt in run_with_db_retries(logger=log):
  File "/home/airflow/.local/lib/python3.12/site-packages/tenacity/__init__.py", line 443, in __iter__
    do = self.iter(retry_state=retry_state)
         ^^^^^^^^^^^^^^^^^^^^^^^^^^^^^^^^^^
  File "/home/airflow/.local/lib/python3.12/site-packages/tenacity/__init__.py", line 376, in iter
    result = action(retry_state)
             ^^^^^^^^^^^^^^^^^^^
  File "/home/airflow/.local/lib/python3.12/site-packages/tenacity/__init__.py", line 418, in exc_check
    raise retry_exc.reraise()
          ^^^^^^^^^^^^^^^^^^^
  File "/home/airflow/.local/lib/python3.12/site-packages/tenacity/__init__.py", line 185, in reraise
    raise self.last_attempt.result()
          ^^^^^^^^^^^^^^^^^^^^^^^^^^
  File "/usr/local/lib/python3.12/concurrent/futures/_base.py", line 449, in result
    return self.__get_result()
           ^^^^^^^^^^^^^^^^^^^
  File "/usr/local/lib/python3.12/concurrent/futures/_base.py", line 401, in __get_result
    raise self._exception
  File "/home/airflow/.local/lib/python3.12/site-packages/airflow/models/dagbag.py", line 677, in _sync_to_db
    _serialize_dag_capturing_errors(dag, session, processor_subdir)
  File "/home/airflow/.local/lib/python3.12/site-packages/airflow/models/dagbag.py", line 642, in _serialize_dag_capturing_errors
    dag_was_updated = SerializedDagModel.write_dag(
                      ^^^^^^^^^^^^^^^^^^^^^^^^^^^^^
  File "/home/airflow/.local/lib/python3.12/site-packages/airflow/utils/session.py", line 76, in wrapper
    return func(*args, **kwargs)
           ^^^^^^^^^^^^^^^^^^^^^
  File "/home/airflow/.local/lib/python3.12/site-packages/airflow/models/serialized_dag.py", line 158, in write_dag
    if session.scalar(
       ^^^^^^^^^^^^^^^
  File "/home/airflow/.local/lib/python3.12/site-packages/sqlalchemy/orm/session.py", line 1747, in scalar
    return self.execute(
           ^^^^^^^^^^^^^
  File "/home/airflow/.local/lib/python3.12/site-packages/sqlalchemy/orm/session.py", line 1716, in execute
    conn = self._connection_for_bind(bind)
           ^^^^^^^^^^^^^^^^^^^^^^^^^^^^^^^
  File "/home/airflow/.local/lib/python3.12/site-packages/sqlalchemy/orm/session.py", line 1555, in _connection_for_bind
    return self._transaction._connection_for_bind(
           ^^^^^^^^^^^^^^^^^^^^^^^^^^^^^^^^^^^^^^^
  File "/home/airflow/.local/lib/python3.12/site-packages/sqlalchemy/orm/session.py", line 750, in _connection_for_bind
    conn = bind.connect()
           ^^^^^^^^^^^^^^
  File "/home/airflow/.local/lib/python3.12/site-packages/sqlalchemy/future/engine.py", line 412, in connect
    return super(Engine, self).connect()
           ^^^^^^^^^^^^^^^^^^^^^^^^^^^^^
  File "/home/airflow/.local/lib/python3.12/site-packages/sqlalchemy/engine/base.py", line 3325, in connect
    return self._connection_cls(self, close_with_result=close_with_result)
           ^^^^^^^^^^^^^^^^^^^^^^^^^^^^^^^^^^^^^^^^^^^^^^^^^^^^^^^^^^^^^^^
  File "/home/airflow/.local/lib/python3.12/site-packages/sqlalchemy/engine/base.py", line 96, in __init__
    else engine.raw_connection()
         ^^^^^^^^^^^^^^^^^^^^^^^
  File "/home/airflow/.local/lib/python3.12/site-packages/sqlalchemy/engine/base.py", line 3404, in raw_connection
    return self._wrap_pool_connect(self.pool.connect, _connection)
           ^^^^^^^^^^^^^^^^^^^^^^^^^^^^^^^^^^^^^^^^^^^^^^^^^^^^^^^
  File "/home/airflow/.local/lib/python3.12/site-packages/sqlalchemy/engine/base.py", line 3374, in _wrap_pool_connect
    Connection._handle_dbapi_exception_noconnection(
  File "/home/airflow/.local/lib/python3.12/site-packages/sqlalchemy/engine/base.py", line 2208, in _handle_dbapi_exception_noconnection
    util.raise_(
  File "/home/airflow/.local/lib/python3.12/site-packages/sqlalchemy/util/compat.py", line 211, in raise_
    raise exception
  File "/home/airflow/.local/lib/python3.12/site-packages/sqlalchemy/engine/base.py", line 3371, in _wrap_pool_connect
    return fn()
           ^^^^
  File "/home/airflow/.local/lib/python3.12/site-packages/sqlalchemy/pool/base.py", line 327, in connect
    return _ConnectionFairy._checkout(self)
           ^^^^^^^^^^^^^^^^^^^^^^^^^^^^^^^^
  File "/home/airflow/.local/lib/python3.12/site-packages/sqlalchemy/pool/base.py", line 894, in _checkout
    fairy = _ConnectionRecord.checkout(pool)
            ^^^^^^^^^^^^^^^^^^^^^^^^^^^^^^^^
  File "/home/airflow/.local/lib/python3.12/site-packages/sqlalchemy/pool/base.py", line 497, in checkout
    with util.safe_reraise():
  File "/home/airflow/.local/lib/python3.12/site-packages/sqlalchemy/util/langhelpers.py", line 70, in __exit__
    compat.raise_(
  File "/home/airflow/.local/lib/python3.12/site-packages/sqlalchemy/util/compat.py", line 211, in raise_
    raise exception
  File "/home/airflow/.local/lib/python3.12/site-packages/sqlalchemy/pool/base.py", line 495, in checkout
    dbapi_connection = rec.get_connection()
                       ^^^^^^^^^^^^^^^^^^^^
  File "/home/airflow/.local/lib/python3.12/site-packages/sqlalchemy/pool/base.py", line 630, in get_connection
    self.__connect()
  File "/home/airflow/.local/lib/python3.12/site-packages/sqlalchemy/pool/base.py", line 690, in __connect
    with util.safe_reraise():
  File "/home/airflow/.local/lib/python3.12/site-packages/sqlalchemy/util/langhelpers.py", line 70, in __exit__
    compat.raise_(
  File "/home/airflow/.local/lib/python3.12/site-packages/sqlalchemy/util/compat.py", line 211, in raise_
    raise exception
  File "/home/airflow/.local/lib/python3.12/site-packages/sqlalchemy/pool/base.py", line 686, in __connect
    self.dbapi_connection = connection = pool._invoke_creator(self)
                                         ^^^^^^^^^^^^^^^^^^^^^^^^^^
  File "/home/airflow/.local/lib/python3.12/site-packages/sqlalchemy/engine/create.py", line 574, in connect
    return dialect.connect(*cargs, **cparams)
           ^^^^^^^^^^^^^^^^^^^^^^^^^^^^^^^^^^
  File "/home/airflow/.local/lib/python3.12/site-packages/sqlalchemy/engine/default.py", line 598, in connect
    return self.dbapi.connect(*cargs, **cparams)
           ^^^^^^^^^^^^^^^^^^^^^^^^^^^^^^^^^^^^^
  File "/home/airflow/.local/lib/python3.12/site-packages/psycopg2/__init__.py", line 122, in connect
    conn = _connect(dsn, connection_factory=connection_factory, **kwasync)
           ^^^^^^^^^^^^^^^^^^^^^^^^^^^^^^^^^^^^^^^^^^^^^^^^^^^^^^^^^^^^^^^
sqlalchemy.exc.OperationalError: (psycopg2.OperationalError) could not translate host name "postgres" to address: Temporary failure in name resolution

(Background on this error at: https://sqlalche.me/e/14/e3q8)
[2026-04-27T08:39:09.625+0000] {processor.py:161} INFO - Started process (PID=182) to work on /opt/airflow/dags/file_etl_dag.py
[2026-04-27T08:39:09.627+0000] {processor.py:830} INFO - Processing file /opt/airflow/dags/file_etl_dag.py for tasks to queue
[2026-04-27T08:39:09.631+0000] {logging_mixin.py:188} INFO - [2026-04-27T08:39:09.630+0000] {dagbag.py:545} INFO - Filling up the DagBag from /opt/airflow/dags/file_etl_dag.py
[2026-04-27T08:39:11.025+0000] {processor.py:840} INFO - DAG(s) 'file_etl_pipeline' retrieved from /opt/airflow/dags/file_etl_dag.py
[2026-04-27T08:39:11.145+0000] {logging_mixin.py:188} INFO - [2026-04-27T08:39:11.143+0000] {dag.py:3089} INFO - Sync 1 DAGs
[2026-04-27T08:39:11.265+0000] {logging_mixin.py:188} INFO - [2026-04-27T08:39:11.264+0000] {dag.py:3947} INFO - Setting next_dagrun for file_etl_pipeline to 2026-04-27 00:00:00+00:00, run_after=2026-04-28 00:00:00+00:00
[2026-04-27T08:39:11.360+0000] {processor.py:183} INFO - Processing /opt/airflow/dags/file_etl_dag.py took 1.775 seconds
[2026-04-27T08:39:42.153+0000] {processor.py:161} INFO - Started process (PID=188) to work on /opt/airflow/dags/file_etl_dag.py
[2026-04-27T08:39:42.166+0000] {processor.py:830} INFO - Processing file /opt/airflow/dags/file_etl_dag.py for tasks to queue
[2026-04-27T08:39:42.173+0000] {logging_mixin.py:188} INFO - [2026-04-27T08:39:42.171+0000] {dagbag.py:545} INFO - Filling up the DagBag from /opt/airflow/dags/file_etl_dag.py
[2026-04-27T08:39:46.017+0000] {processor.py:840} INFO - DAG(s) 'file_etl_pipeline' retrieved from /opt/airflow/dags/file_etl_dag.py
[2026-04-27T08:39:46.867+0000] {logging_mixin.py:188} INFO - [2026-04-27T08:39:46.867+0000] {dag.py:3089} INFO - Sync 1 DAGs
[2026-04-27T08:39:46.922+0000] {logging_mixin.py:188} INFO - [2026-04-27T08:39:46.921+0000] {dag.py:3947} INFO - Setting next_dagrun for file_etl_pipeline to 2026-04-27 00:00:00+00:00, run_after=2026-04-28 00:00:00+00:00
[2026-04-27T08:39:47.013+0000] {processor.py:183} INFO - Processing /opt/airflow/dags/file_etl_dag.py took 4.915 seconds
[2026-04-27T08:40:17.832+0000] {processor.py:161} INFO - Started process (PID=194) to work on /opt/airflow/dags/file_etl_dag.py
[2026-04-27T08:40:17.837+0000] {processor.py:830} INFO - Processing file /opt/airflow/dags/file_etl_dag.py for tasks to queue
[2026-04-27T08:40:17.845+0000] {logging_mixin.py:188} INFO - [2026-04-27T08:40:17.843+0000] {dagbag.py:545} INFO - Filling up the DagBag from /opt/airflow/dags/file_etl_dag.py
[2026-04-27T08:40:19.717+0000] {processor.py:840} INFO - DAG(s) 'file_etl_pipeline' retrieved from /opt/airflow/dags/file_etl_dag.py
[2026-04-27T08:40:19.833+0000] {logging_mixin.py:188} INFO - [2026-04-27T08:40:19.829+0000] {dag.py:3089} INFO - Sync 1 DAGs
[2026-04-27T08:40:19.959+0000] {logging_mixin.py:188} INFO - [2026-04-27T08:40:19.957+0000] {dag.py:3947} INFO - Setting next_dagrun for file_etl_pipeline to 2026-04-27 00:00:00+00:00, run_after=2026-04-28 00:00:00+00:00
[2026-04-27T08:40:20.097+0000] {processor.py:183} INFO - Processing /opt/airflow/dags/file_etl_dag.py took 2.290 seconds
[2026-04-27T08:40:50.657+0000] {processor.py:161} INFO - Started process (PID=200) to work on /opt/airflow/dags/file_etl_dag.py
[2026-04-27T08:40:50.663+0000] {processor.py:830} INFO - Processing file /opt/airflow/dags/file_etl_dag.py for tasks to queue
[2026-04-27T08:40:50.669+0000] {logging_mixin.py:188} INFO - [2026-04-27T08:40:50.667+0000] {dagbag.py:545} INFO - Filling up the DagBag from /opt/airflow/dags/file_etl_dag.py
[2026-04-27T08:40:52.206+0000] {processor.py:840} INFO - DAG(s) 'file_etl_pipeline' retrieved from /opt/airflow/dags/file_etl_dag.py
[2026-04-27T08:40:52.274+0000] {logging_mixin.py:188} INFO - [2026-04-27T08:40:52.273+0000] {dag.py:3089} INFO - Sync 1 DAGs
[2026-04-27T08:40:52.389+0000] {logging_mixin.py:188} INFO - [2026-04-27T08:40:52.387+0000] {dag.py:3947} INFO - Setting next_dagrun for file_etl_pipeline to 2026-04-27 00:00:00+00:00, run_after=2026-04-28 00:00:00+00:00
[2026-04-27T08:40:52.493+0000] {processor.py:183} INFO - Processing /opt/airflow/dags/file_etl_dag.py took 1.863 seconds
[2026-04-27T08:41:22.779+0000] {processor.py:161} INFO - Started process (PID=206) to work on /opt/airflow/dags/file_etl_dag.py
[2026-04-27T08:41:22.782+0000] {processor.py:830} INFO - Processing file /opt/airflow/dags/file_etl_dag.py for tasks to queue
[2026-04-27T08:41:22.790+0000] {logging_mixin.py:188} INFO - [2026-04-27T08:41:22.789+0000] {dagbag.py:545} INFO - Filling up the DagBag from /opt/airflow/dags/file_etl_dag.py
[2026-04-27T08:41:24.178+0000] {processor.py:840} INFO - DAG(s) 'file_etl_pipeline' retrieved from /opt/airflow/dags/file_etl_dag.py
[2026-04-27T08:41:24.289+0000] {logging_mixin.py:188} INFO - [2026-04-27T08:41:24.283+0000] {dag.py:3089} INFO - Sync 1 DAGs
[2026-04-27T08:41:24.519+0000] {logging_mixin.py:188} INFO - [2026-04-27T08:41:24.518+0000] {dag.py:3947} INFO - Setting next_dagrun for file_etl_pipeline to 2026-04-27 00:00:00+00:00, run_after=2026-04-28 00:00:00+00:00
[2026-04-27T08:41:24.591+0000] {processor.py:183} INFO - Processing /opt/airflow/dags/file_etl_dag.py took 1.833 seconds
[2026-04-27T08:41:55.288+0000] {processor.py:161} INFO - Started process (PID=212) to work on /opt/airflow/dags/file_etl_dag.py
[2026-04-27T08:41:55.293+0000] {processor.py:830} INFO - Processing file /opt/airflow/dags/file_etl_dag.py for tasks to queue
[2026-04-27T08:41:55.298+0000] {logging_mixin.py:188} INFO - [2026-04-27T08:41:55.297+0000] {dagbag.py:545} INFO - Filling up the DagBag from /opt/airflow/dags/file_etl_dag.py
[2026-04-27T08:41:56.701+0000] {processor.py:840} INFO - DAG(s) 'file_etl_pipeline' retrieved from /opt/airflow/dags/file_etl_dag.py
[2026-04-27T08:41:57.074+0000] {logging_mixin.py:188} INFO - [2026-04-27T08:41:57.071+0000] {dag.py:3089} INFO - Sync 1 DAGs
[2026-04-27T08:41:57.769+0000] {logging_mixin.py:188} INFO - [2026-04-27T08:41:57.767+0000] {dag.py:3947} INFO - Setting next_dagrun for file_etl_pipeline to 2026-04-27 00:00:00+00:00, run_after=2026-04-28 00:00:00+00:00
[2026-04-27T08:41:59.319+0000] {logging_mixin.py:188} INFO - [2026-04-27T08:41:59.318+0000] {dag.py:3089} INFO - Sync 1 DAGs
[2026-04-27T08:41:59.354+0000] {logging_mixin.py:188} INFO - [2026-04-27T08:41:59.353+0000] {dag.py:3947} INFO - Setting next_dagrun for file_etl_pipeline to 2026-04-27 00:00:00+00:00, run_after=2026-04-28 00:00:00+00:00
[2026-04-27T08:41:59.417+0000] {processor.py:183} INFO - Processing /opt/airflow/dags/file_etl_dag.py took 4.155 seconds
[2026-04-27T08:42:29.839+0000] {processor.py:161} INFO - Started process (PID=218) to work on /opt/airflow/dags/file_etl_dag.py
[2026-04-27T08:42:29.844+0000] {processor.py:830} INFO - Processing file /opt/airflow/dags/file_etl_dag.py for tasks to queue
[2026-04-27T08:42:29.854+0000] {logging_mixin.py:188} INFO - [2026-04-27T08:42:29.852+0000] {dagbag.py:545} INFO - Filling up the DagBag from /opt/airflow/dags/file_etl_dag.py
[2026-04-27T08:42:31.422+0000] {processor.py:840} INFO - DAG(s) 'file_etl_pipeline' retrieved from /opt/airflow/dags/file_etl_dag.py
[2026-04-27T08:42:31.933+0000] {logging_mixin.py:188} INFO - [2026-04-27T08:42:31.932+0000] {dag.py:3089} INFO - Sync 1 DAGs
[2026-04-27T08:42:32.805+0000] {logging_mixin.py:188} INFO - [2026-04-27T08:42:32.804+0000] {dag.py:3947} INFO - Setting next_dagrun for file_etl_pipeline to 2026-04-27 00:00:00+00:00, run_after=2026-04-28 00:00:00+00:00
[2026-04-27T08:42:32.934+0000] {processor.py:183} INFO - Processing /opt/airflow/dags/file_etl_dag.py took 3.123 seconds
[2026-04-27T08:43:03.359+0000] {processor.py:161} INFO - Started process (PID=224) to work on /opt/airflow/dags/file_etl_dag.py
[2026-04-27T08:43:03.362+0000] {processor.py:830} INFO - Processing file /opt/airflow/dags/file_etl_dag.py for tasks to queue
[2026-04-27T08:43:03.366+0000] {logging_mixin.py:188} INFO - [2026-04-27T08:43:03.365+0000] {dagbag.py:545} INFO - Filling up the DagBag from /opt/airflow/dags/file_etl_dag.py
[2026-04-27T08:43:04.540+0000] {processor.py:840} INFO - DAG(s) 'file_etl_pipeline' retrieved from /opt/airflow/dags/file_etl_dag.py
[2026-04-27T08:43:04.644+0000] {logging_mixin.py:188} INFO - [2026-04-27T08:43:04.642+0000] {dag.py:3089} INFO - Sync 1 DAGs
[2026-04-27T08:43:04.719+0000] {logging_mixin.py:188} INFO - [2026-04-27T08:43:04.719+0000] {dag.py:3947} INFO - Setting next_dagrun for file_etl_pipeline to 2026-04-27 00:00:00+00:00, run_after=2026-04-28 00:00:00+00:00
[2026-04-27T08:43:04.811+0000] {processor.py:183} INFO - Processing /opt/airflow/dags/file_etl_dag.py took 1.468 seconds
[2026-04-27T08:43:35.206+0000] {processor.py:161} INFO - Started process (PID=230) to work on /opt/airflow/dags/file_etl_dag.py
[2026-04-27T08:43:35.209+0000] {processor.py:830} INFO - Processing file /opt/airflow/dags/file_etl_dag.py for tasks to queue
[2026-04-27T08:43:35.214+0000] {logging_mixin.py:188} INFO - [2026-04-27T08:43:35.212+0000] {dagbag.py:545} INFO - Filling up the DagBag from /opt/airflow/dags/file_etl_dag.py
[2026-04-27T08:43:36.662+0000] {processor.py:840} INFO - DAG(s) 'file_etl_pipeline' retrieved from /opt/airflow/dags/file_etl_dag.py
[2026-04-27T08:43:37.811+0000] {logging_mixin.py:188} INFO - [2026-04-27T08:43:37.809+0000] {dag.py:3089} INFO - Sync 1 DAGs
[2026-04-27T08:43:37.986+0000] {logging_mixin.py:188} INFO - [2026-04-27T08:43:37.985+0000] {dag.py:3947} INFO - Setting next_dagrun for file_etl_pipeline to 2026-04-27 00:00:00+00:00, run_after=2026-04-28 00:00:00+00:00
[2026-04-27T08:43:40.573+0000] {processor.py:183} INFO - Processing /opt/airflow/dags/file_etl_dag.py took 5.397 seconds
[2026-04-27T08:44:11.118+0000] {processor.py:161} INFO - Started process (PID=236) to work on /opt/airflow/dags/file_etl_dag.py
[2026-04-27T08:44:11.121+0000] {processor.py:830} INFO - Processing file /opt/airflow/dags/file_etl_dag.py for tasks to queue
[2026-04-27T08:44:11.129+0000] {logging_mixin.py:188} INFO - [2026-04-27T08:44:11.124+0000] {dagbag.py:545} INFO - Filling up the DagBag from /opt/airflow/dags/file_etl_dag.py
[2026-04-27T08:44:12.824+0000] {processor.py:840} INFO - DAG(s) 'file_etl_pipeline' retrieved from /opt/airflow/dags/file_etl_dag.py
[2026-04-27T08:44:12.986+0000] {logging_mixin.py:188} INFO - [2026-04-27T08:44:12.984+0000] {dag.py:3089} INFO - Sync 1 DAGs
[2026-04-27T08:44:13.084+0000] {logging_mixin.py:188} INFO - [2026-04-27T08:44:13.083+0000] {dag.py:3947} INFO - Setting next_dagrun for file_etl_pipeline to 2026-04-27 00:00:00+00:00, run_after=2026-04-28 00:00:00+00:00
[2026-04-27T08:44:13.190+0000] {processor.py:183} INFO - Processing /opt/airflow/dags/file_etl_dag.py took 2.099 seconds
[2026-04-27T08:44:43.785+0000] {processor.py:161} INFO - Started process (PID=242) to work on /opt/airflow/dags/file_etl_dag.py
[2026-04-27T08:44:43.788+0000] {processor.py:830} INFO - Processing file /opt/airflow/dags/file_etl_dag.py for tasks to queue
[2026-04-27T08:44:43.793+0000] {logging_mixin.py:188} INFO - [2026-04-27T08:44:43.792+0000] {dagbag.py:545} INFO - Filling up the DagBag from /opt/airflow/dags/file_etl_dag.py
[2026-04-27T08:44:45.245+0000] {processor.py:840} INFO - DAG(s) 'file_etl_pipeline' retrieved from /opt/airflow/dags/file_etl_dag.py
[2026-04-27T08:44:45.330+0000] {logging_mixin.py:188} INFO - [2026-04-27T08:44:45.328+0000] {dag.py:3089} INFO - Sync 1 DAGs
[2026-04-27T08:44:45.574+0000] {logging_mixin.py:188} INFO - [2026-04-27T08:44:45.573+0000] {dag.py:3947} INFO - Setting next_dagrun for file_etl_pipeline to 2026-04-27 00:00:00+00:00, run_after=2026-04-28 00:00:00+00:00
[2026-04-27T08:44:45.718+0000] {processor.py:183} INFO - Processing /opt/airflow/dags/file_etl_dag.py took 1.962 seconds
[2026-04-27T08:45:16.600+0000] {processor.py:161} INFO - Started process (PID=248) to work on /opt/airflow/dags/file_etl_dag.py
[2026-04-27T08:45:16.604+0000] {processor.py:830} INFO - Processing file /opt/airflow/dags/file_etl_dag.py for tasks to queue
[2026-04-27T08:45:16.610+0000] {logging_mixin.py:188} INFO - [2026-04-27T08:45:16.609+0000] {dagbag.py:545} INFO - Filling up the DagBag from /opt/airflow/dags/file_etl_dag.py
[2026-04-27T08:45:18.396+0000] {processor.py:840} INFO - DAG(s) 'file_etl_pipeline' retrieved from /opt/airflow/dags/file_etl_dag.py
[2026-04-27T08:45:18.483+0000] {logging_mixin.py:188} INFO - [2026-04-27T08:45:18.481+0000] {dag.py:3089} INFO - Sync 1 DAGs
[2026-04-27T08:45:18.721+0000] {logging_mixin.py:188} INFO - [2026-04-27T08:45:18.720+0000] {dag.py:3947} INFO - Setting next_dagrun for file_etl_pipeline to 2026-04-27 00:00:00+00:00, run_after=2026-04-28 00:00:00+00:00
[2026-04-27T08:45:18.856+0000] {processor.py:183} INFO - Processing /opt/airflow/dags/file_etl_dag.py took 2.297 seconds
[2026-04-27T08:45:49.454+0000] {processor.py:161} INFO - Started process (PID=254) to work on /opt/airflow/dags/file_etl_dag.py
[2026-04-27T08:45:49.464+0000] {processor.py:830} INFO - Processing file /opt/airflow/dags/file_etl_dag.py for tasks to queue
[2026-04-27T08:45:49.469+0000] {logging_mixin.py:188} INFO - [2026-04-27T08:45:49.467+0000] {dagbag.py:545} INFO - Filling up the DagBag from /opt/airflow/dags/file_etl_dag.py
[2026-04-27T08:45:51.481+0000] {processor.py:840} INFO - DAG(s) 'file_etl_pipeline' retrieved from /opt/airflow/dags/file_etl_dag.py
[2026-04-27T08:45:51.553+0000] {logging_mixin.py:188} INFO - [2026-04-27T08:45:51.551+0000] {dag.py:3089} INFO - Sync 1 DAGs
[2026-04-27T08:45:51.862+0000] {logging_mixin.py:188} INFO - [2026-04-27T08:45:51.860+0000] {dag.py:3947} INFO - Setting next_dagrun for file_etl_pipeline to 2026-04-27 00:00:00+00:00, run_after=2026-04-28 00:00:00+00:00
[2026-04-27T08:45:52.095+0000] {processor.py:183} INFO - Processing /opt/airflow/dags/file_etl_dag.py took 2.678 seconds
[2026-04-27T08:46:22.426+0000] {processor.py:161} INFO - Started process (PID=260) to work on /opt/airflow/dags/file_etl_dag.py
[2026-04-27T08:46:22.430+0000] {processor.py:830} INFO - Processing file /opt/airflow/dags/file_etl_dag.py for tasks to queue
[2026-04-27T08:46:22.436+0000] {logging_mixin.py:188} INFO - [2026-04-27T08:46:22.434+0000] {dagbag.py:545} INFO - Filling up the DagBag from /opt/airflow/dags/file_etl_dag.py
[2026-04-27T08:46:24.617+0000] {processor.py:840} INFO - DAG(s) 'file_etl_pipeline' retrieved from /opt/airflow/dags/file_etl_dag.py
[2026-04-27T08:46:25.762+0000] {logging_mixin.py:188} INFO - [2026-04-27T08:46:25.760+0000] {dag.py:3089} INFO - Sync 1 DAGs
[2026-04-27T08:46:25.870+0000] {logging_mixin.py:188} INFO - [2026-04-27T08:46:25.868+0000] {dag.py:3947} INFO - Setting next_dagrun for file_etl_pipeline to 2026-04-27 00:00:00+00:00, run_after=2026-04-28 00:00:00+00:00
[2026-04-27T08:46:26.017+0000] {processor.py:183} INFO - Processing /opt/airflow/dags/file_etl_dag.py took 3.642 seconds
[2026-04-27T08:46:56.677+0000] {processor.py:161} INFO - Started process (PID=266) to work on /opt/airflow/dags/file_etl_dag.py
[2026-04-27T08:46:56.683+0000] {processor.py:830} INFO - Processing file /opt/airflow/dags/file_etl_dag.py for tasks to queue
[2026-04-27T08:46:56.690+0000] {logging_mixin.py:188} INFO - [2026-04-27T08:46:56.687+0000] {dagbag.py:545} INFO - Filling up the DagBag from /opt/airflow/dags/file_etl_dag.py
[2026-04-27T08:46:59.155+0000] {processor.py:840} INFO - DAG(s) 'file_etl_pipeline' retrieved from /opt/airflow/dags/file_etl_dag.py
[2026-04-27T08:46:59.234+0000] {logging_mixin.py:188} INFO - [2026-04-27T08:46:59.232+0000] {dag.py:3089} INFO - Sync 1 DAGs
[2026-04-27T08:46:59.338+0000] {logging_mixin.py:188} INFO - [2026-04-27T08:46:59.336+0000] {dag.py:3947} INFO - Setting next_dagrun for file_etl_pipeline to 2026-04-27 00:00:00+00:00, run_after=2026-04-28 00:00:00+00:00
[2026-04-27T08:46:59.462+0000] {processor.py:183} INFO - Processing /opt/airflow/dags/file_etl_dag.py took 2.836 seconds
[2026-04-27T08:47:30.221+0000] {processor.py:161} INFO - Started process (PID=272) to work on /opt/airflow/dags/file_etl_dag.py
[2026-04-27T08:47:30.224+0000] {processor.py:830} INFO - Processing file /opt/airflow/dags/file_etl_dag.py for tasks to queue
[2026-04-27T08:47:30.228+0000] {logging_mixin.py:188} INFO - [2026-04-27T08:47:30.227+0000] {dagbag.py:545} INFO - Filling up the DagBag from /opt/airflow/dags/file_etl_dag.py
[2026-04-27T08:47:31.429+0000] {processor.py:840} INFO - DAG(s) 'file_etl_pipeline' retrieved from /opt/airflow/dags/file_etl_dag.py
[2026-04-27T08:47:31.490+0000] {logging_mixin.py:188} INFO - [2026-04-27T08:47:31.489+0000] {dag.py:3089} INFO - Sync 1 DAGs
[2026-04-27T08:47:31.588+0000] {logging_mixin.py:188} INFO - [2026-04-27T08:47:31.588+0000] {dag.py:3947} INFO - Setting next_dagrun for file_etl_pipeline to 2026-04-27 00:00:00+00:00, run_after=2026-04-28 00:00:00+00:00
[2026-04-27T08:47:31.661+0000] {processor.py:183} INFO - Processing /opt/airflow/dags/file_etl_dag.py took 1.465 seconds
[2026-04-27T08:48:02.055+0000] {processor.py:161} INFO - Started process (PID=278) to work on /opt/airflow/dags/file_etl_dag.py
[2026-04-27T08:48:02.059+0000] {processor.py:830} INFO - Processing file /opt/airflow/dags/file_etl_dag.py for tasks to queue
[2026-04-27T08:48:02.064+0000] {logging_mixin.py:188} INFO - [2026-04-27T08:48:02.063+0000] {dagbag.py:545} INFO - Filling up the DagBag from /opt/airflow/dags/file_etl_dag.py
[2026-04-27T08:48:03.802+0000] {processor.py:840} INFO - DAG(s) 'file_etl_pipeline' retrieved from /opt/airflow/dags/file_etl_dag.py
[2026-04-27T08:48:03.890+0000] {logging_mixin.py:188} INFO - [2026-04-27T08:48:03.888+0000] {dag.py:3089} INFO - Sync 1 DAGs
[2026-04-27T08:48:04.011+0000] {logging_mixin.py:188} INFO - [2026-04-27T08:48:04.010+0000] {dag.py:3947} INFO - Setting next_dagrun for file_etl_pipeline to 2026-04-27 00:00:00+00:00, run_after=2026-04-28 00:00:00+00:00
[2026-04-27T08:48:04.114+0000] {processor.py:183} INFO - Processing /opt/airflow/dags/file_etl_dag.py took 2.087 seconds
[2026-04-27T08:48:34.649+0000] {processor.py:161} INFO - Started process (PID=284) to work on /opt/airflow/dags/file_etl_dag.py
[2026-04-27T08:48:34.652+0000] {processor.py:830} INFO - Processing file /opt/airflow/dags/file_etl_dag.py for tasks to queue
[2026-04-27T08:48:34.656+0000] {logging_mixin.py:188} INFO - [2026-04-27T08:48:34.654+0000] {dagbag.py:545} INFO - Filling up the DagBag from /opt/airflow/dags/file_etl_dag.py
[2026-04-27T08:48:35.688+0000] {processor.py:840} INFO - DAG(s) 'file_etl_pipeline' retrieved from /opt/airflow/dags/file_etl_dag.py
[2026-04-27T08:48:35.816+0000] {logging_mixin.py:188} INFO - [2026-04-27T08:48:35.814+0000] {dag.py:3089} INFO - Sync 1 DAGs
[2026-04-27T08:48:35.935+0000] {logging_mixin.py:188} INFO - [2026-04-27T08:48:35.934+0000] {dag.py:3947} INFO - Setting next_dagrun for file_etl_pipeline to 2026-04-27 00:00:00+00:00, run_after=2026-04-28 00:00:00+00:00
[2026-04-27T08:48:36.463+0000] {processor.py:183} INFO - Processing /opt/airflow/dags/file_etl_dag.py took 1.833 seconds
[2026-04-27T08:49:07.383+0000] {processor.py:161} INFO - Started process (PID=290) to work on /opt/airflow/dags/file_etl_dag.py
[2026-04-27T08:49:07.387+0000] {processor.py:830} INFO - Processing file /opt/airflow/dags/file_etl_dag.py for tasks to queue
[2026-04-27T08:49:07.391+0000] {logging_mixin.py:188} INFO - [2026-04-27T08:49:07.389+0000] {dagbag.py:545} INFO - Filling up the DagBag from /opt/airflow/dags/file_etl_dag.py
[2026-04-27T08:49:09.063+0000] {processor.py:840} INFO - DAG(s) 'file_etl_pipeline' retrieved from /opt/airflow/dags/file_etl_dag.py
[2026-04-27T08:49:09.142+0000] {logging_mixin.py:188} INFO - [2026-04-27T08:49:09.140+0000] {dag.py:3089} INFO - Sync 1 DAGs
[2026-04-27T08:49:09.252+0000] {logging_mixin.py:188} INFO - [2026-04-27T08:49:09.251+0000] {dag.py:3947} INFO - Setting next_dagrun for file_etl_pipeline to 2026-04-27 00:00:00+00:00, run_after=2026-04-28 00:00:00+00:00
[2026-04-27T08:49:09.333+0000] {processor.py:183} INFO - Processing /opt/airflow/dags/file_etl_dag.py took 1.979 seconds
[2026-04-27T08:49:40.149+0000] {processor.py:161} INFO - Started process (PID=296) to work on /opt/airflow/dags/file_etl_dag.py
[2026-04-27T08:49:40.153+0000] {processor.py:830} INFO - Processing file /opt/airflow/dags/file_etl_dag.py for tasks to queue
[2026-04-27T08:49:40.158+0000] {logging_mixin.py:188} INFO - [2026-04-27T08:49:40.156+0000] {dagbag.py:545} INFO - Filling up the DagBag from /opt/airflow/dags/file_etl_dag.py
[2026-04-27T08:49:41.706+0000] {processor.py:840} INFO - DAG(s) 'file_etl_pipeline' retrieved from /opt/airflow/dags/file_etl_dag.py
[2026-04-27T08:49:42.670+0000] {logging_mixin.py:188} INFO - [2026-04-27T08:49:42.668+0000] {dag.py:3089} INFO - Sync 1 DAGs
[2026-04-27T08:49:42.745+0000] {logging_mixin.py:188} INFO - [2026-04-27T08:49:42.745+0000] {dag.py:3947} INFO - Setting next_dagrun for file_etl_pipeline to 2026-04-27 00:00:00+00:00, run_after=2026-04-28 00:00:00+00:00
[2026-04-27T08:49:42.830+0000] {processor.py:183} INFO - Processing /opt/airflow/dags/file_etl_dag.py took 2.707 seconds
[2026-04-27T08:50:13.528+0000] {processor.py:161} INFO - Started process (PID=302) to work on /opt/airflow/dags/file_etl_dag.py
[2026-04-27T08:50:13.533+0000] {processor.py:830} INFO - Processing file /opt/airflow/dags/file_etl_dag.py for tasks to queue
[2026-04-27T08:50:13.538+0000] {logging_mixin.py:188} INFO - [2026-04-27T08:50:13.536+0000] {dagbag.py:545} INFO - Filling up the DagBag from /opt/airflow/dags/file_etl_dag.py
[2026-04-27T08:50:15.049+0000] {processor.py:840} INFO - DAG(s) 'file_etl_pipeline' retrieved from /opt/airflow/dags/file_etl_dag.py
[2026-04-27T08:50:16.044+0000] {logging_mixin.py:188} INFO - [2026-04-27T08:50:16.042+0000] {dag.py:3089} INFO - Sync 1 DAGs
[2026-04-27T08:50:16.116+0000] {logging_mixin.py:188} INFO - [2026-04-27T08:50:16.116+0000] {dag.py:3947} INFO - Setting next_dagrun for file_etl_pipeline to 2026-04-27 00:00:00+00:00, run_after=2026-04-28 00:00:00+00:00
[2026-04-27T08:50:16.193+0000] {processor.py:183} INFO - Processing /opt/airflow/dags/file_etl_dag.py took 2.703 seconds
[2026-04-27T08:50:47.062+0000] {processor.py:161} INFO - Started process (PID=308) to work on /opt/airflow/dags/file_etl_dag.py
[2026-04-27T08:50:47.065+0000] {processor.py:830} INFO - Processing file /opt/airflow/dags/file_etl_dag.py for tasks to queue
[2026-04-27T08:50:47.069+0000] {logging_mixin.py:188} INFO - [2026-04-27T08:50:47.067+0000] {dagbag.py:545} INFO - Filling up the DagBag from /opt/airflow/dags/file_etl_dag.py
[2026-04-27T08:50:48.873+0000] {processor.py:840} INFO - DAG(s) 'file_etl_pipeline' retrieved from /opt/airflow/dags/file_etl_dag.py
[2026-04-27T08:50:48.929+0000] {logging_mixin.py:188} INFO - [2026-04-27T08:50:48.928+0000] {dag.py:3089} INFO - Sync 1 DAGs
[2026-04-27T08:50:49.022+0000] {logging_mixin.py:188} INFO - [2026-04-27T08:50:49.021+0000] {dag.py:3947} INFO - Setting next_dagrun for file_etl_pipeline to 2026-04-27 00:00:00+00:00, run_after=2026-04-28 00:00:00+00:00
[2026-04-27T08:50:49.103+0000] {processor.py:183} INFO - Processing /opt/airflow/dags/file_etl_dag.py took 2.073 seconds
[2026-04-27T08:51:19.719+0000] {processor.py:161} INFO - Started process (PID=314) to work on /opt/airflow/dags/file_etl_dag.py
[2026-04-27T08:51:19.723+0000] {processor.py:830} INFO - Processing file /opt/airflow/dags/file_etl_dag.py for tasks to queue
[2026-04-27T08:51:19.727+0000] {logging_mixin.py:188} INFO - [2026-04-27T08:51:19.726+0000] {dagbag.py:545} INFO - Filling up the DagBag from /opt/airflow/dags/file_etl_dag.py
[2026-04-27T08:51:21.154+0000] {processor.py:840} INFO - DAG(s) 'file_etl_pipeline' retrieved from /opt/airflow/dags/file_etl_dag.py
[2026-04-27T08:51:21.217+0000] {logging_mixin.py:188} INFO - [2026-04-27T08:51:21.216+0000] {dag.py:3089} INFO - Sync 1 DAGs
[2026-04-27T08:51:21.311+0000] {logging_mixin.py:188} INFO - [2026-04-27T08:51:21.310+0000] {dag.py:3947} INFO - Setting next_dagrun for file_etl_pipeline to 2026-04-27 00:00:00+00:00, run_after=2026-04-28 00:00:00+00:00
[2026-04-27T08:51:21.399+0000] {processor.py:183} INFO - Processing /opt/airflow/dags/file_etl_dag.py took 1.704 seconds
[2026-04-27T08:51:52.099+0000] {processor.py:161} INFO - Started process (PID=320) to work on /opt/airflow/dags/file_etl_dag.py
[2026-04-27T08:51:52.101+0000] {processor.py:830} INFO - Processing file /opt/airflow/dags/file_etl_dag.py for tasks to queue
[2026-04-27T08:51:52.105+0000] {logging_mixin.py:188} INFO - [2026-04-27T08:51:52.104+0000] {dagbag.py:545} INFO - Filling up the DagBag from /opt/airflow/dags/file_etl_dag.py
[2026-04-27T08:51:53.636+0000] {processor.py:840} INFO - DAG(s) 'file_etl_pipeline' retrieved from /opt/airflow/dags/file_etl_dag.py
[2026-04-27T08:51:53.719+0000] {logging_mixin.py:188} INFO - [2026-04-27T08:51:53.717+0000] {dag.py:3089} INFO - Sync 1 DAGs
[2026-04-27T08:51:53.865+0000] {logging_mixin.py:188} INFO - [2026-04-27T08:51:53.864+0000] {dag.py:3947} INFO - Setting next_dagrun for file_etl_pipeline to 2026-04-27 00:00:00+00:00, run_after=2026-04-28 00:00:00+00:00
[2026-04-27T08:51:53.970+0000] {processor.py:183} INFO - Processing /opt/airflow/dags/file_etl_dag.py took 1.891 seconds
[2026-04-27T08:52:24.649+0000] {processor.py:161} INFO - Started process (PID=326) to work on /opt/airflow/dags/file_etl_dag.py
[2026-04-27T08:52:24.652+0000] {processor.py:830} INFO - Processing file /opt/airflow/dags/file_etl_dag.py for tasks to queue
[2026-04-27T08:52:24.655+0000] {logging_mixin.py:188} INFO - [2026-04-27T08:52:24.654+0000] {dagbag.py:545} INFO - Filling up the DagBag from /opt/airflow/dags/file_etl_dag.py
[2026-04-27T08:52:25.851+0000] {processor.py:840} INFO - DAG(s) 'file_etl_pipeline' retrieved from /opt/airflow/dags/file_etl_dag.py
[2026-04-27T08:52:25.913+0000] {logging_mixin.py:188} INFO - [2026-04-27T08:52:25.911+0000] {dag.py:3089} INFO - Sync 1 DAGs
[2026-04-27T08:52:26.037+0000] {logging_mixin.py:188} INFO - [2026-04-27T08:52:26.036+0000] {dag.py:3947} INFO - Setting next_dagrun for file_etl_pipeline to 2026-04-27 00:00:00+00:00, run_after=2026-04-28 00:00:00+00:00
[2026-04-27T08:52:26.133+0000] {processor.py:183} INFO - Processing /opt/airflow/dags/file_etl_dag.py took 1.499 seconds
[2026-04-27T08:52:56.826+0000] {processor.py:161} INFO - Started process (PID=332) to work on /opt/airflow/dags/file_etl_dag.py
[2026-04-27T08:52:56.829+0000] {processor.py:830} INFO - Processing file /opt/airflow/dags/file_etl_dag.py for tasks to queue
[2026-04-27T08:52:56.833+0000] {logging_mixin.py:188} INFO - [2026-04-27T08:52:56.832+0000] {dagbag.py:545} INFO - Filling up the DagBag from /opt/airflow/dags/file_etl_dag.py
[2026-04-27T08:52:58.850+0000] {processor.py:840} INFO - DAG(s) 'file_etl_pipeline' retrieved from /opt/airflow/dags/file_etl_dag.py
[2026-04-27T08:52:58.909+0000] {logging_mixin.py:188} INFO - [2026-04-27T08:52:58.908+0000] {dag.py:3089} INFO - Sync 1 DAGs
[2026-04-27T08:52:59.016+0000] {logging_mixin.py:188} INFO - [2026-04-27T08:52:59.014+0000] {dag.py:3947} INFO - Setting next_dagrun for file_etl_pipeline to 2026-04-27 00:00:00+00:00, run_after=2026-04-28 00:00:00+00:00
[2026-04-27T08:52:59.114+0000] {processor.py:183} INFO - Processing /opt/airflow/dags/file_etl_dag.py took 2.304 seconds
[2026-04-27T08:53:29.979+0000] {processor.py:161} INFO - Started process (PID=338) to work on /opt/airflow/dags/file_etl_dag.py
[2026-04-27T08:53:29.984+0000] {processor.py:830} INFO - Processing file /opt/airflow/dags/file_etl_dag.py for tasks to queue
[2026-04-27T08:53:29.989+0000] {logging_mixin.py:188} INFO - [2026-04-27T08:53:29.987+0000] {dagbag.py:545} INFO - Filling up the DagBag from /opt/airflow/dags/file_etl_dag.py
[2026-04-27T08:53:31.461+0000] {processor.py:840} INFO - DAG(s) 'file_etl_pipeline' retrieved from /opt/airflow/dags/file_etl_dag.py
[2026-04-27T08:53:31.527+0000] {logging_mixin.py:188} INFO - [2026-04-27T08:53:31.525+0000] {dag.py:3089} INFO - Sync 1 DAGs
[2026-04-27T08:53:31.638+0000] {logging_mixin.py:188} INFO - [2026-04-27T08:53:31.637+0000] {dag.py:3947} INFO - Setting next_dagrun for file_etl_pipeline to 2026-04-27 00:00:00+00:00, run_after=2026-04-28 00:00:00+00:00
[2026-04-27T08:53:31.747+0000] {processor.py:183} INFO - Processing /opt/airflow/dags/file_etl_dag.py took 1.798 seconds
[2026-04-27T08:54:02.606+0000] {processor.py:161} INFO - Started process (PID=344) to work on /opt/airflow/dags/file_etl_dag.py
[2026-04-27T08:54:02.610+0000] {processor.py:830} INFO - Processing file /opt/airflow/dags/file_etl_dag.py for tasks to queue
[2026-04-27T08:54:02.615+0000] {logging_mixin.py:188} INFO - [2026-04-27T08:54:02.614+0000] {dagbag.py:545} INFO - Filling up the DagBag from /opt/airflow/dags/file_etl_dag.py
[2026-04-27T08:54:03.952+0000] {processor.py:840} INFO - DAG(s) 'file_etl_pipeline' retrieved from /opt/airflow/dags/file_etl_dag.py
[2026-04-27T08:54:04.876+0000] {logging_mixin.py:188} INFO - [2026-04-27T08:54:04.874+0000] {dag.py:3089} INFO - Sync 1 DAGs
[2026-04-27T08:54:04.975+0000] {logging_mixin.py:188} INFO - [2026-04-27T08:54:04.974+0000] {dag.py:3947} INFO - Setting next_dagrun for file_etl_pipeline to 2026-04-27 00:00:00+00:00, run_after=2026-04-28 00:00:00+00:00
[2026-04-27T08:54:05.109+0000] {processor.py:183} INFO - Processing /opt/airflow/dags/file_etl_dag.py took 2.528 seconds
[2026-04-27T08:54:35.800+0000] {processor.py:161} INFO - Started process (PID=350) to work on /opt/airflow/dags/file_etl_dag.py
[2026-04-27T08:54:35.803+0000] {processor.py:830} INFO - Processing file /opt/airflow/dags/file_etl_dag.py for tasks to queue
[2026-04-27T08:54:35.808+0000] {logging_mixin.py:188} INFO - [2026-04-27T08:54:35.806+0000] {dagbag.py:545} INFO - Filling up the DagBag from /opt/airflow/dags/file_etl_dag.py
[2026-04-27T08:54:37.055+0000] {processor.py:840} INFO - DAG(s) 'file_etl_pipeline' retrieved from /opt/airflow/dags/file_etl_dag.py
[2026-04-27T08:54:37.118+0000] {logging_mixin.py:188} INFO - [2026-04-27T08:54:37.116+0000] {dag.py:3089} INFO - Sync 1 DAGs
[2026-04-27T08:54:37.207+0000] {logging_mixin.py:188} INFO - [2026-04-27T08:54:37.207+0000] {dag.py:3947} INFO - Setting next_dagrun for file_etl_pipeline to 2026-04-27 00:00:00+00:00, run_after=2026-04-28 00:00:00+00:00
[2026-04-27T08:54:37.290+0000] {processor.py:183} INFO - Processing /opt/airflow/dags/file_etl_dag.py took 1.508 seconds
[2026-04-27T08:55:07.876+0000] {processor.py:161} INFO - Started process (PID=356) to work on /opt/airflow/dags/file_etl_dag.py
[2026-04-27T08:55:07.879+0000] {processor.py:830} INFO - Processing file /opt/airflow/dags/file_etl_dag.py for tasks to queue
[2026-04-27T08:55:07.883+0000] {logging_mixin.py:188} INFO - [2026-04-27T08:55:07.882+0000] {dagbag.py:545} INFO - Filling up the DagBag from /opt/airflow/dags/file_etl_dag.py
[2026-04-27T08:55:09.411+0000] {processor.py:840} INFO - DAG(s) 'file_etl_pipeline' retrieved from /opt/airflow/dags/file_etl_dag.py
[2026-04-27T08:55:09.465+0000] {logging_mixin.py:188} INFO - [2026-04-27T08:55:09.463+0000] {dag.py:3089} INFO - Sync 1 DAGs
[2026-04-27T08:55:09.574+0000] {logging_mixin.py:188} INFO - [2026-04-27T08:55:09.573+0000] {dag.py:3947} INFO - Setting next_dagrun for file_etl_pipeline to 2026-04-27 00:00:00+00:00, run_after=2026-04-28 00:00:00+00:00
[2026-04-27T08:55:09.678+0000] {processor.py:183} INFO - Processing /opt/airflow/dags/file_etl_dag.py took 1.822 seconds
[2026-04-27T08:55:40.361+0000] {processor.py:161} INFO - Started process (PID=362) to work on /opt/airflow/dags/file_etl_dag.py
[2026-04-27T08:55:40.365+0000] {processor.py:830} INFO - Processing file /opt/airflow/dags/file_etl_dag.py for tasks to queue
[2026-04-27T08:55:40.377+0000] {logging_mixin.py:188} INFO - [2026-04-27T08:55:40.375+0000] {dagbag.py:545} INFO - Filling up the DagBag from /opt/airflow/dags/file_etl_dag.py
[2026-04-27T08:55:41.711+0000] {processor.py:840} INFO - DAG(s) 'file_etl_pipeline' retrieved from /opt/airflow/dags/file_etl_dag.py
[2026-04-27T08:55:41.783+0000] {logging_mixin.py:188} INFO - [2026-04-27T08:55:41.781+0000] {dag.py:3089} INFO - Sync 1 DAGs
[2026-04-27T08:55:41.878+0000] {logging_mixin.py:188} INFO - [2026-04-27T08:55:41.877+0000] {dag.py:3947} INFO - Setting next_dagrun for file_etl_pipeline to 2026-04-27 00:00:00+00:00, run_after=2026-04-28 00:00:00+00:00
[2026-04-27T08:55:41.950+0000] {processor.py:183} INFO - Processing /opt/airflow/dags/file_etl_dag.py took 1.614 seconds
[2026-04-27T08:56:12.182+0000] {processor.py:161} INFO - Started process (PID=368) to work on /opt/airflow/dags/file_etl_dag.py
[2026-04-27T08:56:12.185+0000] {processor.py:830} INFO - Processing file /opt/airflow/dags/file_etl_dag.py for tasks to queue
[2026-04-27T08:56:12.189+0000] {logging_mixin.py:188} INFO - [2026-04-27T08:56:12.188+0000] {dagbag.py:545} INFO - Filling up the DagBag from /opt/airflow/dags/file_etl_dag.py
[2026-04-27T08:56:13.242+0000] {processor.py:840} INFO - DAG(s) 'file_etl_pipeline' retrieved from /opt/airflow/dags/file_etl_dag.py
[2026-04-27T08:56:13.301+0000] {logging_mixin.py:188} INFO - [2026-04-27T08:56:13.300+0000] {dag.py:3089} INFO - Sync 1 DAGs
[2026-04-27T08:56:13.388+0000] {logging_mixin.py:188} INFO - [2026-04-27T08:56:13.388+0000] {dag.py:3947} INFO - Setting next_dagrun for file_etl_pipeline to 2026-04-27 00:00:00+00:00, run_after=2026-04-28 00:00:00+00:00
[2026-04-27T08:56:13.492+0000] {processor.py:183} INFO - Processing /opt/airflow/dags/file_etl_dag.py took 1.333 seconds
[2026-04-27T08:56:44.150+0000] {processor.py:161} INFO - Started process (PID=374) to work on /opt/airflow/dags/file_etl_dag.py
[2026-04-27T08:56:44.154+0000] {processor.py:830} INFO - Processing file /opt/airflow/dags/file_etl_dag.py for tasks to queue
[2026-04-27T08:56:44.159+0000] {logging_mixin.py:188} INFO - [2026-04-27T08:56:44.157+0000] {dagbag.py:545} INFO - Filling up the DagBag from /opt/airflow/dags/file_etl_dag.py
[2026-04-27T08:56:45.534+0000] {processor.py:840} INFO - DAG(s) 'file_etl_pipeline' retrieved from /opt/airflow/dags/file_etl_dag.py
[2026-04-27T08:56:45.604+0000] {logging_mixin.py:188} INFO - [2026-04-27T08:56:45.601+0000] {dag.py:3089} INFO - Sync 1 DAGs
[2026-04-27T08:56:45.693+0000] {logging_mixin.py:188} INFO - [2026-04-27T08:56:45.693+0000] {dag.py:3947} INFO - Setting next_dagrun for file_etl_pipeline to 2026-04-27 00:00:00+00:00, run_after=2026-04-28 00:00:00+00:00
[2026-04-27T08:56:45.765+0000] {processor.py:183} INFO - Processing /opt/airflow/dags/file_etl_dag.py took 1.642 seconds
[2026-04-27T08:57:15.985+0000] {processor.py:161} INFO - Started process (PID=380) to work on /opt/airflow/dags/file_etl_dag.py
[2026-04-27T08:57:15.989+0000] {processor.py:830} INFO - Processing file /opt/airflow/dags/file_etl_dag.py for tasks to queue
[2026-04-27T08:57:15.994+0000] {logging_mixin.py:188} INFO - [2026-04-27T08:57:15.992+0000] {dagbag.py:545} INFO - Filling up the DagBag from /opt/airflow/dags/file_etl_dag.py
[2026-04-27T08:57:17.594+0000] {processor.py:840} INFO - DAG(s) 'file_etl_pipeline' retrieved from /opt/airflow/dags/file_etl_dag.py
[2026-04-27T08:57:17.651+0000] {logging_mixin.py:188} INFO - [2026-04-27T08:57:17.649+0000] {dag.py:3089} INFO - Sync 1 DAGs
[2026-04-27T08:57:17.736+0000] {logging_mixin.py:188} INFO - [2026-04-27T08:57:17.736+0000] {dag.py:3947} INFO - Setting next_dagrun for file_etl_pipeline to 2026-04-27 00:00:00+00:00, run_after=2026-04-28 00:00:00+00:00
[2026-04-27T08:57:17.821+0000] {processor.py:183} INFO - Processing /opt/airflow/dags/file_etl_dag.py took 1.858 seconds
[2026-04-27T08:57:48.059+0000] {processor.py:161} INFO - Started process (PID=386) to work on /opt/airflow/dags/file_etl_dag.py
[2026-04-27T08:57:48.062+0000] {processor.py:830} INFO - Processing file /opt/airflow/dags/file_etl_dag.py for tasks to queue
[2026-04-27T08:57:48.067+0000] {logging_mixin.py:188} INFO - [2026-04-27T08:57:48.065+0000] {dagbag.py:545} INFO - Filling up the DagBag from /opt/airflow/dags/file_etl_dag.py
[2026-04-27T08:57:49.748+0000] {processor.py:840} INFO - DAG(s) 'file_etl_pipeline' retrieved from /opt/airflow/dags/file_etl_dag.py
[2026-04-27T08:57:49.800+0000] {logging_mixin.py:188} INFO - [2026-04-27T08:57:49.799+0000] {dag.py:3089} INFO - Sync 1 DAGs
[2026-04-27T08:57:49.880+0000] {logging_mixin.py:188} INFO - [2026-04-27T08:57:49.879+0000] {dag.py:3947} INFO - Setting next_dagrun for file_etl_pipeline to 2026-04-27 00:00:00+00:00, run_after=2026-04-28 00:00:00+00:00
[2026-04-27T08:57:50.376+0000] {processor.py:183} INFO - Processing /opt/airflow/dags/file_etl_dag.py took 2.340 seconds
[2026-04-27T08:58:20.884+0000] {processor.py:161} INFO - Started process (PID=392) to work on /opt/airflow/dags/file_etl_dag.py
[2026-04-27T08:58:20.889+0000] {processor.py:830} INFO - Processing file /opt/airflow/dags/file_etl_dag.py for tasks to queue
[2026-04-27T08:58:20.893+0000] {logging_mixin.py:188} INFO - [2026-04-27T08:58:20.892+0000] {dagbag.py:545} INFO - Filling up the DagBag from /opt/airflow/dags/file_etl_dag.py
[2026-04-27T08:58:22.176+0000] {processor.py:840} INFO - DAG(s) 'file_etl_pipeline' retrieved from /opt/airflow/dags/file_etl_dag.py
[2026-04-27T08:58:22.246+0000] {logging_mixin.py:188} INFO - [2026-04-27T08:58:22.244+0000] {dag.py:3089} INFO - Sync 1 DAGs
[2026-04-27T08:58:22.343+0000] {logging_mixin.py:188} INFO - [2026-04-27T08:58:22.343+0000] {dag.py:3947} INFO - Setting next_dagrun for file_etl_pipeline to 2026-04-27 00:00:00+00:00, run_after=2026-04-28 00:00:00+00:00
[2026-04-27T08:58:22.448+0000] {processor.py:183} INFO - Processing /opt/airflow/dags/file_etl_dag.py took 1.581 seconds
[2026-04-27T08:58:53.091+0000] {processor.py:161} INFO - Started process (PID=398) to work on /opt/airflow/dags/file_etl_dag.py
[2026-04-27T08:58:53.094+0000] {processor.py:830} INFO - Processing file /opt/airflow/dags/file_etl_dag.py for tasks to queue
[2026-04-27T08:58:53.098+0000] {logging_mixin.py:188} INFO - [2026-04-27T08:58:53.096+0000] {dagbag.py:545} INFO - Filling up the DagBag from /opt/airflow/dags/file_etl_dag.py
[2026-04-27T08:58:54.373+0000] {processor.py:840} INFO - DAG(s) 'file_etl_pipeline' retrieved from /opt/airflow/dags/file_etl_dag.py
[2026-04-27T08:58:54.440+0000] {logging_mixin.py:188} INFO - [2026-04-27T08:58:54.438+0000] {dag.py:3089} INFO - Sync 1 DAGs
[2026-04-27T08:58:54.582+0000] {logging_mixin.py:188} INFO - [2026-04-27T08:58:54.581+0000] {dag.py:3947} INFO - Setting next_dagrun for file_etl_pipeline to 2026-04-27 00:00:00+00:00, run_after=2026-04-28 00:00:00+00:00
[2026-04-27T08:58:54.655+0000] {processor.py:183} INFO - Processing /opt/airflow/dags/file_etl_dag.py took 1.583 seconds
[2026-04-27T08:59:24.937+0000] {processor.py:161} INFO - Started process (PID=404) to work on /opt/airflow/dags/file_etl_dag.py
[2026-04-27T08:59:24.940+0000] {processor.py:830} INFO - Processing file /opt/airflow/dags/file_etl_dag.py for tasks to queue
[2026-04-27T08:59:24.943+0000] {logging_mixin.py:188} INFO - [2026-04-27T08:59:24.942+0000] {dagbag.py:545} INFO - Filling up the DagBag from /opt/airflow/dags/file_etl_dag.py
[2026-04-27T08:59:26.034+0000] {processor.py:840} INFO - DAG(s) 'file_etl_pipeline' retrieved from /opt/airflow/dags/file_etl_dag.py
[2026-04-27T08:59:26.090+0000] {logging_mixin.py:188} INFO - [2026-04-27T08:59:26.088+0000] {dag.py:3089} INFO - Sync 1 DAGs
[2026-04-27T08:59:26.197+0000] {logging_mixin.py:188} INFO - [2026-04-27T08:59:26.197+0000] {dag.py:3947} INFO - Setting next_dagrun for file_etl_pipeline to 2026-04-27 00:00:00+00:00, run_after=2026-04-28 00:00:00+00:00
[2026-04-27T08:59:26.274+0000] {processor.py:183} INFO - Processing /opt/airflow/dags/file_etl_dag.py took 1.360 seconds
[2026-04-27T08:59:57.527+0000] {processor.py:161} INFO - Started process (PID=410) to work on /opt/airflow/dags/file_etl_dag.py
[2026-04-27T08:59:57.533+0000] {processor.py:830} INFO - Processing file /opt/airflow/dags/file_etl_dag.py for tasks to queue
[2026-04-27T08:59:57.539+0000] {logging_mixin.py:188} INFO - [2026-04-27T08:59:57.537+0000] {dagbag.py:545} INFO - Filling up the DagBag from /opt/airflow/dags/file_etl_dag.py
[2026-04-27T08:59:59.786+0000] {processor.py:840} INFO - DAG(s) 'file_etl_pipeline' retrieved from /opt/airflow/dags/file_etl_dag.py
[2026-04-27T08:59:59.966+0000] {logging_mixin.py:188} INFO - [2026-04-27T08:59:59.964+0000] {dag.py:3089} INFO - Sync 1 DAGs
[2026-04-27T09:00:00.367+0000] {logging_mixin.py:188} INFO - [2026-04-27T09:00:00.365+0000] {dag.py:3947} INFO - Setting next_dagrun for file_etl_pipeline to 2026-04-27 00:00:00+00:00, run_after=2026-04-28 00:00:00+00:00
[2026-04-27T09:00:00.533+0000] {processor.py:183} INFO - Processing /opt/airflow/dags/file_etl_dag.py took 3.047 seconds
[2026-04-27T09:00:31.296+0000] {processor.py:161} INFO - Started process (PID=416) to work on /opt/airflow/dags/file_etl_dag.py
[2026-04-27T09:00:31.299+0000] {processor.py:830} INFO - Processing file /opt/airflow/dags/file_etl_dag.py for tasks to queue
[2026-04-27T09:00:31.302+0000] {logging_mixin.py:188} INFO - [2026-04-27T09:00:31.301+0000] {dagbag.py:545} INFO - Filling up the DagBag from /opt/airflow/dags/file_etl_dag.py
[2026-04-27T09:00:32.807+0000] {processor.py:840} INFO - DAG(s) 'file_etl_pipeline' retrieved from /opt/airflow/dags/file_etl_dag.py
[2026-04-27T09:00:32.869+0000] {logging_mixin.py:188} INFO - [2026-04-27T09:00:32.868+0000] {dag.py:3089} INFO - Sync 1 DAGs
[2026-04-27T09:00:32.971+0000] {logging_mixin.py:188} INFO - [2026-04-27T09:00:32.970+0000] {dag.py:3947} INFO - Setting next_dagrun for file_etl_pipeline to 2026-04-27 00:00:00+00:00, run_after=2026-04-28 00:00:00+00:00
[2026-04-27T09:00:33.088+0000] {processor.py:183} INFO - Processing /opt/airflow/dags/file_etl_dag.py took 1.811 seconds
[2026-04-27T09:01:03.744+0000] {processor.py:161} INFO - Started process (PID=422) to work on /opt/airflow/dags/file_etl_dag.py
[2026-04-27T09:01:03.752+0000] {processor.py:830} INFO - Processing file /opt/airflow/dags/file_etl_dag.py for tasks to queue
[2026-04-27T09:01:03.762+0000] {logging_mixin.py:188} INFO - [2026-04-27T09:01:03.760+0000] {dagbag.py:545} INFO - Filling up the DagBag from /opt/airflow/dags/file_etl_dag.py
[2026-04-27T09:01:05.126+0000] {processor.py:840} INFO - DAG(s) 'file_etl_pipeline' retrieved from /opt/airflow/dags/file_etl_dag.py
[2026-04-27T09:01:05.214+0000] {logging_mixin.py:188} INFO - [2026-04-27T09:01:05.212+0000] {dag.py:3089} INFO - Sync 1 DAGs
[2026-04-27T09:01:05.366+0000] {logging_mixin.py:188} INFO - [2026-04-27T09:01:05.365+0000] {dag.py:3947} INFO - Setting next_dagrun for file_etl_pipeline to 2026-04-27 00:00:00+00:00, run_after=2026-04-28 00:00:00+00:00
[2026-04-27T09:01:05.966+0000] {processor.py:183} INFO - Processing /opt/airflow/dags/file_etl_dag.py took 2.242 seconds
[2026-04-27T09:01:36.409+0000] {processor.py:161} INFO - Started process (PID=428) to work on /opt/airflow/dags/file_etl_dag.py
[2026-04-27T09:01:36.412+0000] {processor.py:830} INFO - Processing file /opt/airflow/dags/file_etl_dag.py for tasks to queue
[2026-04-27T09:01:36.418+0000] {logging_mixin.py:188} INFO - [2026-04-27T09:01:36.415+0000] {dagbag.py:545} INFO - Filling up the DagBag from /opt/airflow/dags/file_etl_dag.py
[2026-04-27T09:01:38.141+0000] {processor.py:840} INFO - DAG(s) 'file_etl_pipeline' retrieved from /opt/airflow/dags/file_etl_dag.py
[2026-04-27T09:01:38.223+0000] {logging_mixin.py:188} INFO - [2026-04-27T09:01:38.221+0000] {dag.py:3089} INFO - Sync 1 DAGs
[2026-04-27T09:01:38.386+0000] {logging_mixin.py:188} INFO - [2026-04-27T09:01:38.385+0000] {dag.py:3947} INFO - Setting next_dagrun for file_etl_pipeline to 2026-04-27 00:00:00+00:00, run_after=2026-04-28 00:00:00+00:00
[2026-04-27T09:01:38.528+0000] {processor.py:183} INFO - Processing /opt/airflow/dags/file_etl_dag.py took 2.145 seconds
[2026-04-27T09:02:09.211+0000] {processor.py:161} INFO - Started process (PID=434) to work on /opt/airflow/dags/file_etl_dag.py
[2026-04-27T09:02:09.216+0000] {processor.py:830} INFO - Processing file /opt/airflow/dags/file_etl_dag.py for tasks to queue
[2026-04-27T09:02:09.222+0000] {logging_mixin.py:188} INFO - [2026-04-27T09:02:09.220+0000] {dagbag.py:545} INFO - Filling up the DagBag from /opt/airflow/dags/file_etl_dag.py
[2026-04-27T09:02:10.639+0000] {processor.py:840} INFO - DAG(s) 'file_etl_pipeline' retrieved from /opt/airflow/dags/file_etl_dag.py
[2026-04-27T09:02:10.749+0000] {logging_mixin.py:188} INFO - [2026-04-27T09:02:10.746+0000] {dag.py:3089} INFO - Sync 1 DAGs
[2026-04-27T09:02:10.875+0000] {logging_mixin.py:188} INFO - [2026-04-27T09:02:10.874+0000] {dag.py:3947} INFO - Setting next_dagrun for file_etl_pipeline to 2026-04-27 00:00:00+00:00, run_after=2026-04-28 00:00:00+00:00
[2026-04-27T09:02:10.969+0000] {processor.py:183} INFO - Processing /opt/airflow/dags/file_etl_dag.py took 1.786 seconds
[2026-04-27T09:02:41.677+0000] {processor.py:161} INFO - Started process (PID=440) to work on /opt/airflow/dags/file_etl_dag.py
[2026-04-27T09:02:41.680+0000] {processor.py:830} INFO - Processing file /opt/airflow/dags/file_etl_dag.py for tasks to queue
[2026-04-27T09:02:41.684+0000] {logging_mixin.py:188} INFO - [2026-04-27T09:02:41.683+0000] {dagbag.py:545} INFO - Filling up the DagBag from /opt/airflow/dags/file_etl_dag.py
[2026-04-27T09:02:42.919+0000] {processor.py:840} INFO - DAG(s) 'file_etl_pipeline' retrieved from /opt/airflow/dags/file_etl_dag.py
[2026-04-27T09:02:42.994+0000] {logging_mixin.py:188} INFO - [2026-04-27T09:02:42.992+0000] {dag.py:3089} INFO - Sync 1 DAGs
[2026-04-27T09:02:43.114+0000] {logging_mixin.py:188} INFO - [2026-04-27T09:02:43.113+0000] {dag.py:3947} INFO - Setting next_dagrun for file_etl_pipeline to 2026-04-27 00:00:00+00:00, run_after=2026-04-28 00:00:00+00:00
[2026-04-27T09:02:43.207+0000] {processor.py:183} INFO - Processing /opt/airflow/dags/file_etl_dag.py took 1.556 seconds
[2026-04-27T09:03:13.858+0000] {processor.py:161} INFO - Started process (PID=446) to work on /opt/airflow/dags/file_etl_dag.py
[2026-04-27T09:03:13.861+0000] {processor.py:830} INFO - Processing file /opt/airflow/dags/file_etl_dag.py for tasks to queue
[2026-04-27T09:03:13.865+0000] {logging_mixin.py:188} INFO - [2026-04-27T09:03:13.863+0000] {dagbag.py:545} INFO - Filling up the DagBag from /opt/airflow/dags/file_etl_dag.py
[2026-04-27T09:03:15.174+0000] {processor.py:840} INFO - DAG(s) 'file_etl_pipeline' retrieved from /opt/airflow/dags/file_etl_dag.py
[2026-04-27T09:03:15.245+0000] {logging_mixin.py:188} INFO - [2026-04-27T09:03:15.243+0000] {dag.py:3089} INFO - Sync 1 DAGs
[2026-04-27T09:03:15.370+0000] {logging_mixin.py:188} INFO - [2026-04-27T09:03:15.369+0000] {dag.py:3947} INFO - Setting next_dagrun for file_etl_pipeline to 2026-04-27 00:00:00+00:00, run_after=2026-04-28 00:00:00+00:00
[2026-04-27T09:03:15.476+0000] {processor.py:183} INFO - Processing /opt/airflow/dags/file_etl_dag.py took 1.635 seconds
[2026-04-27T09:03:46.153+0000] {processor.py:161} INFO - Started process (PID=452) to work on /opt/airflow/dags/file_etl_dag.py
[2026-04-27T09:03:46.157+0000] {processor.py:830} INFO - Processing file /opt/airflow/dags/file_etl_dag.py for tasks to queue
[2026-04-27T09:03:46.161+0000] {logging_mixin.py:188} INFO - [2026-04-27T09:03:46.160+0000] {dagbag.py:545} INFO - Filling up the DagBag from /opt/airflow/dags/file_etl_dag.py
[2026-04-27T09:03:47.414+0000] {processor.py:840} INFO - DAG(s) 'file_etl_pipeline' retrieved from /opt/airflow/dags/file_etl_dag.py
[2026-04-27T09:03:47.530+0000] {logging_mixin.py:188} INFO - [2026-04-27T09:03:47.528+0000] {dag.py:3089} INFO - Sync 1 DAGs
[2026-04-27T09:03:47.711+0000] {logging_mixin.py:188} INFO - [2026-04-27T09:03:47.710+0000] {dag.py:3947} INFO - Setting next_dagrun for file_etl_pipeline to 2026-04-27 00:00:00+00:00, run_after=2026-04-28 00:00:00+00:00
[2026-04-27T09:03:47.819+0000] {processor.py:183} INFO - Processing /opt/airflow/dags/file_etl_dag.py took 1.682 seconds
[2026-04-27T09:04:19.198+0000] {processor.py:161} INFO - Started process (PID=458) to work on /opt/airflow/dags/file_etl_dag.py
[2026-04-27T09:04:19.204+0000] {processor.py:830} INFO - Processing file /opt/airflow/dags/file_etl_dag.py for tasks to queue
[2026-04-27T09:04:19.219+0000] {logging_mixin.py:188} INFO - [2026-04-27T09:04:19.217+0000] {dagbag.py:545} INFO - Filling up the DagBag from /opt/airflow/dags/file_etl_dag.py
[2026-04-27T09:04:21.305+0000] {processor.py:840} INFO - DAG(s) 'file_etl_pipeline' retrieved from /opt/airflow/dags/file_etl_dag.py
[2026-04-27T09:04:21.777+0000] {logging_mixin.py:188} INFO - [2026-04-27T09:04:21.775+0000] {dag.py:3089} INFO - Sync 1 DAGs
[2026-04-27T09:04:22.355+0000] {logging_mixin.py:188} INFO - [2026-04-27T09:04:22.354+0000] {dag.py:3947} INFO - Setting next_dagrun for file_etl_pipeline to 2026-04-27 00:00:00+00:00, run_after=2026-04-28 00:00:00+00:00
[2026-04-27T09:04:22.475+0000] {processor.py:183} INFO - Processing /opt/airflow/dags/file_etl_dag.py took 3.352 seconds
[2026-04-27T09:04:53.186+0000] {processor.py:161} INFO - Started process (PID=464) to work on /opt/airflow/dags/file_etl_dag.py
[2026-04-27T09:04:53.189+0000] {processor.py:830} INFO - Processing file /opt/airflow/dags/file_etl_dag.py for tasks to queue
[2026-04-27T09:04:53.193+0000] {logging_mixin.py:188} INFO - [2026-04-27T09:04:53.192+0000] {dagbag.py:545} INFO - Filling up the DagBag from /opt/airflow/dags/file_etl_dag.py
[2026-04-27T09:04:54.526+0000] {processor.py:840} INFO - DAG(s) 'file_etl_pipeline' retrieved from /opt/airflow/dags/file_etl_dag.py
[2026-04-27T09:04:54.598+0000] {logging_mixin.py:188} INFO - [2026-04-27T09:04:54.596+0000] {dag.py:3089} INFO - Sync 1 DAGs
[2026-04-27T09:04:54.696+0000] {logging_mixin.py:188} INFO - [2026-04-27T09:04:54.696+0000] {dag.py:3947} INFO - Setting next_dagrun for file_etl_pipeline to 2026-04-27 00:00:00+00:00, run_after=2026-04-28 00:00:00+00:00
[2026-04-27T09:04:54.783+0000] {processor.py:183} INFO - Processing /opt/airflow/dags/file_etl_dag.py took 1.615 seconds
[2026-04-27T09:05:25.084+0000] {processor.py:161} INFO - Started process (PID=470) to work on /opt/airflow/dags/file_etl_dag.py
[2026-04-27T09:05:25.087+0000] {processor.py:830} INFO - Processing file /opt/airflow/dags/file_etl_dag.py for tasks to queue
[2026-04-27T09:05:25.091+0000] {logging_mixin.py:188} INFO - [2026-04-27T09:05:25.090+0000] {dagbag.py:545} INFO - Filling up the DagBag from /opt/airflow/dags/file_etl_dag.py
[2026-04-27T09:05:26.725+0000] {processor.py:840} INFO - DAG(s) 'file_etl_pipeline' retrieved from /opt/airflow/dags/file_etl_dag.py
[2026-04-27T09:05:26.817+0000] {logging_mixin.py:188} INFO - [2026-04-27T09:05:26.815+0000] {dag.py:3089} INFO - Sync 1 DAGs
[2026-04-27T09:05:26.947+0000] {logging_mixin.py:188} INFO - [2026-04-27T09:05:26.946+0000] {dag.py:3947} INFO - Setting next_dagrun for file_etl_pipeline to 2026-04-27 00:00:00+00:00, run_after=2026-04-28 00:00:00+00:00
[2026-04-27T09:05:27.058+0000] {processor.py:183} INFO - Processing /opt/airflow/dags/file_etl_dag.py took 1.994 seconds
[2026-04-27T09:05:57.815+0000] {processor.py:161} INFO - Started process (PID=476) to work on /opt/airflow/dags/file_etl_dag.py
[2026-04-27T09:05:57.820+0000] {processor.py:830} INFO - Processing file /opt/airflow/dags/file_etl_dag.py for tasks to queue
[2026-04-27T09:05:57.830+0000] {logging_mixin.py:188} INFO - [2026-04-27T09:05:57.824+0000] {dagbag.py:545} INFO - Filling up the DagBag from /opt/airflow/dags/file_etl_dag.py
[2026-04-27T09:06:00.118+0000] {processor.py:840} INFO - DAG(s) 'file_etl_pipeline' retrieved from /opt/airflow/dags/file_etl_dag.py
[2026-04-27T09:06:00.225+0000] {logging_mixin.py:188} INFO - [2026-04-27T09:06:00.220+0000] {dag.py:3089} INFO - Sync 1 DAGs
[2026-04-27T09:06:00.401+0000] {logging_mixin.py:188} INFO - [2026-04-27T09:06:00.400+0000] {dag.py:3947} INFO - Setting next_dagrun for file_etl_pipeline to 2026-04-27 00:00:00+00:00, run_after=2026-04-28 00:00:00+00:00
[2026-04-27T09:06:00.509+0000] {processor.py:183} INFO - Processing /opt/airflow/dags/file_etl_dag.py took 2.741 seconds
[2026-04-27T09:06:31.517+0000] {processor.py:161} INFO - Started process (PID=482) to work on /opt/airflow/dags/file_etl_dag.py
[2026-04-27T09:06:31.522+0000] {processor.py:830} INFO - Processing file /opt/airflow/dags/file_etl_dag.py for tasks to queue
[2026-04-27T09:06:31.535+0000] {logging_mixin.py:188} INFO - [2026-04-27T09:06:31.533+0000] {dagbag.py:545} INFO - Filling up the DagBag from /opt/airflow/dags/file_etl_dag.py
[2026-04-27T09:06:34.024+0000] {processor.py:840} INFO - DAG(s) 'file_etl_pipeline' retrieved from /opt/airflow/dags/file_etl_dag.py
[2026-04-27T09:06:34.108+0000] {logging_mixin.py:188} INFO - [2026-04-27T09:06:34.105+0000] {dag.py:3089} INFO - Sync 1 DAGs
[2026-04-27T09:06:34.328+0000] {logging_mixin.py:188} INFO - [2026-04-27T09:06:34.327+0000] {dag.py:3947} INFO - Setting next_dagrun for file_etl_pipeline to 2026-04-27 00:00:00+00:00, run_after=2026-04-28 00:00:00+00:00
[2026-04-27T09:06:34.561+0000] {processor.py:183} INFO - Processing /opt/airflow/dags/file_etl_dag.py took 3.118 seconds
[2026-04-27T09:07:05.449+0000] {processor.py:161} INFO - Started process (PID=488) to work on /opt/airflow/dags/file_etl_dag.py
[2026-04-27T09:07:05.454+0000] {processor.py:830} INFO - Processing file /opt/airflow/dags/file_etl_dag.py for tasks to queue
[2026-04-27T09:07:05.459+0000] {logging_mixin.py:188} INFO - [2026-04-27T09:07:05.458+0000] {dagbag.py:545} INFO - Filling up the DagBag from /opt/airflow/dags/file_etl_dag.py
[2026-04-27T09:07:06.898+0000] {processor.py:840} INFO - DAG(s) 'file_etl_pipeline' retrieved from /opt/airflow/dags/file_etl_dag.py
[2026-04-27T09:07:06.963+0000] {logging_mixin.py:188} INFO - [2026-04-27T09:07:06.961+0000] {dag.py:3089} INFO - Sync 1 DAGs
[2026-04-27T09:07:07.083+0000] {logging_mixin.py:188} INFO - [2026-04-27T09:07:07.082+0000] {dag.py:3947} INFO - Setting next_dagrun for file_etl_pipeline to 2026-04-27 00:00:00+00:00, run_after=2026-04-28 00:00:00+00:00
[2026-04-27T09:07:07.668+0000] {processor.py:183} INFO - Processing /opt/airflow/dags/file_etl_dag.py took 2.255 seconds
[2026-04-27T09:07:38.315+0000] {processor.py:161} INFO - Started process (PID=494) to work on /opt/airflow/dags/file_etl_dag.py
[2026-04-27T09:07:38.322+0000] {processor.py:830} INFO - Processing file /opt/airflow/dags/file_etl_dag.py for tasks to queue
[2026-04-27T09:07:38.340+0000] {logging_mixin.py:188} INFO - [2026-04-27T09:07:38.335+0000] {dagbag.py:545} INFO - Filling up the DagBag from /opt/airflow/dags/file_etl_dag.py
[2026-04-27T09:07:42.528+0000] {processor.py:840} INFO - DAG(s) 'file_etl_pipeline' retrieved from /opt/airflow/dags/file_etl_dag.py
[2026-04-27T09:07:44.863+0000] {logging_mixin.py:188} INFO - [2026-04-27T09:07:44.861+0000] {dag.py:3089} INFO - Sync 1 DAGs
[2026-04-27T09:07:44.965+0000] {logging_mixin.py:188} INFO - [2026-04-27T09:07:44.964+0000] {dag.py:3947} INFO - Setting next_dagrun for file_etl_pipeline to 2026-04-27 00:00:00+00:00, run_after=2026-04-28 00:00:00+00:00
[2026-04-27T09:07:45.088+0000] {processor.py:183} INFO - Processing /opt/airflow/dags/file_etl_dag.py took 6.879 seconds
[2026-04-27T09:08:15.445+0000] {processor.py:161} INFO - Started process (PID=500) to work on /opt/airflow/dags/file_etl_dag.py
[2026-04-27T09:08:15.451+0000] {processor.py:830} INFO - Processing file /opt/airflow/dags/file_etl_dag.py for tasks to queue
[2026-04-27T09:08:15.457+0000] {logging_mixin.py:188} INFO - [2026-04-27T09:08:15.455+0000] {dagbag.py:545} INFO - Filling up the DagBag from /opt/airflow/dags/file_etl_dag.py
[2026-04-27T09:08:17.080+0000] {processor.py:840} INFO - DAG(s) 'file_etl_pipeline' retrieved from /opt/airflow/dags/file_etl_dag.py
[2026-04-27T09:08:17.202+0000] {logging_mixin.py:188} INFO - [2026-04-27T09:08:17.200+0000] {dag.py:3089} INFO - Sync 1 DAGs
[2026-04-27T09:08:17.300+0000] {logging_mixin.py:188} INFO - [2026-04-27T09:08:17.299+0000] {dag.py:3947} INFO - Setting next_dagrun for file_etl_pipeline to 2026-04-27 00:00:00+00:00, run_after=2026-04-28 00:00:00+00:00
[2026-04-27T09:08:17.391+0000] {processor.py:183} INFO - Processing /opt/airflow/dags/file_etl_dag.py took 1.980 seconds
[2026-04-27T09:08:48.113+0000] {processor.py:161} INFO - Started process (PID=506) to work on /opt/airflow/dags/file_etl_dag.py
[2026-04-27T09:08:48.117+0000] {processor.py:830} INFO - Processing file /opt/airflow/dags/file_etl_dag.py for tasks to queue
[2026-04-27T09:08:48.121+0000] {logging_mixin.py:188} INFO - [2026-04-27T09:08:48.120+0000] {dagbag.py:545} INFO - Filling up the DagBag from /opt/airflow/dags/file_etl_dag.py
[2026-04-27T09:08:51.046+0000] {processor.py:840} INFO - DAG(s) 'file_etl_pipeline' retrieved from /opt/airflow/dags/file_etl_dag.py
[2026-04-27T09:08:51.112+0000] {logging_mixin.py:188} INFO - [2026-04-27T09:08:51.111+0000] {dag.py:3089} INFO - Sync 1 DAGs
[2026-04-27T09:08:51.201+0000] {logging_mixin.py:188} INFO - [2026-04-27T09:08:51.200+0000] {dag.py:3947} INFO - Setting next_dagrun for file_etl_pipeline to 2026-04-27 00:00:00+00:00, run_after=2026-04-28 00:00:00+00:00
[2026-04-27T09:08:51.308+0000] {processor.py:183} INFO - Processing /opt/airflow/dags/file_etl_dag.py took 3.215 seconds
[2026-04-27T09:09:22.110+0000] {processor.py:161} INFO - Started process (PID=512) to work on /opt/airflow/dags/file_etl_dag.py
[2026-04-27T09:09:22.112+0000] {processor.py:830} INFO - Processing file /opt/airflow/dags/file_etl_dag.py for tasks to queue
[2026-04-27T09:09:22.118+0000] {logging_mixin.py:188} INFO - [2026-04-27T09:09:22.116+0000] {dagbag.py:545} INFO - Filling up the DagBag from /opt/airflow/dags/file_etl_dag.py
[2026-04-27T09:09:23.874+0000] {processor.py:840} INFO - DAG(s) 'file_etl_pipeline' retrieved from /opt/airflow/dags/file_etl_dag.py
[2026-04-27T09:09:23.934+0000] {logging_mixin.py:188} INFO - [2026-04-27T09:09:23.933+0000] {dag.py:3089} INFO - Sync 1 DAGs
[2026-04-27T09:09:24.051+0000] {logging_mixin.py:188} INFO - [2026-04-27T09:09:24.051+0000] {dag.py:3947} INFO - Setting next_dagrun for file_etl_pipeline to 2026-04-27 00:00:00+00:00, run_after=2026-04-28 00:00:00+00:00
[2026-04-27T09:09:24.138+0000] {processor.py:183} INFO - Processing /opt/airflow/dags/file_etl_dag.py took 2.068 seconds
[2026-04-27T09:09:54.712+0000] {processor.py:161} INFO - Started process (PID=518) to work on /opt/airflow/dags/file_etl_dag.py
[2026-04-27T09:09:54.716+0000] {processor.py:830} INFO - Processing file /opt/airflow/dags/file_etl_dag.py for tasks to queue
[2026-04-27T09:09:54.729+0000] {logging_mixin.py:188} INFO - [2026-04-27T09:09:54.726+0000] {dagbag.py:545} INFO - Filling up the DagBag from /opt/airflow/dags/file_etl_dag.py
[2026-04-27T09:09:55.968+0000] {processor.py:840} INFO - DAG(s) 'file_etl_pipeline' retrieved from /opt/airflow/dags/file_etl_dag.py
[2026-04-27T09:09:56.041+0000] {logging_mixin.py:188} INFO - [2026-04-27T09:09:56.040+0000] {dag.py:3089} INFO - Sync 1 DAGs
[2026-04-27T09:09:56.180+0000] {logging_mixin.py:188} INFO - [2026-04-27T09:09:56.179+0000] {dag.py:3947} INFO - Setting next_dagrun for file_etl_pipeline to 2026-04-27 00:00:00+00:00, run_after=2026-04-28 00:00:00+00:00
[2026-04-27T09:09:56.282+0000] {processor.py:183} INFO - Processing /opt/airflow/dags/file_etl_dag.py took 1.608 seconds
[2026-04-27T09:10:27.215+0000] {processor.py:161} INFO - Started process (PID=524) to work on /opt/airflow/dags/file_etl_dag.py
[2026-04-27T09:10:27.219+0000] {processor.py:830} INFO - Processing file /opt/airflow/dags/file_etl_dag.py for tasks to queue
[2026-04-27T09:10:27.223+0000] {logging_mixin.py:188} INFO - [2026-04-27T09:10:27.222+0000] {dagbag.py:545} INFO - Filling up the DagBag from /opt/airflow/dags/file_etl_dag.py
[2026-04-27T09:10:29.082+0000] {processor.py:840} INFO - DAG(s) 'file_etl_pipeline' retrieved from /opt/airflow/dags/file_etl_dag.py
[2026-04-27T09:10:29.220+0000] {logging_mixin.py:188} INFO - [2026-04-27T09:10:29.217+0000] {dag.py:3089} INFO - Sync 1 DAGs
[2026-04-27T09:10:29.505+0000] {logging_mixin.py:188} INFO - [2026-04-27T09:10:29.503+0000] {dag.py:3947} INFO - Setting next_dagrun for file_etl_pipeline to 2026-04-27 00:00:00+00:00, run_after=2026-04-28 00:00:00+00:00
[2026-04-27T09:10:29.742+0000] {processor.py:183} INFO - Processing /opt/airflow/dags/file_etl_dag.py took 2.568 seconds
[2026-04-27T09:11:00.777+0000] {processor.py:161} INFO - Started process (PID=530) to work on /opt/airflow/dags/file_etl_dag.py
[2026-04-27T09:11:00.782+0000] {processor.py:830} INFO - Processing file /opt/airflow/dags/file_etl_dag.py for tasks to queue
[2026-04-27T09:11:00.792+0000] {logging_mixin.py:188} INFO - [2026-04-27T09:11:00.791+0000] {dagbag.py:545} INFO - Filling up the DagBag from /opt/airflow/dags/file_etl_dag.py
[2026-04-27T09:11:02.167+0000] {processor.py:840} INFO - DAG(s) 'file_etl_pipeline' retrieved from /opt/airflow/dags/file_etl_dag.py
[2026-04-27T09:11:03.234+0000] {logging_mixin.py:188} INFO - [2026-04-27T09:11:03.232+0000] {dag.py:3089} INFO - Sync 1 DAGs
[2026-04-27T09:11:03.330+0000] {logging_mixin.py:188} INFO - [2026-04-27T09:11:03.329+0000] {dag.py:3947} INFO - Setting next_dagrun for file_etl_pipeline to 2026-04-27 00:00:00+00:00, run_after=2026-04-28 00:00:00+00:00
[2026-04-27T09:11:04.373+0000] {processor.py:183} INFO - Processing /opt/airflow/dags/file_etl_dag.py took 3.624 seconds
[2026-04-27T09:11:35.162+0000] {processor.py:161} INFO - Started process (PID=536) to work on /opt/airflow/dags/file_etl_dag.py
[2026-04-27T09:11:35.167+0000] {processor.py:830} INFO - Processing file /opt/airflow/dags/file_etl_dag.py for tasks to queue
[2026-04-27T09:11:35.192+0000] {logging_mixin.py:188} INFO - [2026-04-27T09:11:35.182+0000] {dagbag.py:545} INFO - Filling up the DagBag from /opt/airflow/dags/file_etl_dag.py
[2026-04-27T09:11:38.472+0000] {processor.py:840} INFO - DAG(s) 'file_etl_pipeline' retrieved from /opt/airflow/dags/file_etl_dag.py
[2026-04-27T09:11:38.738+0000] {logging_mixin.py:188} INFO - [2026-04-27T09:11:38.734+0000] {dag.py:3089} INFO - Sync 1 DAGs
[2026-04-27T09:11:39.173+0000] {logging_mixin.py:188} INFO - [2026-04-27T09:11:39.172+0000] {dag.py:3947} INFO - Setting next_dagrun for file_etl_pipeline to 2026-04-27 00:00:00+00:00, run_after=2026-04-28 00:00:00+00:00
[2026-04-27T09:11:39.378+0000] {processor.py:183} INFO - Processing /opt/airflow/dags/file_etl_dag.py took 4.312 seconds
[2026-04-27T09:12:10.205+0000] {processor.py:161} INFO - Started process (PID=542) to work on /opt/airflow/dags/file_etl_dag.py
[2026-04-27T09:12:10.214+0000] {processor.py:830} INFO - Processing file /opt/airflow/dags/file_etl_dag.py for tasks to queue
[2026-04-27T09:12:10.220+0000] {logging_mixin.py:188} INFO - [2026-04-27T09:12:10.219+0000] {dagbag.py:545} INFO - Filling up the DagBag from /opt/airflow/dags/file_etl_dag.py
[2026-04-27T09:12:11.867+0000] {processor.py:840} INFO - DAG(s) 'file_etl_pipeline' retrieved from /opt/airflow/dags/file_etl_dag.py
[2026-04-27T09:12:11.968+0000] {logging_mixin.py:188} INFO - [2026-04-27T09:12:11.965+0000] {dag.py:3089} INFO - Sync 1 DAGs
[2026-04-27T09:12:12.099+0000] {logging_mixin.py:188} INFO - [2026-04-27T09:12:12.098+0000] {dag.py:3947} INFO - Setting next_dagrun for file_etl_pipeline to 2026-04-27 00:00:00+00:00, run_after=2026-04-28 00:00:00+00:00
[2026-04-27T09:12:12.194+0000] {processor.py:183} INFO - Processing /opt/airflow/dags/file_etl_dag.py took 2.031 seconds
[2026-04-27T09:12:42.714+0000] {processor.py:161} INFO - Started process (PID=548) to work on /opt/airflow/dags/file_etl_dag.py
[2026-04-27T09:12:42.717+0000] {processor.py:830} INFO - Processing file /opt/airflow/dags/file_etl_dag.py for tasks to queue
[2026-04-27T09:12:42.720+0000] {logging_mixin.py:188} INFO - [2026-04-27T09:12:42.719+0000] {dagbag.py:545} INFO - Filling up the DagBag from /opt/airflow/dags/file_etl_dag.py
[2026-04-27T09:12:43.870+0000] {processor.py:840} INFO - DAG(s) 'file_etl_pipeline' retrieved from /opt/airflow/dags/file_etl_dag.py
[2026-04-27T09:12:43.931+0000] {logging_mixin.py:188} INFO - [2026-04-27T09:12:43.929+0000] {dag.py:3089} INFO - Sync 1 DAGs
[2026-04-27T09:12:44.017+0000] {logging_mixin.py:188} INFO - [2026-04-27T09:12:44.016+0000] {dag.py:3947} INFO - Setting next_dagrun for file_etl_pipeline to 2026-04-27 00:00:00+00:00, run_after=2026-04-28 00:00:00+00:00
[2026-04-27T09:12:44.094+0000] {processor.py:183} INFO - Processing /opt/airflow/dags/file_etl_dag.py took 1.396 seconds
[2026-04-27T09:13:14.392+0000] {processor.py:161} INFO - Started process (PID=554) to work on /opt/airflow/dags/file_etl_dag.py
[2026-04-27T09:13:14.401+0000] {processor.py:830} INFO - Processing file /opt/airflow/dags/file_etl_dag.py for tasks to queue
[2026-04-27T09:13:14.409+0000] {logging_mixin.py:188} INFO - [2026-04-27T09:13:14.406+0000] {dagbag.py:545} INFO - Filling up the DagBag from /opt/airflow/dags/file_etl_dag.py
[2026-04-27T09:13:16.118+0000] {processor.py:840} INFO - DAG(s) 'file_etl_pipeline' retrieved from /opt/airflow/dags/file_etl_dag.py
[2026-04-27T09:13:16.206+0000] {logging_mixin.py:188} INFO - [2026-04-27T09:13:16.204+0000] {dag.py:3089} INFO - Sync 1 DAGs
[2026-04-27T09:13:16.411+0000] {logging_mixin.py:188} INFO - [2026-04-27T09:13:16.408+0000] {dag.py:3947} INFO - Setting next_dagrun for file_etl_pipeline to 2026-04-27 00:00:00+00:00, run_after=2026-04-28 00:00:00+00:00
[2026-04-27T09:13:17.184+0000] {processor.py:183} INFO - Processing /opt/airflow/dags/file_etl_dag.py took 2.833 seconds
[2026-04-27T09:13:47.875+0000] {processor.py:161} INFO - Started process (PID=560) to work on /opt/airflow/dags/file_etl_dag.py
[2026-04-27T09:13:47.879+0000] {processor.py:830} INFO - Processing file /opt/airflow/dags/file_etl_dag.py for tasks to queue
[2026-04-27T09:13:47.883+0000] {logging_mixin.py:188} INFO - [2026-04-27T09:13:47.882+0000] {dagbag.py:545} INFO - Filling up the DagBag from /opt/airflow/dags/file_etl_dag.py
[2026-04-27T09:13:49.014+0000] {processor.py:840} INFO - DAG(s) 'file_etl_pipeline' retrieved from /opt/airflow/dags/file_etl_dag.py
[2026-04-27T09:13:49.097+0000] {logging_mixin.py:188} INFO - [2026-04-27T09:13:49.095+0000] {dag.py:3089} INFO - Sync 1 DAGs
[2026-04-27T09:13:49.250+0000] {logging_mixin.py:188} INFO - [2026-04-27T09:13:49.249+0000] {dag.py:3947} INFO - Setting next_dagrun for file_etl_pipeline to 2026-04-27 00:00:00+00:00, run_after=2026-04-28 00:00:00+00:00
[2026-04-27T09:13:49.383+0000] {processor.py:183} INFO - Processing /opt/airflow/dags/file_etl_dag.py took 1.531 seconds
[2026-04-27T09:14:19.686+0000] {processor.py:161} INFO - Started process (PID=566) to work on /opt/airflow/dags/file_etl_dag.py
[2026-04-27T09:14:19.689+0000] {processor.py:830} INFO - Processing file /opt/airflow/dags/file_etl_dag.py for tasks to queue
[2026-04-27T09:14:19.693+0000] {logging_mixin.py:188} INFO - [2026-04-27T09:14:19.692+0000] {dagbag.py:545} INFO - Filling up the DagBag from /opt/airflow/dags/file_etl_dag.py
[2026-04-27T09:14:21.232+0000] {processor.py:840} INFO - DAG(s) 'file_etl_pipeline' retrieved from /opt/airflow/dags/file_etl_dag.py
[2026-04-27T09:14:21.294+0000] {logging_mixin.py:188} INFO - [2026-04-27T09:14:21.293+0000] {dag.py:3089} INFO - Sync 1 DAGs
[2026-04-27T09:14:21.402+0000] {logging_mixin.py:188} INFO - [2026-04-27T09:14:21.400+0000] {dag.py:3947} INFO - Setting next_dagrun for file_etl_pipeline to 2026-04-27 00:00:00+00:00, run_after=2026-04-28 00:00:00+00:00
[2026-04-27T09:14:21.507+0000] {processor.py:183} INFO - Processing /opt/airflow/dags/file_etl_dag.py took 1.839 seconds
[2026-04-27T09:14:51.679+0000] {processor.py:161} INFO - Started process (PID=572) to work on /opt/airflow/dags/file_etl_dag.py
[2026-04-27T09:14:51.682+0000] {processor.py:830} INFO - Processing file /opt/airflow/dags/file_etl_dag.py for tasks to queue
[2026-04-27T09:14:51.686+0000] {logging_mixin.py:188} INFO - [2026-04-27T09:14:51.685+0000] {dagbag.py:545} INFO - Filling up the DagBag from /opt/airflow/dags/file_etl_dag.py
[2026-04-27T09:14:53.001+0000] {processor.py:840} INFO - DAG(s) 'file_etl_pipeline' retrieved from /opt/airflow/dags/file_etl_dag.py
[2026-04-27T09:14:53.074+0000] {logging_mixin.py:188} INFO - [2026-04-27T09:14:53.073+0000] {dag.py:3089} INFO - Sync 1 DAGs
[2026-04-27T09:14:53.191+0000] {logging_mixin.py:188} INFO - [2026-04-27T09:14:53.190+0000] {dag.py:3947} INFO - Setting next_dagrun for file_etl_pipeline to 2026-04-27 00:00:00+00:00, run_after=2026-04-28 00:00:00+00:00
[2026-04-27T09:14:53.287+0000] {processor.py:183} INFO - Processing /opt/airflow/dags/file_etl_dag.py took 1.623 seconds
[2026-04-27T09:15:23.665+0000] {processor.py:161} INFO - Started process (PID=578) to work on /opt/airflow/dags/file_etl_dag.py
[2026-04-27T09:15:23.670+0000] {processor.py:830} INFO - Processing file /opt/airflow/dags/file_etl_dag.py for tasks to queue
[2026-04-27T09:15:23.677+0000] {logging_mixin.py:188} INFO - [2026-04-27T09:15:23.675+0000] {dagbag.py:545} INFO - Filling up the DagBag from /opt/airflow/dags/file_etl_dag.py
[2026-04-27T09:15:25.238+0000] {processor.py:840} INFO - DAG(s) 'file_etl_pipeline' retrieved from /opt/airflow/dags/file_etl_dag.py
[2026-04-27T09:15:25.314+0000] {logging_mixin.py:188} INFO - [2026-04-27T09:15:25.313+0000] {dag.py:3089} INFO - Sync 1 DAGs
[2026-04-27T09:15:25.445+0000] {logging_mixin.py:188} INFO - [2026-04-27T09:15:25.444+0000] {dag.py:3947} INFO - Setting next_dagrun for file_etl_pipeline to 2026-04-27 00:00:00+00:00, run_after=2026-04-28 00:00:00+00:00
[2026-04-27T09:15:25.563+0000] {processor.py:183} INFO - Processing /opt/airflow/dags/file_etl_dag.py took 1.925 seconds
[2026-04-27T09:15:56.401+0000] {processor.py:161} INFO - Started process (PID=584) to work on /opt/airflow/dags/file_etl_dag.py
[2026-04-27T09:15:56.405+0000] {processor.py:830} INFO - Processing file /opt/airflow/dags/file_etl_dag.py for tasks to queue
[2026-04-27T09:15:56.410+0000] {logging_mixin.py:188} INFO - [2026-04-27T09:15:56.409+0000] {dagbag.py:545} INFO - Filling up the DagBag from /opt/airflow/dags/file_etl_dag.py
[2026-04-27T09:15:58.409+0000] {processor.py:840} INFO - DAG(s) 'file_etl_pipeline' retrieved from /opt/airflow/dags/file_etl_dag.py
[2026-04-27T09:15:58.517+0000] {logging_mixin.py:188} INFO - [2026-04-27T09:15:58.515+0000] {dag.py:3089} INFO - Sync 1 DAGs
[2026-04-27T09:15:58.631+0000] {logging_mixin.py:188} INFO - [2026-04-27T09:15:58.630+0000] {dag.py:3947} INFO - Setting next_dagrun for file_etl_pipeline to 2026-04-27 00:00:00+00:00, run_after=2026-04-28 00:00:00+00:00
[2026-04-27T09:15:58.733+0000] {processor.py:183} INFO - Processing /opt/airflow/dags/file_etl_dag.py took 2.364 seconds
[2026-04-27T09:16:29.069+0000] {processor.py:161} INFO - Started process (PID=590) to work on /opt/airflow/dags/file_etl_dag.py
[2026-04-27T09:16:29.073+0000] {processor.py:830} INFO - Processing file /opt/airflow/dags/file_etl_dag.py for tasks to queue
[2026-04-27T09:16:29.078+0000] {logging_mixin.py:188} INFO - [2026-04-27T09:16:29.076+0000] {dagbag.py:545} INFO - Filling up the DagBag from /opt/airflow/dags/file_etl_dag.py
[2026-04-27T09:16:30.868+0000] {processor.py:840} INFO - DAG(s) 'file_etl_pipeline' retrieved from /opt/airflow/dags/file_etl_dag.py
[2026-04-27T09:16:30.931+0000] {logging_mixin.py:188} INFO - [2026-04-27T09:16:30.930+0000] {dag.py:3089} INFO - Sync 1 DAGs
[2026-04-27T09:16:31.068+0000] {logging_mixin.py:188} INFO - [2026-04-27T09:16:31.067+0000] {dag.py:3947} INFO - Setting next_dagrun for file_etl_pipeline to 2026-04-27 00:00:00+00:00, run_after=2026-04-28 00:00:00+00:00
[2026-04-27T09:16:31.716+0000] {processor.py:183} INFO - Processing /opt/airflow/dags/file_etl_dag.py took 2.666 seconds
[2026-04-27T09:17:02.123+0000] {processor.py:161} INFO - Started process (PID=596) to work on /opt/airflow/dags/file_etl_dag.py
[2026-04-27T09:17:02.126+0000] {processor.py:830} INFO - Processing file /opt/airflow/dags/file_etl_dag.py for tasks to queue
[2026-04-27T09:17:02.131+0000] {logging_mixin.py:188} INFO - [2026-04-27T09:17:02.130+0000] {dagbag.py:545} INFO - Filling up the DagBag from /opt/airflow/dags/file_etl_dag.py
[2026-04-27T09:17:03.453+0000] {processor.py:840} INFO - DAG(s) 'file_etl_pipeline' retrieved from /opt/airflow/dags/file_etl_dag.py
[2026-04-27T09:17:03.527+0000] {logging_mixin.py:188} INFO - [2026-04-27T09:17:03.525+0000] {dag.py:3089} INFO - Sync 1 DAGs
[2026-04-27T09:17:03.653+0000] {logging_mixin.py:188} INFO - [2026-04-27T09:17:03.652+0000] {dag.py:3947} INFO - Setting next_dagrun for file_etl_pipeline to 2026-04-27 00:00:00+00:00, run_after=2026-04-28 00:00:00+00:00
[2026-04-27T09:17:03.745+0000] {processor.py:183} INFO - Processing /opt/airflow/dags/file_etl_dag.py took 1.650 seconds
[2026-04-27T09:17:34.037+0000] {processor.py:161} INFO - Started process (PID=602) to work on /opt/airflow/dags/file_etl_dag.py
[2026-04-27T09:17:34.042+0000] {processor.py:830} INFO - Processing file /opt/airflow/dags/file_etl_dag.py for tasks to queue
[2026-04-27T09:17:34.052+0000] {logging_mixin.py:188} INFO - [2026-04-27T09:17:34.049+0000] {dagbag.py:545} INFO - Filling up the DagBag from /opt/airflow/dags/file_etl_dag.py
[2026-04-27T09:17:35.459+0000] {processor.py:840} INFO - DAG(s) 'file_etl_pipeline' retrieved from /opt/airflow/dags/file_etl_dag.py
[2026-04-27T09:17:36.436+0000] {logging_mixin.py:188} INFO - [2026-04-27T09:17:36.434+0000] {dag.py:3089} INFO - Sync 1 DAGs
[2026-04-27T09:17:36.535+0000] {logging_mixin.py:188} INFO - [2026-04-27T09:17:36.534+0000] {dag.py:3947} INFO - Setting next_dagrun for file_etl_pipeline to 2026-04-27 00:00:00+00:00, run_after=2026-04-28 00:00:00+00:00
[2026-04-27T09:17:37.732+0000] {logging_mixin.py:188} INFO - [2026-04-27T09:17:37.731+0000] {dag.py:3089} INFO - Sync 1 DAGs
[2026-04-27T09:17:37.818+0000] {logging_mixin.py:188} INFO - [2026-04-27T09:17:37.818+0000] {dag.py:3947} INFO - Setting next_dagrun for file_etl_pipeline to 2026-04-27 00:00:00+00:00, run_after=2026-04-28 00:00:00+00:00
[2026-04-27T09:17:37.891+0000] {processor.py:183} INFO - Processing /opt/airflow/dags/file_etl_dag.py took 3.887 seconds
[2026-04-27T09:18:08.159+0000] {processor.py:161} INFO - Started process (PID=608) to work on /opt/airflow/dags/file_etl_dag.py
[2026-04-27T09:18:08.162+0000] {processor.py:830} INFO - Processing file /opt/airflow/dags/file_etl_dag.py for tasks to queue
[2026-04-27T09:18:08.167+0000] {logging_mixin.py:188} INFO - [2026-04-27T09:18:08.165+0000] {dagbag.py:545} INFO - Filling up the DagBag from /opt/airflow/dags/file_etl_dag.py
[2026-04-27T09:18:09.357+0000] {processor.py:840} INFO - DAG(s) 'file_etl_pipeline' retrieved from /opt/airflow/dags/file_etl_dag.py
[2026-04-27T09:18:09.548+0000] {logging_mixin.py:188} INFO - [2026-04-27T09:18:09.546+0000] {dag.py:3089} INFO - Sync 1 DAGs
[2026-04-27T09:18:09.753+0000] {logging_mixin.py:188} INFO - [2026-04-27T09:18:09.752+0000] {dag.py:3947} INFO - Setting next_dagrun for file_etl_pipeline to 2026-04-27 00:00:00+00:00, run_after=2026-04-28 00:00:00+00:00
[2026-04-27T09:18:09.900+0000] {processor.py:183} INFO - Processing /opt/airflow/dags/file_etl_dag.py took 1.759 seconds
[2026-04-27T09:18:40.494+0000] {processor.py:161} INFO - Started process (PID=614) to work on /opt/airflow/dags/file_etl_dag.py
[2026-04-27T09:18:40.498+0000] {processor.py:830} INFO - Processing file /opt/airflow/dags/file_etl_dag.py for tasks to queue
[2026-04-27T09:18:40.507+0000] {logging_mixin.py:188} INFO - [2026-04-27T09:18:40.505+0000] {dagbag.py:545} INFO - Filling up the DagBag from /opt/airflow/dags/file_etl_dag.py
[2026-04-27T09:18:42.136+0000] {processor.py:840} INFO - DAG(s) 'file_etl_pipeline' retrieved from /opt/airflow/dags/file_etl_dag.py
[2026-04-27T09:18:42.205+0000] {logging_mixin.py:188} INFO - [2026-04-27T09:18:42.203+0000] {dag.py:3089} INFO - Sync 1 DAGs
[2026-04-27T09:18:42.307+0000] {logging_mixin.py:188} INFO - [2026-04-27T09:18:42.306+0000] {dag.py:3947} INFO - Setting next_dagrun for file_etl_pipeline to 2026-04-27 00:00:00+00:00, run_after=2026-04-28 00:00:00+00:00
[2026-04-27T09:18:42.409+0000] {processor.py:183} INFO - Processing /opt/airflow/dags/file_etl_dag.py took 1.973 seconds
[2026-04-27T09:19:12.973+0000] {processor.py:161} INFO - Started process (PID=620) to work on /opt/airflow/dags/file_etl_dag.py
[2026-04-27T09:19:12.976+0000] {processor.py:830} INFO - Processing file /opt/airflow/dags/file_etl_dag.py for tasks to queue
[2026-04-27T09:19:12.980+0000] {logging_mixin.py:188} INFO - [2026-04-27T09:19:12.979+0000] {dagbag.py:545} INFO - Filling up the DagBag from /opt/airflow/dags/file_etl_dag.py
[2026-04-27T09:19:14.312+0000] {processor.py:840} INFO - DAG(s) 'file_etl_pipeline' retrieved from /opt/airflow/dags/file_etl_dag.py
[2026-04-27T09:19:14.398+0000] {logging_mixin.py:188} INFO - [2026-04-27T09:19:14.397+0000] {dag.py:3089} INFO - Sync 1 DAGs
[2026-04-27T09:19:14.533+0000] {logging_mixin.py:188} INFO - [2026-04-27T09:19:14.532+0000] {dag.py:3947} INFO - Setting next_dagrun for file_etl_pipeline to 2026-04-27 00:00:00+00:00, run_after=2026-04-28 00:00:00+00:00
[2026-04-27T09:19:15.209+0000] {processor.py:183} INFO - Processing /opt/airflow/dags/file_etl_dag.py took 2.256 seconds
[2026-04-27T09:19:45.688+0000] {processor.py:161} INFO - Started process (PID=626) to work on /opt/airflow/dags/file_etl_dag.py
[2026-04-27T09:19:45.691+0000] {processor.py:830} INFO - Processing file /opt/airflow/dags/file_etl_dag.py for tasks to queue
[2026-04-27T09:19:45.696+0000] {logging_mixin.py:188} INFO - [2026-04-27T09:19:45.695+0000] {dagbag.py:545} INFO - Filling up the DagBag from /opt/airflow/dags/file_etl_dag.py
[2026-04-27T09:19:46.845+0000] {processor.py:840} INFO - DAG(s) 'file_etl_pipeline' retrieved from /opt/airflow/dags/file_etl_dag.py
[2026-04-27T09:19:46.906+0000] {logging_mixin.py:188} INFO - [2026-04-27T09:19:46.905+0000] {dag.py:3089} INFO - Sync 1 DAGs
[2026-04-27T09:19:47.456+0000] {logging_mixin.py:188} INFO - [2026-04-27T09:19:47.455+0000] {dag.py:3947} INFO - Setting next_dagrun for file_etl_pipeline to 2026-04-27 00:00:00+00:00, run_after=2026-04-28 00:00:00+00:00
[2026-04-27T09:19:47.541+0000] {processor.py:183} INFO - Processing /opt/airflow/dags/file_etl_dag.py took 1.877 seconds
[2026-04-27T09:20:18.160+0000] {processor.py:161} INFO - Started process (PID=632) to work on /opt/airflow/dags/file_etl_dag.py
[2026-04-27T09:20:18.163+0000] {processor.py:830} INFO - Processing file /opt/airflow/dags/file_etl_dag.py for tasks to queue
[2026-04-27T09:20:18.166+0000] {logging_mixin.py:188} INFO - [2026-04-27T09:20:18.165+0000] {dagbag.py:545} INFO - Filling up the DagBag from /opt/airflow/dags/file_etl_dag.py
[2026-04-27T09:20:19.319+0000] {processor.py:840} INFO - DAG(s) 'file_etl_pipeline' retrieved from /opt/airflow/dags/file_etl_dag.py
[2026-04-27T09:20:19.398+0000] {logging_mixin.py:188} INFO - [2026-04-27T09:20:19.396+0000] {dag.py:3089} INFO - Sync 1 DAGs
[2026-04-27T09:20:19.510+0000] {logging_mixin.py:188} INFO - [2026-04-27T09:20:19.508+0000] {dag.py:3947} INFO - Setting next_dagrun for file_etl_pipeline to 2026-04-27 00:00:00+00:00, run_after=2026-04-28 00:00:00+00:00
[2026-04-27T09:20:19.627+0000] {processor.py:183} INFO - Processing /opt/airflow/dags/file_etl_dag.py took 1.486 seconds
[2026-04-27T09:20:50.258+0000] {processor.py:161} INFO - Started process (PID=638) to work on /opt/airflow/dags/file_etl_dag.py
[2026-04-27T09:20:50.260+0000] {processor.py:830} INFO - Processing file /opt/airflow/dags/file_etl_dag.py for tasks to queue
[2026-04-27T09:20:50.264+0000] {logging_mixin.py:188} INFO - [2026-04-27T09:20:50.263+0000] {dagbag.py:545} INFO - Filling up the DagBag from /opt/airflow/dags/file_etl_dag.py
[2026-04-27T09:20:51.598+0000] {processor.py:840} INFO - DAG(s) 'file_etl_pipeline' retrieved from /opt/airflow/dags/file_etl_dag.py
[2026-04-27T09:20:51.661+0000] {logging_mixin.py:188} INFO - [2026-04-27T09:20:51.660+0000] {dag.py:3089} INFO - Sync 1 DAGs
[2026-04-27T09:20:51.762+0000] {logging_mixin.py:188} INFO - [2026-04-27T09:20:51.761+0000] {dag.py:3947} INFO - Setting next_dagrun for file_etl_pipeline to 2026-04-27 00:00:00+00:00, run_after=2026-04-28 00:00:00+00:00
[2026-04-27T09:20:51.865+0000] {processor.py:183} INFO - Processing /opt/airflow/dags/file_etl_dag.py took 1.624 seconds
[2026-04-27T09:21:22.266+0000] {processor.py:161} INFO - Started process (PID=644) to work on /opt/airflow/dags/file_etl_dag.py
[2026-04-27T09:21:22.269+0000] {processor.py:830} INFO - Processing file /opt/airflow/dags/file_etl_dag.py for tasks to queue
[2026-04-27T09:21:22.273+0000] {logging_mixin.py:188} INFO - [2026-04-27T09:21:22.272+0000] {dagbag.py:545} INFO - Filling up the DagBag from /opt/airflow/dags/file_etl_dag.py
[2026-04-27T09:21:23.609+0000] {processor.py:840} INFO - DAG(s) 'file_etl_pipeline' retrieved from /opt/airflow/dags/file_etl_dag.py
[2026-04-27T09:21:23.717+0000] {logging_mixin.py:188} INFO - [2026-04-27T09:21:23.716+0000] {dag.py:3089} INFO - Sync 1 DAGs
[2026-04-27T09:21:23.833+0000] {logging_mixin.py:188} INFO - [2026-04-27T09:21:23.831+0000] {dag.py:3947} INFO - Setting next_dagrun for file_etl_pipeline to 2026-04-27 00:00:00+00:00, run_after=2026-04-28 00:00:00+00:00
[2026-04-27T09:21:23.931+0000] {processor.py:183} INFO - Processing /opt/airflow/dags/file_etl_dag.py took 1.685 seconds
[2026-04-27T09:21:54.541+0000] {processor.py:161} INFO - Started process (PID=650) to work on /opt/airflow/dags/file_etl_dag.py
[2026-04-27T09:21:54.544+0000] {processor.py:830} INFO - Processing file /opt/airflow/dags/file_etl_dag.py for tasks to queue
[2026-04-27T09:21:54.548+0000] {logging_mixin.py:188} INFO - [2026-04-27T09:21:54.547+0000] {dagbag.py:545} INFO - Filling up the DagBag from /opt/airflow/dags/file_etl_dag.py
[2026-04-27T09:21:55.672+0000] {processor.py:840} INFO - DAG(s) 'file_etl_pipeline' retrieved from /opt/airflow/dags/file_etl_dag.py
[2026-04-27T09:21:55.732+0000] {logging_mixin.py:188} INFO - [2026-04-27T09:21:55.731+0000] {dag.py:3089} INFO - Sync 1 DAGs
[2026-04-27T09:21:55.861+0000] {logging_mixin.py:188} INFO - [2026-04-27T09:21:55.860+0000] {dag.py:3947} INFO - Setting next_dagrun for file_etl_pipeline to 2026-04-27 00:00:00+00:00, run_after=2026-04-28 00:00:00+00:00
[2026-04-27T09:21:55.955+0000] {processor.py:183} INFO - Processing /opt/airflow/dags/file_etl_dag.py took 1.435 seconds
[2026-04-27T09:22:26.476+0000] {processor.py:161} INFO - Started process (PID=656) to work on /opt/airflow/dags/file_etl_dag.py
[2026-04-27T09:22:26.480+0000] {processor.py:830} INFO - Processing file /opt/airflow/dags/file_etl_dag.py for tasks to queue
[2026-04-27T09:22:26.486+0000] {logging_mixin.py:188} INFO - [2026-04-27T09:22:26.484+0000] {dagbag.py:545} INFO - Filling up the DagBag from /opt/airflow/dags/file_etl_dag.py
[2026-04-27T09:22:27.892+0000] {processor.py:840} INFO - DAG(s) 'file_etl_pipeline' retrieved from /opt/airflow/dags/file_etl_dag.py
[2026-04-27T09:22:27.975+0000] {logging_mixin.py:188} INFO - [2026-04-27T09:22:27.974+0000] {dag.py:3089} INFO - Sync 1 DAGs
[2026-04-27T09:22:28.110+0000] {logging_mixin.py:188} INFO - [2026-04-27T09:22:28.108+0000] {dag.py:3947} INFO - Setting next_dagrun for file_etl_pipeline to 2026-04-27 00:00:00+00:00, run_after=2026-04-28 00:00:00+00:00
[2026-04-27T09:22:28.722+0000] {processor.py:183} INFO - Processing /opt/airflow/dags/file_etl_dag.py took 2.273 seconds
[2026-04-27T09:22:58.973+0000] {processor.py:161} INFO - Started process (PID=662) to work on /opt/airflow/dags/file_etl_dag.py
[2026-04-27T09:22:58.978+0000] {processor.py:830} INFO - Processing file /opt/airflow/dags/file_etl_dag.py for tasks to queue
[2026-04-27T09:22:58.983+0000] {logging_mixin.py:188} INFO - [2026-04-27T09:22:58.982+0000] {dagbag.py:545} INFO - Filling up the DagBag from /opt/airflow/dags/file_etl_dag.py
[2026-04-27T09:23:00.359+0000] {processor.py:840} INFO - DAG(s) 'file_etl_pipeline' retrieved from /opt/airflow/dags/file_etl_dag.py
[2026-04-27T09:23:00.422+0000] {logging_mixin.py:188} INFO - [2026-04-27T09:23:00.421+0000] {dag.py:3089} INFO - Sync 1 DAGs
[2026-04-27T09:23:00.562+0000] {logging_mixin.py:188} INFO - [2026-04-27T09:23:00.561+0000] {dag.py:3947} INFO - Setting next_dagrun for file_etl_pipeline to 2026-04-27 00:00:00+00:00, run_after=2026-04-28 00:00:00+00:00
[2026-04-27T09:23:00.701+0000] {processor.py:183} INFO - Processing /opt/airflow/dags/file_etl_dag.py took 1.748 seconds
[2026-04-27T09:23:31.393+0000] {processor.py:161} INFO - Started process (PID=668) to work on /opt/airflow/dags/file_etl_dag.py
[2026-04-27T09:23:31.396+0000] {processor.py:830} INFO - Processing file /opt/airflow/dags/file_etl_dag.py for tasks to queue
[2026-04-27T09:23:31.401+0000] {logging_mixin.py:188} INFO - [2026-04-27T09:23:31.399+0000] {dagbag.py:545} INFO - Filling up the DagBag from /opt/airflow/dags/file_etl_dag.py
[2026-04-27T09:23:32.770+0000] {processor.py:840} INFO - DAG(s) 'file_etl_pipeline' retrieved from /opt/airflow/dags/file_etl_dag.py
[2026-04-27T09:23:32.885+0000] {logging_mixin.py:188} INFO - [2026-04-27T09:23:32.884+0000] {dag.py:3089} INFO - Sync 1 DAGs
[2026-04-27T09:23:32.995+0000] {logging_mixin.py:188} INFO - [2026-04-27T09:23:32.994+0000] {dag.py:3947} INFO - Setting next_dagrun for file_etl_pipeline to 2026-04-27 00:00:00+00:00, run_after=2026-04-28 00:00:00+00:00
[2026-04-27T09:23:33.134+0000] {processor.py:183} INFO - Processing /opt/airflow/dags/file_etl_dag.py took 1.770 seconds
[2026-04-27T09:24:03.761+0000] {processor.py:161} INFO - Started process (PID=674) to work on /opt/airflow/dags/file_etl_dag.py
[2026-04-27T09:24:03.764+0000] {processor.py:830} INFO - Processing file /opt/airflow/dags/file_etl_dag.py for tasks to queue
[2026-04-27T09:24:03.768+0000] {logging_mixin.py:188} INFO - [2026-04-27T09:24:03.767+0000] {dagbag.py:545} INFO - Filling up the DagBag from /opt/airflow/dags/file_etl_dag.py
[2026-04-27T09:24:04.829+0000] {processor.py:840} INFO - DAG(s) 'file_etl_pipeline' retrieved from /opt/airflow/dags/file_etl_dag.py
[2026-04-27T09:24:04.887+0000] {logging_mixin.py:188} INFO - [2026-04-27T09:24:04.885+0000] {dag.py:3089} INFO - Sync 1 DAGs
[2026-04-27T09:24:04.972+0000] {logging_mixin.py:188} INFO - [2026-04-27T09:24:04.971+0000] {dag.py:3947} INFO - Setting next_dagrun for file_etl_pipeline to 2026-04-27 00:00:00+00:00, run_after=2026-04-28 00:00:00+00:00
[2026-04-27T09:24:05.040+0000] {processor.py:183} INFO - Processing /opt/airflow/dags/file_etl_dag.py took 1.304 seconds
[2026-04-27T09:24:35.743+0000] {processor.py:161} INFO - Started process (PID=680) to work on /opt/airflow/dags/file_etl_dag.py
[2026-04-27T09:24:35.746+0000] {processor.py:830} INFO - Processing file /opt/airflow/dags/file_etl_dag.py for tasks to queue
[2026-04-27T09:24:35.749+0000] {logging_mixin.py:188} INFO - [2026-04-27T09:24:35.748+0000] {dagbag.py:545} INFO - Filling up the DagBag from /opt/airflow/dags/file_etl_dag.py
[2026-04-27T09:24:36.779+0000] {processor.py:840} INFO - DAG(s) 'file_etl_pipeline' retrieved from /opt/airflow/dags/file_etl_dag.py
[2026-04-27T09:24:36.839+0000] {logging_mixin.py:188} INFO - [2026-04-27T09:24:36.838+0000] {dag.py:3089} INFO - Sync 1 DAGs
[2026-04-27T09:24:36.912+0000] {logging_mixin.py:188} INFO - [2026-04-27T09:24:36.911+0000] {dag.py:3947} INFO - Setting next_dagrun for file_etl_pipeline to 2026-04-27 00:00:00+00:00, run_after=2026-04-28 00:00:00+00:00
[2026-04-27T09:24:36.976+0000] {processor.py:183} INFO - Processing /opt/airflow/dags/file_etl_dag.py took 1.247 seconds
[2026-04-27T09:25:07.221+0000] {processor.py:161} INFO - Started process (PID=686) to work on /opt/airflow/dags/file_etl_dag.py
[2026-04-27T09:25:07.228+0000] {processor.py:830} INFO - Processing file /opt/airflow/dags/file_etl_dag.py for tasks to queue
[2026-04-27T09:25:07.233+0000] {logging_mixin.py:188} INFO - [2026-04-27T09:25:07.232+0000] {dagbag.py:545} INFO - Filling up the DagBag from /opt/airflow/dags/file_etl_dag.py
[2026-04-27T09:25:08.462+0000] {processor.py:840} INFO - DAG(s) 'file_etl_pipeline' retrieved from /opt/airflow/dags/file_etl_dag.py
[2026-04-27T09:25:08.560+0000] {logging_mixin.py:188} INFO - [2026-04-27T09:25:08.558+0000] {dag.py:3089} INFO - Sync 1 DAGs
[2026-04-27T09:25:08.671+0000] {logging_mixin.py:188} INFO - [2026-04-27T09:25:08.670+0000] {dag.py:3947} INFO - Setting next_dagrun for file_etl_pipeline to 2026-04-27 00:00:00+00:00, run_after=2026-04-28 00:00:00+00:00
[2026-04-27T09:25:09.260+0000] {processor.py:183} INFO - Processing /opt/airflow/dags/file_etl_dag.py took 2.054 seconds
[2026-04-27T09:25:39.871+0000] {processor.py:161} INFO - Started process (PID=692) to work on /opt/airflow/dags/file_etl_dag.py
[2026-04-27T09:25:39.876+0000] {processor.py:830} INFO - Processing file /opt/airflow/dags/file_etl_dag.py for tasks to queue
[2026-04-27T09:25:39.883+0000] {logging_mixin.py:188} INFO - [2026-04-27T09:25:39.881+0000] {dagbag.py:545} INFO - Filling up the DagBag from /opt/airflow/dags/file_etl_dag.py
[2026-04-27T09:25:42.383+0000] {processor.py:840} INFO - DAG(s) 'file_etl_pipeline' retrieved from /opt/airflow/dags/file_etl_dag.py
[2026-04-27T09:25:42.468+0000] {logging_mixin.py:188} INFO - [2026-04-27T09:25:42.466+0000] {dag.py:3089} INFO - Sync 1 DAGs
[2026-04-27T09:25:43.164+0000] {logging_mixin.py:188} INFO - [2026-04-27T09:25:43.163+0000] {dag.py:3947} INFO - Setting next_dagrun for file_etl_pipeline to 2026-04-27 00:00:00+00:00, run_after=2026-04-28 00:00:00+00:00
[2026-04-27T09:25:43.258+0000] {processor.py:183} INFO - Processing /opt/airflow/dags/file_etl_dag.py took 3.432 seconds
[2026-04-27T09:26:14.066+0000] {processor.py:161} INFO - Started process (PID=698) to work on /opt/airflow/dags/file_etl_dag.py
[2026-04-27T09:26:14.070+0000] {processor.py:830} INFO - Processing file /opt/airflow/dags/file_etl_dag.py for tasks to queue
[2026-04-27T09:26:14.075+0000] {logging_mixin.py:188} INFO - [2026-04-27T09:26:14.073+0000] {dagbag.py:545} INFO - Filling up the DagBag from /opt/airflow/dags/file_etl_dag.py
[2026-04-27T09:26:15.202+0000] {processor.py:840} INFO - DAG(s) 'file_etl_pipeline' retrieved from /opt/airflow/dags/file_etl_dag.py
[2026-04-27T09:26:15.265+0000] {logging_mixin.py:188} INFO - [2026-04-27T09:26:15.263+0000] {dag.py:3089} INFO - Sync 1 DAGs
[2026-04-27T09:26:15.383+0000] {logging_mixin.py:188} INFO - [2026-04-27T09:26:15.382+0000] {dag.py:3947} INFO - Setting next_dagrun for file_etl_pipeline to 2026-04-27 00:00:00+00:00, run_after=2026-04-28 00:00:00+00:00
[2026-04-27T09:26:15.467+0000] {processor.py:183} INFO - Processing /opt/airflow/dags/file_etl_dag.py took 1.428 seconds
[2026-04-27T09:26:45.892+0000] {processor.py:161} INFO - Started process (PID=704) to work on /opt/airflow/dags/file_etl_dag.py
[2026-04-27T09:26:45.895+0000] {processor.py:830} INFO - Processing file /opt/airflow/dags/file_etl_dag.py for tasks to queue
[2026-04-27T09:26:45.898+0000] {logging_mixin.py:188} INFO - [2026-04-27T09:26:45.897+0000] {dagbag.py:545} INFO - Filling up the DagBag from /opt/airflow/dags/file_etl_dag.py
[2026-04-27T09:26:46.985+0000] {processor.py:840} INFO - DAG(s) 'file_etl_pipeline' retrieved from /opt/airflow/dags/file_etl_dag.py
[2026-04-27T09:26:47.050+0000] {logging_mixin.py:188} INFO - [2026-04-27T09:26:47.049+0000] {dag.py:3089} INFO - Sync 1 DAGs
[2026-04-27T09:26:47.149+0000] {logging_mixin.py:188} INFO - [2026-04-27T09:26:47.149+0000] {dag.py:3947} INFO - Setting next_dagrun for file_etl_pipeline to 2026-04-27 00:00:00+00:00, run_after=2026-04-28 00:00:00+00:00
[2026-04-27T09:26:47.238+0000] {processor.py:183} INFO - Processing /opt/airflow/dags/file_etl_dag.py took 1.366 seconds
[2026-04-27T09:27:17.583+0000] {processor.py:161} INFO - Started process (PID=710) to work on /opt/airflow/dags/file_etl_dag.py
[2026-04-27T09:27:17.586+0000] {processor.py:830} INFO - Processing file /opt/airflow/dags/file_etl_dag.py for tasks to queue
[2026-04-27T09:27:17.590+0000] {logging_mixin.py:188} INFO - [2026-04-27T09:27:17.589+0000] {dagbag.py:545} INFO - Filling up the DagBag from /opt/airflow/dags/file_etl_dag.py
[2026-04-27T09:27:18.910+0000] {processor.py:840} INFO - DAG(s) 'file_etl_pipeline' retrieved from /opt/airflow/dags/file_etl_dag.py
[2026-04-27T09:27:18.965+0000] {logging_mixin.py:188} INFO - [2026-04-27T09:27:18.964+0000] {dag.py:3089} INFO - Sync 1 DAGs
[2026-04-27T09:27:19.039+0000] {logging_mixin.py:188} INFO - [2026-04-27T09:27:19.038+0000] {dag.py:3947} INFO - Setting next_dagrun for file_etl_pipeline to 2026-04-27 00:00:00+00:00, run_after=2026-04-28 00:00:00+00:00
[2026-04-27T09:27:19.172+0000] {processor.py:183} INFO - Processing /opt/airflow/dags/file_etl_dag.py took 1.617 seconds
[2026-04-27T09:27:49.833+0000] {processor.py:161} INFO - Started process (PID=716) to work on /opt/airflow/dags/file_etl_dag.py
[2026-04-27T09:27:49.836+0000] {processor.py:830} INFO - Processing file /opt/airflow/dags/file_etl_dag.py for tasks to queue
[2026-04-27T09:27:49.840+0000] {logging_mixin.py:188} INFO - [2026-04-27T09:27:49.838+0000] {dagbag.py:545} INFO - Filling up the DagBag from /opt/airflow/dags/file_etl_dag.py
[2026-04-27T09:27:51.261+0000] {processor.py:840} INFO - DAG(s) 'file_etl_pipeline' retrieved from /opt/airflow/dags/file_etl_dag.py
[2026-04-27T09:27:51.342+0000] {logging_mixin.py:188} INFO - [2026-04-27T09:27:51.341+0000] {dag.py:3089} INFO - Sync 1 DAGs
[2026-04-27T09:27:51.437+0000] {logging_mixin.py:188} INFO - [2026-04-27T09:27:51.437+0000] {dag.py:3947} INFO - Setting next_dagrun for file_etl_pipeline to 2026-04-27 00:00:00+00:00, run_after=2026-04-28 00:00:00+00:00
[2026-04-27T09:27:51.506+0000] {processor.py:183} INFO - Processing /opt/airflow/dags/file_etl_dag.py took 1.695 seconds
[2026-04-27T09:28:21.716+0000] {processor.py:161} INFO - Started process (PID=722) to work on /opt/airflow/dags/file_etl_dag.py
[2026-04-27T09:28:21.719+0000] {processor.py:830} INFO - Processing file /opt/airflow/dags/file_etl_dag.py for tasks to queue
[2026-04-27T09:28:21.723+0000] {logging_mixin.py:188} INFO - [2026-04-27T09:28:21.722+0000] {dagbag.py:545} INFO - Filling up the DagBag from /opt/airflow/dags/file_etl_dag.py
[2026-04-27T09:28:23.170+0000] {processor.py:840} INFO - DAG(s) 'file_etl_pipeline' retrieved from /opt/airflow/dags/file_etl_dag.py
[2026-04-27T09:28:23.221+0000] {logging_mixin.py:188} INFO - [2026-04-27T09:28:23.220+0000] {dag.py:3089} INFO - Sync 1 DAGs
[2026-04-27T09:28:23.300+0000] {logging_mixin.py:188} INFO - [2026-04-27T09:28:23.299+0000] {dag.py:3947} INFO - Setting next_dagrun for file_etl_pipeline to 2026-04-27 00:00:00+00:00, run_after=2026-04-28 00:00:00+00:00
[2026-04-27T09:28:23.844+0000] {processor.py:183} INFO - Processing /opt/airflow/dags/file_etl_dag.py took 2.144 seconds
[2026-04-27T09:28:54.216+0000] {processor.py:161} INFO - Started process (PID=728) to work on /opt/airflow/dags/file_etl_dag.py
[2026-04-27T09:28:54.219+0000] {processor.py:830} INFO - Processing file /opt/airflow/dags/file_etl_dag.py for tasks to queue
[2026-04-27T09:28:54.223+0000] {logging_mixin.py:188} INFO - [2026-04-27T09:28:54.221+0000] {dagbag.py:545} INFO - Filling up the DagBag from /opt/airflow/dags/file_etl_dag.py
[2026-04-27T09:28:55.285+0000] {processor.py:840} INFO - DAG(s) 'file_etl_pipeline' retrieved from /opt/airflow/dags/file_etl_dag.py
[2026-04-27T09:28:55.366+0000] {logging_mixin.py:188} INFO - [2026-04-27T09:28:55.364+0000] {dag.py:3089} INFO - Sync 1 DAGs
[2026-04-27T09:28:55.992+0000] {logging_mixin.py:188} INFO - [2026-04-27T09:28:55.991+0000] {dag.py:3947} INFO - Setting next_dagrun for file_etl_pipeline to 2026-04-27 00:00:00+00:00, run_after=2026-04-28 00:00:00+00:00
[2026-04-27T09:28:56.064+0000] {processor.py:183} INFO - Processing /opt/airflow/dags/file_etl_dag.py took 1.868 seconds
[2026-04-27T09:29:26.843+0000] {processor.py:161} INFO - Started process (PID=734) to work on /opt/airflow/dags/file_etl_dag.py
[2026-04-27T09:29:26.847+0000] {processor.py:830} INFO - Processing file /opt/airflow/dags/file_etl_dag.py for tasks to queue
[2026-04-27T09:29:26.851+0000] {logging_mixin.py:188} INFO - [2026-04-27T09:29:26.850+0000] {dagbag.py:545} INFO - Filling up the DagBag from /opt/airflow/dags/file_etl_dag.py
[2026-04-27T09:29:28.130+0000] {processor.py:840} INFO - DAG(s) 'file_etl_pipeline' retrieved from /opt/airflow/dags/file_etl_dag.py
[2026-04-27T09:29:28.185+0000] {logging_mixin.py:188} INFO - [2026-04-27T09:29:28.184+0000] {dag.py:3089} INFO - Sync 1 DAGs
[2026-04-27T09:29:28.276+0000] {logging_mixin.py:188} INFO - [2026-04-27T09:29:28.275+0000] {dag.py:3947} INFO - Setting next_dagrun for file_etl_pipeline to 2026-04-27 00:00:00+00:00, run_after=2026-04-28 00:00:00+00:00
[2026-04-27T09:29:28.348+0000] {processor.py:183} INFO - Processing /opt/airflow/dags/file_etl_dag.py took 1.523 seconds
[2026-04-27T09:29:58.964+0000] {processor.py:161} INFO - Started process (PID=740) to work on /opt/airflow/dags/file_etl_dag.py
[2026-04-27T09:29:58.967+0000] {processor.py:830} INFO - Processing file /opt/airflow/dags/file_etl_dag.py for tasks to queue
[2026-04-27T09:29:58.972+0000] {logging_mixin.py:188} INFO - [2026-04-27T09:29:58.970+0000] {dagbag.py:545} INFO - Filling up the DagBag from /opt/airflow/dags/file_etl_dag.py
[2026-04-27T09:30:00.175+0000] {processor.py:840} INFO - DAG(s) 'file_etl_pipeline' retrieved from /opt/airflow/dags/file_etl_dag.py
[2026-04-27T09:30:00.268+0000] {logging_mixin.py:188} INFO - [2026-04-27T09:30:00.266+0000] {dag.py:3089} INFO - Sync 1 DAGs
[2026-04-27T09:30:00.374+0000] {logging_mixin.py:188} INFO - [2026-04-27T09:30:00.373+0000] {dag.py:3947} INFO - Setting next_dagrun for file_etl_pipeline to 2026-04-27 00:00:00+00:00, run_after=2026-04-28 00:00:00+00:00
[2026-04-27T09:30:00.462+0000] {processor.py:183} INFO - Processing /opt/airflow/dags/file_etl_dag.py took 1.529 seconds
[2026-04-27T09:30:31.133+0000] {processor.py:161} INFO - Started process (PID=746) to work on /opt/airflow/dags/file_etl_dag.py
[2026-04-27T09:30:31.137+0000] {processor.py:830} INFO - Processing file /opt/airflow/dags/file_etl_dag.py for tasks to queue
[2026-04-27T09:30:31.152+0000] {logging_mixin.py:188} INFO - [2026-04-27T09:30:31.141+0000] {dagbag.py:545} INFO - Filling up the DagBag from /opt/airflow/dags/file_etl_dag.py
[2026-04-27T09:30:32.842+0000] {processor.py:840} INFO - DAG(s) 'file_etl_pipeline' retrieved from /opt/airflow/dags/file_etl_dag.py
[2026-04-27T09:30:32.981+0000] {logging_mixin.py:188} INFO - [2026-04-27T09:30:32.979+0000] {dag.py:3089} INFO - Sync 1 DAGs
[2026-04-27T09:30:33.165+0000] {logging_mixin.py:188} INFO - [2026-04-27T09:30:33.164+0000] {dag.py:3947} INFO - Setting next_dagrun for file_etl_pipeline to 2026-04-27 00:00:00+00:00, run_after=2026-04-28 00:00:00+00:00
[2026-04-27T09:30:33.260+0000] {processor.py:183} INFO - Processing /opt/airflow/dags/file_etl_dag.py took 2.168 seconds
[2026-04-27T09:31:03.779+0000] {processor.py:161} INFO - Started process (PID=752) to work on /opt/airflow/dags/file_etl_dag.py
[2026-04-27T09:31:03.785+0000] {processor.py:830} INFO - Processing file /opt/airflow/dags/file_etl_dag.py for tasks to queue
[2026-04-27T09:31:03.795+0000] {logging_mixin.py:188} INFO - [2026-04-27T09:31:03.793+0000] {dagbag.py:545} INFO - Filling up the DagBag from /opt/airflow/dags/file_etl_dag.py
[2026-04-27T09:31:05.072+0000] {processor.py:840} INFO - DAG(s) 'file_etl_pipeline' retrieved from /opt/airflow/dags/file_etl_dag.py
[2026-04-27T09:31:05.142+0000] {logging_mixin.py:188} INFO - [2026-04-27T09:31:05.141+0000] {dag.py:3089} INFO - Sync 1 DAGs
[2026-04-27T09:31:05.245+0000] {logging_mixin.py:188} INFO - [2026-04-27T09:31:05.244+0000] {dag.py:3947} INFO - Setting next_dagrun for file_etl_pipeline to 2026-04-27 00:00:00+00:00, run_after=2026-04-28 00:00:00+00:00
[2026-04-27T09:31:05.330+0000] {processor.py:183} INFO - Processing /opt/airflow/dags/file_etl_dag.py took 1.586 seconds
[2026-04-27T09:31:35.953+0000] {processor.py:161} INFO - Started process (PID=758) to work on /opt/airflow/dags/file_etl_dag.py
[2026-04-27T09:31:35.955+0000] {processor.py:830} INFO - Processing file /opt/airflow/dags/file_etl_dag.py for tasks to queue
[2026-04-27T09:31:35.961+0000] {logging_mixin.py:188} INFO - [2026-04-27T09:31:35.959+0000] {dagbag.py:545} INFO - Filling up the DagBag from /opt/airflow/dags/file_etl_dag.py
[2026-04-27T09:31:37.257+0000] {processor.py:840} INFO - DAG(s) 'file_etl_pipeline' retrieved from /opt/airflow/dags/file_etl_dag.py
[2026-04-27T09:31:37.345+0000] {logging_mixin.py:188} INFO - [2026-04-27T09:31:37.343+0000] {dag.py:3089} INFO - Sync 1 DAGs
[2026-04-27T09:31:37.448+0000] {logging_mixin.py:188} INFO - [2026-04-27T09:31:37.447+0000] {dag.py:3947} INFO - Setting next_dagrun for file_etl_pipeline to 2026-04-27 00:00:00+00:00, run_after=2026-04-28 00:00:00+00:00
[2026-04-27T09:31:37.974+0000] {processor.py:183} INFO - Processing /opt/airflow/dags/file_etl_dag.py took 2.042 seconds
[2026-04-27T09:32:08.450+0000] {processor.py:161} INFO - Started process (PID=764) to work on /opt/airflow/dags/file_etl_dag.py
[2026-04-27T09:32:08.453+0000] {processor.py:830} INFO - Processing file /opt/airflow/dags/file_etl_dag.py for tasks to queue
[2026-04-27T09:32:08.456+0000] {logging_mixin.py:188} INFO - [2026-04-27T09:32:08.455+0000] {dagbag.py:545} INFO - Filling up the DagBag from /opt/airflow/dags/file_etl_dag.py
[2026-04-27T09:32:09.619+0000] {processor.py:840} INFO - DAG(s) 'file_etl_pipeline' retrieved from /opt/airflow/dags/file_etl_dag.py
[2026-04-27T09:32:09.674+0000] {logging_mixin.py:188} INFO - [2026-04-27T09:32:09.673+0000] {dag.py:3089} INFO - Sync 1 DAGs
[2026-04-27T09:32:10.426+0000] {logging_mixin.py:188} INFO - [2026-04-27T09:32:10.422+0000] {dag.py:3947} INFO - Setting next_dagrun for file_etl_pipeline to 2026-04-27 00:00:00+00:00, run_after=2026-04-28 00:00:00+00:00
[2026-04-27T09:32:10.520+0000] {processor.py:183} INFO - Processing /opt/airflow/dags/file_etl_dag.py took 2.089 seconds
[2026-04-27T09:32:41.175+0000] {processor.py:161} INFO - Started process (PID=770) to work on /opt/airflow/dags/file_etl_dag.py
[2026-04-27T09:32:41.179+0000] {processor.py:830} INFO - Processing file /opt/airflow/dags/file_etl_dag.py for tasks to queue
[2026-04-27T09:32:41.195+0000] {logging_mixin.py:188} INFO - [2026-04-27T09:32:41.192+0000] {dagbag.py:545} INFO - Filling up the DagBag from /opt/airflow/dags/file_etl_dag.py
[2026-04-27T09:32:43.218+0000] {processor.py:840} INFO - DAG(s) 'file_etl_pipeline' retrieved from /opt/airflow/dags/file_etl_dag.py
[2026-04-27T09:32:43.275+0000] {logging_mixin.py:188} INFO - [2026-04-27T09:32:43.273+0000] {dag.py:3089} INFO - Sync 1 DAGs
[2026-04-27T09:32:43.382+0000] {logging_mixin.py:188} INFO - [2026-04-27T09:32:43.381+0000] {dag.py:3947} INFO - Setting next_dagrun for file_etl_pipeline to 2026-04-27 00:00:00+00:00, run_after=2026-04-28 00:00:00+00:00
[2026-04-27T09:32:43.467+0000] {processor.py:183} INFO - Processing /opt/airflow/dags/file_etl_dag.py took 2.359 seconds
[2026-04-27T09:33:13.786+0000] {processor.py:161} INFO - Started process (PID=776) to work on /opt/airflow/dags/file_etl_dag.py
[2026-04-27T09:33:13.789+0000] {processor.py:830} INFO - Processing file /opt/airflow/dags/file_etl_dag.py for tasks to queue
[2026-04-27T09:33:13.794+0000] {logging_mixin.py:188} INFO - [2026-04-27T09:33:13.792+0000] {dagbag.py:545} INFO - Filling up the DagBag from /opt/airflow/dags/file_etl_dag.py
[2026-04-27T09:33:14.940+0000] {processor.py:840} INFO - DAG(s) 'file_etl_pipeline' retrieved from /opt/airflow/dags/file_etl_dag.py
[2026-04-27T09:33:14.992+0000] {logging_mixin.py:188} INFO - [2026-04-27T09:33:14.991+0000] {dag.py:3089} INFO - Sync 1 DAGs
[2026-04-27T09:33:15.067+0000] {logging_mixin.py:188} INFO - [2026-04-27T09:33:15.066+0000] {dag.py:3947} INFO - Setting next_dagrun for file_etl_pipeline to 2026-04-27 00:00:00+00:00, run_after=2026-04-28 00:00:00+00:00
[2026-04-27T09:33:15.136+0000] {processor.py:183} INFO - Processing /opt/airflow/dags/file_etl_dag.py took 1.371 seconds
[2026-04-27T09:33:45.636+0000] {processor.py:161} INFO - Started process (PID=782) to work on /opt/airflow/dags/file_etl_dag.py
[2026-04-27T09:33:45.639+0000] {processor.py:830} INFO - Processing file /opt/airflow/dags/file_etl_dag.py for tasks to queue
[2026-04-27T09:33:45.643+0000] {logging_mixin.py:188} INFO - [2026-04-27T09:33:45.641+0000] {dagbag.py:545} INFO - Filling up the DagBag from /opt/airflow/dags/file_etl_dag.py
[2026-04-27T09:33:46.697+0000] {processor.py:840} INFO - DAG(s) 'file_etl_pipeline' retrieved from /opt/airflow/dags/file_etl_dag.py
[2026-04-27T09:33:46.748+0000] {logging_mixin.py:188} INFO - [2026-04-27T09:33:46.747+0000] {dag.py:3089} INFO - Sync 1 DAGs
[2026-04-27T09:33:46.822+0000] {logging_mixin.py:188} INFO - [2026-04-27T09:33:46.821+0000] {dag.py:3947} INFO - Setting next_dagrun for file_etl_pipeline to 2026-04-27 00:00:00+00:00, run_after=2026-04-28 00:00:00+00:00
[2026-04-27T09:33:46.889+0000] {processor.py:183} INFO - Processing /opt/airflow/dags/file_etl_dag.py took 1.273 seconds
[2026-04-27T09:34:17.315+0000] {processor.py:161} INFO - Started process (PID=788) to work on /opt/airflow/dags/file_etl_dag.py
[2026-04-27T09:34:17.319+0000] {processor.py:830} INFO - Processing file /opt/airflow/dags/file_etl_dag.py for tasks to queue
[2026-04-27T09:34:17.323+0000] {logging_mixin.py:188} INFO - [2026-04-27T09:34:17.321+0000] {dagbag.py:545} INFO - Filling up the DagBag from /opt/airflow/dags/file_etl_dag.py
[2026-04-27T09:34:19.147+0000] {processor.py:840} INFO - DAG(s) 'file_etl_pipeline' retrieved from /opt/airflow/dags/file_etl_dag.py
[2026-04-27T09:34:19.237+0000] {logging_mixin.py:188} INFO - [2026-04-27T09:34:19.234+0000] {dag.py:3089} INFO - Sync 1 DAGs
[2026-04-27T09:34:19.350+0000] {logging_mixin.py:188} INFO - [2026-04-27T09:34:19.349+0000] {dag.py:3947} INFO - Setting next_dagrun for file_etl_pipeline to 2026-04-27 00:00:00+00:00, run_after=2026-04-28 00:00:00+00:00
[2026-04-27T09:34:19.982+0000] {processor.py:183} INFO - Processing /opt/airflow/dags/file_etl_dag.py took 2.705 seconds
[2026-04-27T09:34:50.658+0000] {processor.py:161} INFO - Started process (PID=794) to work on /opt/airflow/dags/file_etl_dag.py
[2026-04-27T09:34:50.662+0000] {processor.py:830} INFO - Processing file /opt/airflow/dags/file_etl_dag.py for tasks to queue
[2026-04-27T09:34:50.666+0000] {logging_mixin.py:188} INFO - [2026-04-27T09:34:50.665+0000] {dagbag.py:545} INFO - Filling up the DagBag from /opt/airflow/dags/file_etl_dag.py
[2026-04-27T09:34:52.330+0000] {processor.py:840} INFO - DAG(s) 'file_etl_pipeline' retrieved from /opt/airflow/dags/file_etl_dag.py
[2026-04-27T09:34:52.394+0000] {logging_mixin.py:188} INFO - [2026-04-27T09:34:52.393+0000] {dag.py:3089} INFO - Sync 1 DAGs
[2026-04-27T09:34:53.526+0000] {logging_mixin.py:188} INFO - [2026-04-27T09:34:53.524+0000] {dag.py:3947} INFO - Setting next_dagrun for file_etl_pipeline to 2026-04-27 00:00:00+00:00, run_after=2026-04-28 00:00:00+00:00
[2026-04-27T09:34:53.647+0000] {processor.py:183} INFO - Processing /opt/airflow/dags/file_etl_dag.py took 3.011 seconds
[2026-04-27T09:35:24.237+0000] {processor.py:161} INFO - Started process (PID=800) to work on /opt/airflow/dags/file_etl_dag.py
[2026-04-27T09:35:24.240+0000] {processor.py:830} INFO - Processing file /opt/airflow/dags/file_etl_dag.py for tasks to queue
[2026-04-27T09:35:24.243+0000] {logging_mixin.py:188} INFO - [2026-04-27T09:35:24.242+0000] {dagbag.py:545} INFO - Filling up the DagBag from /opt/airflow/dags/file_etl_dag.py
[2026-04-27T09:35:25.347+0000] {processor.py:840} INFO - DAG(s) 'file_etl_pipeline' retrieved from /opt/airflow/dags/file_etl_dag.py
[2026-04-27T09:35:25.405+0000] {logging_mixin.py:188} INFO - [2026-04-27T09:35:25.402+0000] {dag.py:3089} INFO - Sync 1 DAGs
[2026-04-27T09:35:25.497+0000] {logging_mixin.py:188} INFO - [2026-04-27T09:35:25.496+0000] {dag.py:3947} INFO - Setting next_dagrun for file_etl_pipeline to 2026-04-27 00:00:00+00:00, run_after=2026-04-28 00:00:00+00:00
[2026-04-27T09:35:25.573+0000] {processor.py:183} INFO - Processing /opt/airflow/dags/file_etl_dag.py took 1.351 seconds
[2026-04-27T09:35:56.152+0000] {processor.py:161} INFO - Started process (PID=806) to work on /opt/airflow/dags/file_etl_dag.py
[2026-04-27T09:35:56.156+0000] {processor.py:830} INFO - Processing file /opt/airflow/dags/file_etl_dag.py for tasks to queue
[2026-04-27T09:35:56.160+0000] {logging_mixin.py:188} INFO - [2026-04-27T09:35:56.158+0000] {dagbag.py:545} INFO - Filling up the DagBag from /opt/airflow/dags/file_etl_dag.py
[2026-04-27T09:35:57.252+0000] {processor.py:840} INFO - DAG(s) 'file_etl_pipeline' retrieved from /opt/airflow/dags/file_etl_dag.py
[2026-04-27T09:35:57.310+0000] {logging_mixin.py:188} INFO - [2026-04-27T09:35:57.309+0000] {dag.py:3089} INFO - Sync 1 DAGs
[2026-04-27T09:35:57.420+0000] {logging_mixin.py:188} INFO - [2026-04-27T09:35:57.419+0000] {dag.py:3947} INFO - Setting next_dagrun for file_etl_pipeline to 2026-04-27 00:00:00+00:00, run_after=2026-04-28 00:00:00+00:00
[2026-04-27T09:35:57.524+0000] {processor.py:183} INFO - Processing /opt/airflow/dags/file_etl_dag.py took 1.395 seconds
[2026-04-27T09:36:28.089+0000] {processor.py:161} INFO - Started process (PID=812) to work on /opt/airflow/dags/file_etl_dag.py
[2026-04-27T09:36:28.092+0000] {processor.py:830} INFO - Processing file /opt/airflow/dags/file_etl_dag.py for tasks to queue
[2026-04-27T09:36:28.096+0000] {logging_mixin.py:188} INFO - [2026-04-27T09:36:28.094+0000] {dagbag.py:545} INFO - Filling up the DagBag from /opt/airflow/dags/file_etl_dag.py
[2026-04-27T09:36:29.649+0000] {processor.py:840} INFO - DAG(s) 'file_etl_pipeline' retrieved from /opt/airflow/dags/file_etl_dag.py
[2026-04-27T09:36:29.714+0000] {logging_mixin.py:188} INFO - [2026-04-27T09:36:29.712+0000] {dag.py:3089} INFO - Sync 1 DAGs
[2026-04-27T09:36:29.795+0000] {logging_mixin.py:188} INFO - [2026-04-27T09:36:29.794+0000] {dag.py:3947} INFO - Setting next_dagrun for file_etl_pipeline to 2026-04-27 00:00:00+00:00, run_after=2026-04-28 00:00:00+00:00
[2026-04-27T09:36:29.874+0000] {processor.py:183} INFO - Processing /opt/airflow/dags/file_etl_dag.py took 1.816 seconds
[2026-04-27T09:37:00.169+0000] {processor.py:161} INFO - Started process (PID=818) to work on /opt/airflow/dags/file_etl_dag.py
[2026-04-27T09:37:00.173+0000] {processor.py:830} INFO - Processing file /opt/airflow/dags/file_etl_dag.py for tasks to queue
[2026-04-27T09:37:00.181+0000] {logging_mixin.py:188} INFO - [2026-04-27T09:37:00.179+0000] {dagbag.py:545} INFO - Filling up the DagBag from /opt/airflow/dags/file_etl_dag.py
[2026-04-27T09:37:02.096+0000] {processor.py:840} INFO - DAG(s) 'file_etl_pipeline' retrieved from /opt/airflow/dags/file_etl_dag.py
[2026-04-27T09:37:03.253+0000] {logging_mixin.py:188} INFO - [2026-04-27T09:37:03.249+0000] {dag.py:3089} INFO - Sync 1 DAGs
[2026-04-27T09:37:03.399+0000] {logging_mixin.py:188} INFO - [2026-04-27T09:37:03.398+0000] {dag.py:3947} INFO - Setting next_dagrun for file_etl_pipeline to 2026-04-27 00:00:00+00:00, run_after=2026-04-28 00:00:00+00:00
[2026-04-27T09:37:03.503+0000] {processor.py:183} INFO - Processing /opt/airflow/dags/file_etl_dag.py took 3.370 seconds
[2026-04-27T09:37:34.449+0000] {processor.py:161} INFO - Started process (PID=824) to work on /opt/airflow/dags/file_etl_dag.py
[2026-04-27T09:37:34.451+0000] {processor.py:830} INFO - Processing file /opt/airflow/dags/file_etl_dag.py for tasks to queue
[2026-04-27T09:37:34.455+0000] {logging_mixin.py:188} INFO - [2026-04-27T09:37:34.454+0000] {dagbag.py:545} INFO - Filling up the DagBag from /opt/airflow/dags/file_etl_dag.py
[2026-04-27T09:37:35.701+0000] {processor.py:840} INFO - DAG(s) 'file_etl_pipeline' retrieved from /opt/airflow/dags/file_etl_dag.py
[2026-04-27T09:37:35.798+0000] {logging_mixin.py:188} INFO - [2026-04-27T09:37:35.795+0000] {dag.py:3089} INFO - Sync 1 DAGs
[2026-04-27T09:37:36.018+0000] {logging_mixin.py:188} INFO - [2026-04-27T09:37:36.016+0000] {dag.py:3947} INFO - Setting next_dagrun for file_etl_pipeline to 2026-04-27 00:00:00+00:00, run_after=2026-04-28 00:00:00+00:00
[2026-04-27T09:37:36.851+0000] {processor.py:183} INFO - Processing /opt/airflow/dags/file_etl_dag.py took 2.420 seconds
[2026-04-27T09:38:07.192+0000] {processor.py:161} INFO - Started process (PID=830) to work on /opt/airflow/dags/file_etl_dag.py
[2026-04-27T09:38:07.195+0000] {processor.py:830} INFO - Processing file /opt/airflow/dags/file_etl_dag.py for tasks to queue
[2026-04-27T09:38:07.199+0000] {logging_mixin.py:188} INFO - [2026-04-27T09:38:07.198+0000] {dagbag.py:545} INFO - Filling up the DagBag from /opt/airflow/dags/file_etl_dag.py
[2026-04-27T09:38:08.739+0000] {processor.py:840} INFO - DAG(s) 'file_etl_pipeline' retrieved from /opt/airflow/dags/file_etl_dag.py
[2026-04-27T09:38:08.858+0000] {logging_mixin.py:188} INFO - [2026-04-27T09:38:08.855+0000] {dag.py:3089} INFO - Sync 1 DAGs
[2026-04-27T09:38:09.706+0000] {logging_mixin.py:188} INFO - [2026-04-27T09:38:09.705+0000] {dag.py:3947} INFO - Setting next_dagrun for file_etl_pipeline to 2026-04-27 00:00:00+00:00, run_after=2026-04-28 00:00:00+00:00
[2026-04-27T09:38:09.798+0000] {processor.py:183} INFO - Processing /opt/airflow/dags/file_etl_dag.py took 2.627 seconds
[2026-04-27T09:38:40.227+0000] {processor.py:161} INFO - Started process (PID=836) to work on /opt/airflow/dags/file_etl_dag.py
[2026-04-27T09:38:40.230+0000] {processor.py:830} INFO - Processing file /opt/airflow/dags/file_etl_dag.py for tasks to queue
[2026-04-27T09:38:40.234+0000] {logging_mixin.py:188} INFO - [2026-04-27T09:38:40.233+0000] {dagbag.py:545} INFO - Filling up the DagBag from /opt/airflow/dags/file_etl_dag.py
[2026-04-27T09:38:41.667+0000] {processor.py:840} INFO - DAG(s) 'file_etl_pipeline' retrieved from /opt/airflow/dags/file_etl_dag.py
[2026-04-27T09:38:41.778+0000] {logging_mixin.py:188} INFO - [2026-04-27T09:38:41.776+0000] {dag.py:3089} INFO - Sync 1 DAGs
[2026-04-27T09:38:41.970+0000] {logging_mixin.py:188} INFO - [2026-04-27T09:38:41.969+0000] {dag.py:3947} INFO - Setting next_dagrun for file_etl_pipeline to 2026-04-27 00:00:00+00:00, run_after=2026-04-28 00:00:00+00:00
[2026-04-27T09:38:42.095+0000] {processor.py:183} INFO - Processing /opt/airflow/dags/file_etl_dag.py took 1.885 seconds
[2026-04-27T09:39:13.039+0000] {processor.py:161} INFO - Started process (PID=842) to work on /opt/airflow/dags/file_etl_dag.py
[2026-04-27T09:39:13.042+0000] {processor.py:830} INFO - Processing file /opt/airflow/dags/file_etl_dag.py for tasks to queue
[2026-04-27T09:39:13.045+0000] {logging_mixin.py:188} INFO - [2026-04-27T09:39:13.044+0000] {dagbag.py:545} INFO - Filling up the DagBag from /opt/airflow/dags/file_etl_dag.py
[2026-04-27T09:39:14.361+0000] {processor.py:840} INFO - DAG(s) 'file_etl_pipeline' retrieved from /opt/airflow/dags/file_etl_dag.py
[2026-04-27T09:39:14.424+0000] {logging_mixin.py:188} INFO - [2026-04-27T09:39:14.423+0000] {dag.py:3089} INFO - Sync 1 DAGs
[2026-04-27T09:39:14.523+0000] {logging_mixin.py:188} INFO - [2026-04-27T09:39:14.522+0000] {dag.py:3947} INFO - Setting next_dagrun for file_etl_pipeline to 2026-04-27 00:00:00+00:00, run_after=2026-04-28 00:00:00+00:00
[2026-04-27T09:39:14.612+0000] {processor.py:183} INFO - Processing /opt/airflow/dags/file_etl_dag.py took 1.595 seconds
[2026-04-27T09:39:45.327+0000] {processor.py:161} INFO - Started process (PID=848) to work on /opt/airflow/dags/file_etl_dag.py
[2026-04-27T09:39:45.331+0000] {processor.py:830} INFO - Processing file /opt/airflow/dags/file_etl_dag.py for tasks to queue
[2026-04-27T09:39:45.336+0000] {logging_mixin.py:188} INFO - [2026-04-27T09:39:45.335+0000] {dagbag.py:545} INFO - Filling up the DagBag from /opt/airflow/dags/file_etl_dag.py
[2026-04-27T09:39:46.833+0000] {processor.py:840} INFO - DAG(s) 'file_etl_pipeline' retrieved from /opt/airflow/dags/file_etl_dag.py
[2026-04-27T09:39:46.920+0000] {logging_mixin.py:188} INFO - [2026-04-27T09:39:46.918+0000] {dag.py:3089} INFO - Sync 1 DAGs
[2026-04-27T09:39:47.054+0000] {logging_mixin.py:188} INFO - [2026-04-27T09:39:47.053+0000] {dag.py:3947} INFO - Setting next_dagrun for file_etl_pipeline to 2026-04-27 00:00:00+00:00, run_after=2026-04-28 00:00:00+00:00
[2026-04-27T09:39:47.134+0000] {processor.py:183} INFO - Processing /opt/airflow/dags/file_etl_dag.py took 1.825 seconds
[2026-04-27T09:40:17.762+0000] {processor.py:161} INFO - Started process (PID=854) to work on /opt/airflow/dags/file_etl_dag.py
[2026-04-27T09:40:17.765+0000] {processor.py:830} INFO - Processing file /opt/airflow/dags/file_etl_dag.py for tasks to queue
[2026-04-27T09:40:17.770+0000] {logging_mixin.py:188} INFO - [2026-04-27T09:40:17.769+0000] {dagbag.py:545} INFO - Filling up the DagBag from /opt/airflow/dags/file_etl_dag.py
[2026-04-27T09:40:19.036+0000] {processor.py:840} INFO - DAG(s) 'file_etl_pipeline' retrieved from /opt/airflow/dags/file_etl_dag.py
[2026-04-27T09:40:19.124+0000] {logging_mixin.py:188} INFO - [2026-04-27T09:40:19.123+0000] {dag.py:3089} INFO - Sync 1 DAGs
[2026-04-27T09:40:19.236+0000] {logging_mixin.py:188} INFO - [2026-04-27T09:40:19.235+0000] {dag.py:3947} INFO - Setting next_dagrun for file_etl_pipeline to 2026-04-27 00:00:00+00:00, run_after=2026-04-28 00:00:00+00:00
[2026-04-27T09:40:19.770+0000] {processor.py:183} INFO - Processing /opt/airflow/dags/file_etl_dag.py took 2.053 seconds
[2026-04-27T09:40:50.255+0000] {processor.py:161} INFO - Started process (PID=860) to work on /opt/airflow/dags/file_etl_dag.py
[2026-04-27T09:40:50.258+0000] {processor.py:830} INFO - Processing file /opt/airflow/dags/file_etl_dag.py for tasks to queue
[2026-04-27T09:40:50.262+0000] {logging_mixin.py:188} INFO - [2026-04-27T09:40:50.261+0000] {dagbag.py:545} INFO - Filling up the DagBag from /opt/airflow/dags/file_etl_dag.py
[2026-04-27T09:40:51.927+0000] {processor.py:840} INFO - DAG(s) 'file_etl_pipeline' retrieved from /opt/airflow/dags/file_etl_dag.py
[2026-04-27T09:40:52.028+0000] {logging_mixin.py:188} INFO - [2026-04-27T09:40:52.026+0000] {dag.py:3089} INFO - Sync 1 DAGs
[2026-04-27T09:40:52.636+0000] {logging_mixin.py:188} INFO - [2026-04-27T09:40:52.635+0000] {dag.py:3947} INFO - Setting next_dagrun for file_etl_pipeline to 2026-04-27 00:00:00+00:00, run_after=2026-04-28 00:00:00+00:00
[2026-04-27T09:40:52.708+0000] {processor.py:183} INFO - Processing /opt/airflow/dags/file_etl_dag.py took 2.473 seconds
[2026-04-27T09:41:23.379+0000] {processor.py:161} INFO - Started process (PID=866) to work on /opt/airflow/dags/file_etl_dag.py
[2026-04-27T09:41:23.383+0000] {processor.py:830} INFO - Processing file /opt/airflow/dags/file_etl_dag.py for tasks to queue
[2026-04-27T09:41:23.387+0000] {logging_mixin.py:188} INFO - [2026-04-27T09:41:23.385+0000] {dagbag.py:545} INFO - Filling up the DagBag from /opt/airflow/dags/file_etl_dag.py
[2026-04-27T09:41:24.838+0000] {processor.py:840} INFO - DAG(s) 'file_etl_pipeline' retrieved from /opt/airflow/dags/file_etl_dag.py
[2026-04-27T09:41:24.899+0000] {logging_mixin.py:188} INFO - [2026-04-27T09:41:24.897+0000] {dag.py:3089} INFO - Sync 1 DAGs
[2026-04-27T09:41:25.444+0000] {logging_mixin.py:188} INFO - [2026-04-27T09:41:25.443+0000] {dag.py:3947} INFO - Setting next_dagrun for file_etl_pipeline to 2026-04-27 00:00:00+00:00, run_after=2026-04-28 00:00:00+00:00
[2026-04-27T09:41:25.517+0000] {processor.py:183} INFO - Processing /opt/airflow/dags/file_etl_dag.py took 2.161 seconds
[2026-04-27T09:41:55.912+0000] {processor.py:161} INFO - Started process (PID=872) to work on /opt/airflow/dags/file_etl_dag.py
[2026-04-27T09:41:55.915+0000] {processor.py:830} INFO - Processing file /opt/airflow/dags/file_etl_dag.py for tasks to queue
[2026-04-27T09:41:55.919+0000] {logging_mixin.py:188} INFO - [2026-04-27T09:41:55.918+0000] {dagbag.py:545} INFO - Filling up the DagBag from /opt/airflow/dags/file_etl_dag.py
[2026-04-27T09:41:57.183+0000] {processor.py:840} INFO - DAG(s) 'file_etl_pipeline' retrieved from /opt/airflow/dags/file_etl_dag.py
[2026-04-27T09:41:57.237+0000] {logging_mixin.py:188} INFO - [2026-04-27T09:41:57.236+0000] {dag.py:3089} INFO - Sync 1 DAGs
[2026-04-27T09:41:57.318+0000] {logging_mixin.py:188} INFO - [2026-04-27T09:41:57.317+0000] {dag.py:3947} INFO - Setting next_dagrun for file_etl_pipeline to 2026-04-27 00:00:00+00:00, run_after=2026-04-28 00:00:00+00:00
[2026-04-27T09:41:57.404+0000] {processor.py:183} INFO - Processing /opt/airflow/dags/file_etl_dag.py took 1.514 seconds
[2026-04-27T09:42:27.637+0000] {processor.py:161} INFO - Started process (PID=878) to work on /opt/airflow/dags/file_etl_dag.py
[2026-04-27T09:42:27.640+0000] {processor.py:830} INFO - Processing file /opt/airflow/dags/file_etl_dag.py for tasks to queue
[2026-04-27T09:42:27.645+0000] {logging_mixin.py:188} INFO - [2026-04-27T09:42:27.643+0000] {dagbag.py:545} INFO - Filling up the DagBag from /opt/airflow/dags/file_etl_dag.py
[2026-04-27T09:42:29.357+0000] {processor.py:840} INFO - DAG(s) 'file_etl_pipeline' retrieved from /opt/airflow/dags/file_etl_dag.py
[2026-04-27T09:42:29.434+0000] {logging_mixin.py:188} INFO - [2026-04-27T09:42:29.432+0000] {dag.py:3089} INFO - Sync 1 DAGs
[2026-04-27T09:42:29.535+0000] {logging_mixin.py:188} INFO - [2026-04-27T09:42:29.534+0000] {dag.py:3947} INFO - Setting next_dagrun for file_etl_pipeline to 2026-04-27 00:00:00+00:00, run_after=2026-04-28 00:00:00+00:00
[2026-04-27T09:42:29.627+0000] {processor.py:183} INFO - Processing /opt/airflow/dags/file_etl_dag.py took 2.015 seconds
[2026-04-27T09:43:00.217+0000] {processor.py:161} INFO - Started process (PID=884) to work on /opt/airflow/dags/file_etl_dag.py
[2026-04-27T09:43:00.220+0000] {processor.py:830} INFO - Processing file /opt/airflow/dags/file_etl_dag.py for tasks to queue
[2026-04-27T09:43:00.224+0000] {logging_mixin.py:188} INFO - [2026-04-27T09:43:00.223+0000] {dagbag.py:545} INFO - Filling up the DagBag from /opt/airflow/dags/file_etl_dag.py
[2026-04-27T09:43:01.723+0000] {processor.py:840} INFO - DAG(s) 'file_etl_pipeline' retrieved from /opt/airflow/dags/file_etl_dag.py
[2026-04-27T09:43:01.816+0000] {logging_mixin.py:188} INFO - [2026-04-27T09:43:01.813+0000] {dag.py:3089} INFO - Sync 1 DAGs
[2026-04-27T09:43:01.975+0000] {logging_mixin.py:188} INFO - [2026-04-27T09:43:01.974+0000] {dag.py:3947} INFO - Setting next_dagrun for file_etl_pipeline to 2026-04-27 00:00:00+00:00, run_after=2026-04-28 00:00:00+00:00
[2026-04-27T09:43:02.117+0000] {processor.py:183} INFO - Processing /opt/airflow/dags/file_etl_dag.py took 1.921 seconds
[2026-04-27T09:43:32.753+0000] {processor.py:161} INFO - Started process (PID=890) to work on /opt/airflow/dags/file_etl_dag.py
[2026-04-27T09:43:32.756+0000] {processor.py:830} INFO - Processing file /opt/airflow/dags/file_etl_dag.py for tasks to queue
[2026-04-27T09:43:32.759+0000] {logging_mixin.py:188} INFO - [2026-04-27T09:43:32.758+0000] {dagbag.py:545} INFO - Filling up the DagBag from /opt/airflow/dags/file_etl_dag.py
[2026-04-27T09:43:34.561+0000] {processor.py:840} INFO - DAG(s) 'file_etl_pipeline' retrieved from /opt/airflow/dags/file_etl_dag.py
[2026-04-27T09:43:34.651+0000] {logging_mixin.py:188} INFO - [2026-04-27T09:43:34.649+0000] {dag.py:3089} INFO - Sync 1 DAGs
[2026-04-27T09:43:34.833+0000] {logging_mixin.py:188} INFO - [2026-04-27T09:43:34.828+0000] {dag.py:3947} INFO - Setting next_dagrun for file_etl_pipeline to 2026-04-27 00:00:00+00:00, run_after=2026-04-28 00:00:00+00:00
[2026-04-27T09:43:35.642+0000] {processor.py:183} INFO - Processing /opt/airflow/dags/file_etl_dag.py took 2.911 seconds
