[2026-04-25T10:11:40.785+0000] {manager.py:470} INFO - Processing files using up to 2 processes at a time 
[2026-04-25T10:11:40.787+0000] {manager.py:471} INFO - Process each file at most once every 30 seconds
[2026-04-25T10:11:40.788+0000] {manager.py:472} INFO - Checking for new files in /opt/airflow/dags every 300 seconds
[2026-04-25T10:11:40.790+0000] {manager.py:737} INFO - Searching for files in /opt/airflow/dags
[2026-04-25T10:11:40.830+0000] {manager.py:740} INFO - There are 1 files in /opt/airflow/dags
[2026-04-25T10:11:41.012+0000] {manager.py:878} INFO - 
================================================================================
DAG File Processing Stats

File Path                            PID  Runtime      # DAGs    # Errors  Last Runtime    Last Run
---------------------------------  -----  ---------  --------  ----------  --------------  ----------
/opt/airflow/dags/file_etl_dag.py    165  0.07s             0           0
================================================================================
[2026-04-25T10:12:11.205+0000] {manager.py:878} INFO - 
================================================================================
DAG File Processing Stats

File Path                          PID    Runtime      # DAGs    # Errors  Last Runtime    Last Run
---------------------------------  -----  ---------  --------  ----------  --------------  -------------------
/opt/airflow/dags/file_etl_dag.py                           1           0  2.18s           2026-04-25T10:11:43
================================================================================
[2026-04-25T10:12:41.371+0000] {manager.py:878} INFO - 
================================================================================
DAG File Processing Stats

File Path                          PID    Runtime      # DAGs    # Errors  Last Runtime    Last Run
---------------------------------  -----  ---------  --------  ----------  --------------  -------------------
/opt/airflow/dags/file_etl_dag.py                           1           0  0.93s           2026-04-25T10:12:14
================================================================================
[2026-04-25T10:13:11.624+0000] {manager.py:878} INFO - 
================================================================================
DAG File Processing Stats

File Path                          PID    Runtime      # DAGs    # Errors  Last Runtime    Last Run
---------------------------------  -----  ---------  --------  ----------  --------------  -------------------
/opt/airflow/dags/file_etl_dag.py                           1           0  1.01s           2026-04-25T10:12:45
================================================================================
[2026-04-25T10:13:41.902+0000] {manager.py:878} INFO - 
================================================================================
DAG File Processing Stats

File Path                          PID    Runtime      # DAGs    # Errors  Last Runtime    Last Run
---------------------------------  -----  ---------  --------  ----------  --------------  -------------------
/opt/airflow/dags/file_etl_dag.py                           1           0  1.09s           2026-04-25T10:13:16
================================================================================
[2026-04-25T10:14:12.166+0000] {manager.py:878} INFO - 
================================================================================
DAG File Processing Stats

File Path                          PID    Runtime      # DAGs    # Errors  Last Runtime    Last Run
---------------------------------  -----  ---------  --------  ----------  --------------  -------------------
/opt/airflow/dags/file_etl_dag.py                           1           0  1.07s           2026-04-25T10:13:48
================================================================================
[2026-04-25T10:14:42.388+0000] {manager.py:878} INFO - 
================================================================================
DAG File Processing Stats

File Path                          PID    Runtime      # DAGs    # Errors  Last Runtime    Last Run
---------------------------------  -----  ---------  --------  ----------  --------------  -------------------
/opt/airflow/dags/file_etl_dag.py                           1           0  0.97s           2026-04-25T10:14:19
================================================================================
[2026-04-25T10:15:12.643+0000] {manager.py:878} INFO - 
================================================================================
DAG File Processing Stats

File Path                          PID    Runtime      # DAGs    # Errors  Last Runtime    Last Run
---------------------------------  -----  ---------  --------  ----------  --------------  -------------------
/opt/airflow/dags/file_etl_dag.py                           1           0  1.00s           2026-04-25T10:14:50
================================================================================
[2026-04-25T10:15:42.909+0000] {manager.py:878} INFO - 
================================================================================
DAG File Processing Stats

File Path                          PID    Runtime      # DAGs    # Errors  Last Runtime    Last Run
---------------------------------  -----  ---------  --------  ----------  --------------  -------------------
/opt/airflow/dags/file_etl_dag.py                           1           0  1.00s           2026-04-25T10:15:21
================================================================================
[2026-04-25T10:16:12.999+0000] {manager.py:878} INFO - 
================================================================================
DAG File Processing Stats

File Path                          PID    Runtime      # DAGs    # Errors  Last Runtime    Last Run
---------------------------------  -----  ---------  --------  ----------  --------------  -------------------
/opt/airflow/dags/file_etl_dag.py                           1           0  0.85s           2026-04-25T10:15:52
================================================================================
[2026-04-25T10:16:40.952+0000] {manager.py:737} INFO - Searching for files in /opt/airflow/dags
[2026-04-25T10:16:41.004+0000] {manager.py:740} INFO - There are 1 files in /opt/airflow/dags
[2026-04-25T10:16:43.047+0000] {manager.py:878} INFO - 
================================================================================
DAG File Processing Stats

File Path                          PID    Runtime      # DAGs    # Errors  Last Runtime    Last Run
---------------------------------  -----  ---------  --------  ----------  --------------  -------------------
/opt/airflow/dags/file_etl_dag.py                           1           0  0.74s           2026-04-25T10:16:23
================================================================================
[2026-04-25T10:17:13.537+0000] {manager.py:878} INFO - 
================================================================================
DAG File Processing Stats

File Path                          PID    Runtime      # DAGs    # Errors  Last Runtime    Last Run
---------------------------------  -----  ---------  --------  ----------  --------------  -------------------
/opt/airflow/dags/file_etl_dag.py                           1           0  0.71s           2026-04-25T10:16:54
================================================================================
[2026-04-25T10:17:43.769+0000] {manager.py:878} INFO - 
================================================================================
DAG File Processing Stats

File Path                          PID    Runtime      # DAGs    # Errors  Last Runtime    Last Run
---------------------------------  -----  ---------  --------  ----------  --------------  -------------------
/opt/airflow/dags/file_etl_dag.py                           1           0  0.73s           2026-04-25T10:17:25
================================================================================
[2026-04-25T10:18:13.982+0000] {manager.py:878} INFO - 
================================================================================
DAG File Processing Stats

File Path                          PID    Runtime      # DAGs    # Errors  Last Runtime    Last Run
---------------------------------  -----  ---------  --------  ----------  --------------  -------------------
/opt/airflow/dags/file_etl_dag.py                           1           0  0.96s           2026-04-25T10:17:56
================================================================================
[2026-04-25T10:18:44.343+0000] {manager.py:878} INFO - 
================================================================================
DAG File Processing Stats

File Path                          PID    Runtime      # DAGs    # Errors  Last Runtime    Last Run
---------------------------------  -----  ---------  --------  ----------  --------------  -------------------
/opt/airflow/dags/file_etl_dag.py                           1           0  1.20s           2026-04-25T10:18:28
================================================================================
[2026-04-25T10:19:14.602+0000] {manager.py:878} INFO - 
================================================================================
DAG File Processing Stats

File Path                          PID    Runtime      # DAGs    # Errors  Last Runtime    Last Run
---------------------------------  -----  ---------  --------  ----------  --------------  -------------------
/opt/airflow/dags/file_etl_dag.py                           1           0  1.18s           2026-04-25T10:18:59
================================================================================
[2026-04-25T10:19:44.801+0000] {manager.py:878} INFO - 
================================================================================
DAG File Processing Stats

File Path                          PID    Runtime      # DAGs    # Errors  Last Runtime    Last Run
---------------------------------  -----  ---------  --------  ----------  --------------  -------------------
/opt/airflow/dags/file_etl_dag.py                           1           0  0.96s           2026-04-25T10:19:30
================================================================================
[2026-04-25T10:20:14.909+0000] {manager.py:878} INFO - 
================================================================================
DAG File Processing Stats

File Path                          PID    Runtime      # DAGs    # Errors  Last Runtime    Last Run
---------------------------------  -----  ---------  --------  ----------  --------------  -------------------
/opt/airflow/dags/file_etl_dag.py                           1           0  0.89s           2026-04-25T10:20:01
================================================================================
[2026-04-25T10:20:45.005+0000] {manager.py:878} INFO - 
================================================================================
DAG File Processing Stats

File Path                          PID    Runtime      # DAGs    # Errors  Last Runtime    Last Run
---------------------------------  -----  ---------  --------  ----------  --------------  -------------------
/opt/airflow/dags/file_etl_dag.py                           1           0  0.88s           2026-04-25T10:20:32
================================================================================
[2026-04-25T10:21:15.008+0000] {manager.py:878} INFO - 
================================================================================
DAG File Processing Stats

File Path                          PID    Runtime      # DAGs    # Errors  Last Runtime    Last Run
---------------------------------  -----  ---------  --------  ----------  --------------  -------------------
/opt/airflow/dags/file_etl_dag.py                           1           0  0.77s           2026-04-25T10:21:03
================================================================================
[2026-04-25T10:21:41.092+0000] {manager.py:737} INFO - Searching for files in /opt/airflow/dags
[2026-04-25T10:21:41.142+0000] {manager.py:740} INFO - There are 1 files in /opt/airflow/dags
[2026-04-25T10:21:45.192+0000] {manager.py:878} INFO - 
================================================================================
DAG File Processing Stats

File Path                          PID    Runtime      # DAGs    # Errors  Last Runtime    Last Run
---------------------------------  -----  ---------  --------  ----------  --------------  -------------------
/opt/airflow/dags/file_etl_dag.py                           1           0  0.90s           2026-04-25T10:21:35
================================================================================
[2026-04-25T10:22:15.913+0000] {manager.py:878} INFO - 
================================================================================
DAG File Processing Stats

File Path                          PID    Runtime      # DAGs    # Errors  Last Runtime    Last Run
---------------------------------  -----  ---------  --------  ----------  --------------  -------------------
/opt/airflow/dags/file_etl_dag.py                           1           0  0.71s           2026-04-25T10:22:06
================================================================================
[2026-04-25T10:22:46.304+0000] {manager.py:878} INFO - 
================================================================================
DAG File Processing Stats

File Path                          PID    Runtime      # DAGs    # Errors  Last Runtime    Last Run
---------------------------------  -----  ---------  --------  ----------  --------------  -------------------
/opt/airflow/dags/file_etl_dag.py                           1           0  0.74s           2026-04-25T10:22:36
================================================================================
[2026-04-25T10:23:16.511+0000] {manager.py:878} INFO - 
================================================================================
DAG File Processing Stats

File Path                          PID    Runtime      # DAGs    # Errors  Last Runtime    Last Run
---------------------------------  -----  ---------  --------  ----------  --------------  -------------------
/opt/airflow/dags/file_etl_dag.py                           1           0  0.68s           2026-04-25T10:23:07
================================================================================
[2026-04-25T10:23:46.740+0000] {manager.py:878} INFO - 
================================================================================
DAG File Processing Stats

File Path                          PID    Runtime      # DAGs    # Errors  Last Runtime    Last Run
---------------------------------  -----  ---------  --------  ----------  --------------  -------------------
/opt/airflow/dags/file_etl_dag.py                           1           0  0.78s           2026-04-25T10:23:38
================================================================================
[2026-04-25T10:24:16.997+0000] {manager.py:878} INFO - 
================================================================================
DAG File Processing Stats

File Path                          PID    Runtime      # DAGs    # Errors  Last Runtime    Last Run
---------------------------------  -----  ---------  --------  ----------  --------------  -------------------
/opt/airflow/dags/file_etl_dag.py                           1           0  0.75s           2026-04-25T10:24:09
================================================================================
[2026-04-25T10:24:33.685+0000] {manager.py:452} INFO - Exiting gracefully upon receiving signal 15
[2026-04-25T10:25:22.827+0000] {manager.py:470} INFO - Processing files using up to 2 processes at a time 
[2026-04-25T10:25:22.829+0000] {manager.py:471} INFO - Process each file at most once every 30 seconds
[2026-04-25T10:25:22.831+0000] {manager.py:472} INFO - Checking for new files in /opt/airflow/dags every 300 seconds
[2026-04-25T10:25:22.832+0000] {manager.py:737} INFO - Searching for files in /opt/airflow/dags
[2026-04-25T10:25:22.872+0000] {manager.py:740} INFO - There are 1 files in /opt/airflow/dags
[2026-04-25T10:25:23.077+0000] {manager.py:878} INFO - 
================================================================================
DAG File Processing Stats

File Path                            PID  Runtime      # DAGs    # Errors  Last Runtime    Last Run
---------------------------------  -----  ---------  --------  ----------  --------------  ----------
/opt/airflow/dags/file_etl_dag.py    164  0.08s             0           0
================================================================================
[2026-04-25T10:25:53.288+0000] {manager.py:878} INFO - 
================================================================================
DAG File Processing Stats

File Path                          PID    Runtime      # DAGs    # Errors  Last Runtime    Last Run
---------------------------------  -----  ---------  --------  ----------  --------------  -------------------
/opt/airflow/dags/file_etl_dag.py                           1           0  2.11s           2026-04-25T10:25:25
================================================================================
[2026-04-25T10:26:23.461+0000] {manager.py:878} INFO - 
================================================================================
DAG File Processing Stats

File Path                          PID    Runtime      # DAGs    # Errors  Last Runtime    Last Run
---------------------------------  -----  ---------  --------  ----------  --------------  -------------------
/opt/airflow/dags/file_etl_dag.py                           1           0  0.95s           2026-04-25T10:25:56
================================================================================
[2026-04-25T10:26:53.553+0000] {manager.py:878} INFO - 
================================================================================
DAG File Processing Stats

File Path                          PID    Runtime      # DAGs    # Errors  Last Runtime    Last Run
---------------------------------  -----  ---------  --------  ----------  --------------  -------------------
/opt/airflow/dags/file_etl_dag.py                           1           0  0.85s           2026-04-25T10:26:27
================================================================================
[2026-04-25T10:27:23.574+0000] {manager.py:878} INFO - 
================================================================================
DAG File Processing Stats

File Path                          PID    Runtime      # DAGs    # Errors  Last Runtime    Last Run
---------------------------------  -----  ---------  --------  ----------  --------------  -------------------
/opt/airflow/dags/file_etl_dag.py                           1           0  0.79s           2026-04-25T10:26:58
================================================================================
[2026-04-25T10:27:54.125+0000] {manager.py:878} INFO - 
================================================================================
DAG File Processing Stats

File Path                          PID    Runtime      # DAGs    # Errors  Last Runtime    Last Run
---------------------------------  -----  ---------  --------  ----------  --------------  -------------------
/opt/airflow/dags/file_etl_dag.py                           1           0  0.68s           2026-04-25T10:27:29
================================================================================
[2026-04-25T10:28:24.346+0000] {manager.py:878} INFO - 
================================================================================
DAG File Processing Stats

File Path                          PID    Runtime      # DAGs    # Errors  Last Runtime    Last Run
---------------------------------  -----  ---------  --------  ----------  --------------  -------------------
/opt/airflow/dags/file_etl_dag.py                           1           0  0.77s           2026-04-25T10:28:00
================================================================================
[2026-04-25T10:28:54.650+0000] {manager.py:878} INFO - 
================================================================================
DAG File Processing Stats

File Path                          PID    Runtime      # DAGs    # Errors  Last Runtime    Last Run
---------------------------------  -----  ---------  --------  ----------  --------------  -------------------
/opt/airflow/dags/file_etl_dag.py                           1           0  0.76s           2026-04-25T10:28:31
================================================================================
[2026-04-25T10:29:24.852+0000] {manager.py:878} INFO - 
================================================================================
DAG File Processing Stats

File Path                          PID    Runtime      # DAGs    # Errors  Last Runtime    Last Run
---------------------------------  -----  ---------  --------  ----------  --------------  -------------------
/opt/airflow/dags/file_etl_dag.py                           1           0  0.73s           2026-04-25T10:29:02
================================================================================
[2026-04-25T10:29:55.148+0000] {manager.py:878} INFO - 
================================================================================
DAG File Processing Stats

File Path                          PID    Runtime      # DAGs    # Errors  Last Runtime    Last Run
---------------------------------  -----  ---------  --------  ----------  --------------  -------------------
/opt/airflow/dags/file_etl_dag.py                           1           0  0.70s           2026-04-25T10:29:33
================================================================================
[2026-04-25T10:30:23.158+0000] {manager.py:737} INFO - Searching for files in /opt/airflow/dags
[2026-04-25T10:30:23.201+0000] {manager.py:740} INFO - There are 1 files in /opt/airflow/dags
[2026-04-25T10:30:25.239+0000] {manager.py:878} INFO - 
================================================================================
DAG File Processing Stats

File Path                          PID    Runtime      # DAGs    # Errors  Last Runtime    Last Run
---------------------------------  -----  ---------  --------  ----------  --------------  -------------------
/opt/airflow/dags/file_etl_dag.py                           1           0  0.81s           2026-04-25T10:30:04
================================================================================
[2026-04-25T10:30:55.587+0000] {manager.py:878} INFO - 
================================================================================
DAG File Processing Stats

File Path                          PID    Runtime      # DAGs    # Errors  Last Runtime    Last Run
---------------------------------  -----  ---------  --------  ----------  --------------  -------------------
/opt/airflow/dags/file_etl_dag.py                           1           0  0.71s           2026-04-25T10:30:35
================================================================================
[2026-04-25T10:31:25.814+0000] {manager.py:878} INFO - 
================================================================================
DAG File Processing Stats

File Path                          PID    Runtime      # DAGs    # Errors  Last Runtime    Last Run
---------------------------------  -----  ---------  --------  ----------  --------------  -------------------
/opt/airflow/dags/file_etl_dag.py                           1           0  0.73s           2026-04-25T10:31:05
================================================================================
[2026-04-25T10:31:56.029+0000] {manager.py:878} INFO - 
================================================================================
DAG File Processing Stats

File Path                          PID    Runtime      # DAGs    # Errors  Last Runtime    Last Run
---------------------------------  -----  ---------  --------  ----------  --------------  -------------------
/opt/airflow/dags/file_etl_dag.py                           1           0  0.87s           2026-04-25T10:31:37
================================================================================
[2026-04-25T10:32:26.032+0000] {manager.py:878} INFO - 
================================================================================
DAG File Processing Stats

File Path                          PID    Runtime      # DAGs    # Errors  Last Runtime    Last Run
---------------------------------  -----  ---------  --------  ----------  --------------  -------------------
/opt/airflow/dags/file_etl_dag.py                           1           0  0.78s           2026-04-25T10:32:07
================================================================================
[2026-04-25T10:32:56.179+0000] {manager.py:878} INFO - 
================================================================================
DAG File Processing Stats

File Path                          PID    Runtime      # DAGs    # Errors  Last Runtime    Last Run
---------------------------------  -----  ---------  --------  ----------  --------------  -------------------
/opt/airflow/dags/file_etl_dag.py                           1           0  0.93s           2026-04-25T10:32:39
================================================================================
[2026-04-25T10:33:26.803+0000] {manager.py:878} INFO - 
================================================================================
DAG File Processing Stats

File Path                          PID    Runtime      # DAGs    # Errors  Last Runtime    Last Run
---------------------------------  -----  ---------  --------  ----------  --------------  -------------------
/opt/airflow/dags/file_etl_dag.py                           1           0  0.79s           2026-04-25T10:33:10
================================================================================
[2026-04-25T10:33:57.020+0000] {manager.py:878} INFO - 
================================================================================
DAG File Processing Stats

File Path                          PID    Runtime      # DAGs    # Errors  Last Runtime    Last Run
---------------------------------  -----  ---------  --------  ----------  --------------  -------------------
/opt/airflow/dags/file_etl_dag.py                           1           0  0.80s           2026-04-25T10:33:41
================================================================================
[2026-04-25T10:34:27.416+0000] {manager.py:878} INFO - 
================================================================================
DAG File Processing Stats

File Path                          PID    Runtime      # DAGs    # Errors  Last Runtime    Last Run
---------------------------------  -----  ---------  --------  ----------  --------------  -------------------
/opt/airflow/dags/file_etl_dag.py                           1           0  0.76s           2026-04-25T10:34:11
================================================================================
[2026-04-25T10:34:57.612+0000] {manager.py:878} INFO - 
================================================================================
DAG File Processing Stats

File Path                          PID    Runtime      # DAGs    # Errors  Last Runtime    Last Run
---------------------------------  -----  ---------  --------  ----------  --------------  -------------------
/opt/airflow/dags/file_etl_dag.py                           1           0  0.79s           2026-04-25T10:34:42
================================================================================
[2026-04-25T10:35:23.784+0000] {manager.py:737} INFO - Searching for files in /opt/airflow/dags
[2026-04-25T10:35:23.817+0000] {manager.py:740} INFO - There are 1 files in /opt/airflow/dags
[2026-04-25T10:35:27.867+0000] {manager.py:878} INFO - 
================================================================================
DAG File Processing Stats

File Path                          PID    Runtime      # DAGs    # Errors  Last Runtime    Last Run
---------------------------------  -----  ---------  --------  ----------  --------------  -------------------
/opt/airflow/dags/file_etl_dag.py                           1           0  0.89s           2026-04-25T10:35:13
================================================================================
[2026-04-25T10:35:58.069+0000] {manager.py:878} INFO - 
================================================================================
DAG File Processing Stats

File Path                          PID    Runtime      # DAGs    # Errors  Last Runtime    Last Run
---------------------------------  -----  ---------  --------  ----------  --------------  -------------------
/opt/airflow/dags/file_etl_dag.py                           1           0  0.82s           2026-04-25T10:35:45
================================================================================
[2026-04-25T10:36:28.295+0000] {manager.py:878} INFO - 
================================================================================
DAG File Processing Stats

File Path                          PID    Runtime      # DAGs    # Errors  Last Runtime    Last Run
---------------------------------  -----  ---------  --------  ----------  --------------  -------------------
/opt/airflow/dags/file_etl_dag.py                           1           0  0.75s           2026-04-25T10:36:15
================================================================================
[2026-04-25T10:36:58.498+0000] {manager.py:878} INFO - 
================================================================================
DAG File Processing Stats

File Path                          PID    Runtime      # DAGs    # Errors  Last Runtime    Last Run
---------------------------------  -----  ---------  --------  ----------  --------------  -------------------
/opt/airflow/dags/file_etl_dag.py                           1           0  0.67s           2026-04-25T10:36:46
================================================================================
[2026-04-25T10:37:28.700+0000] {manager.py:878} INFO - 
================================================================================
DAG File Processing Stats

File Path                          PID    Runtime      # DAGs    # Errors  Last Runtime    Last Run
---------------------------------  -----  ---------  --------  ----------  --------------  -------------------
/opt/airflow/dags/file_etl_dag.py                           1           0  0.75s           2026-04-25T10:37:17
================================================================================
[2026-04-25T10:37:59.020+0000] {manager.py:878} INFO - 
================================================================================
DAG File Processing Stats

File Path                          PID    Runtime      # DAGs    # Errors  Last Runtime    Last Run
---------------------------------  -----  ---------  --------  ----------  --------------  -------------------
/opt/airflow/dags/file_etl_dag.py                           1           0  0.67s           2026-04-25T10:37:48
================================================================================
[2026-04-25T10:38:29.220+0000] {manager.py:878} INFO - 
================================================================================
DAG File Processing Stats

File Path                          PID    Runtime      # DAGs    # Errors  Last Runtime    Last Run
---------------------------------  -----  ---------  --------  ----------  --------------  -------------------
/opt/airflow/dags/file_etl_dag.py                           1           0  0.89s           2026-04-25T10:38:19
================================================================================
[2026-04-25T10:38:59.421+0000] {manager.py:878} INFO - 
================================================================================
DAG File Processing Stats

File Path                          PID    Runtime      # DAGs    # Errors  Last Runtime    Last Run
---------------------------------  -----  ---------  --------  ----------  --------------  -------------------
/opt/airflow/dags/file_etl_dag.py                           1           0  0.98s           2026-04-25T10:38:50
================================================================================
[2026-04-25T10:39:29.625+0000] {manager.py:878} INFO - 
================================================================================
DAG File Processing Stats

File Path                          PID    Runtime      # DAGs    # Errors  Last Runtime    Last Run
---------------------------------  -----  ---------  --------  ----------  --------------  -------------------
/opt/airflow/dags/file_etl_dag.py                           1           0  0.73s           2026-04-25T10:39:21
================================================================================
[2026-04-25T10:39:59.984+0000] {manager.py:878} INFO - 
================================================================================
DAG File Processing Stats

File Path                          PID    Runtime      # DAGs    # Errors  Last Runtime    Last Run
---------------------------------  -----  ---------  --------  ----------  --------------  -------------------
/opt/airflow/dags/file_etl_dag.py                           1           0  0.73s           2026-04-25T10:39:52
================================================================================
[2026-04-25T10:40:24.143+0000] {manager.py:737} INFO - Searching for files in /opt/airflow/dags
[2026-04-25T10:40:24.189+0000] {manager.py:740} INFO - There are 1 files in /opt/airflow/dags
[2026-04-25T10:40:30.253+0000] {manager.py:878} INFO - 
================================================================================
DAG File Processing Stats

File Path                          PID    Runtime      # DAGs    # Errors  Last Runtime    Last Run
---------------------------------  -----  ---------  --------  ----------  --------------  -------------------
/opt/airflow/dags/file_etl_dag.py                           1           0  0.66s           2026-04-25T10:40:23
================================================================================
[2026-04-25T10:41:00.615+0000] {manager.py:878} INFO - 
================================================================================
DAG File Processing Stats

File Path                          PID    Runtime      # DAGs    # Errors  Last Runtime    Last Run
---------------------------------  -----  ---------  --------  ----------  --------------  -------------------
/opt/airflow/dags/file_etl_dag.py                           1           0  0.75s           2026-04-25T10:40:54
================================================================================
[2026-04-25T10:41:30.815+0000] {manager.py:878} INFO - 
================================================================================
DAG File Processing Stats

File Path                          PID    Runtime      # DAGs    # Errors  Last Runtime    Last Run
---------------------------------  -----  ---------  --------  ----------  --------------  -------------------
/opt/airflow/dags/file_etl_dag.py                           1           0  0.70s           2026-04-25T10:41:25
================================================================================
[2026-04-25T10:42:01.004+0000] {manager.py:878} INFO - 
================================================================================
DAG File Processing Stats

File Path                          PID    Runtime      # DAGs    # Errors  Last Runtime    Last Run
---------------------------------  -----  ---------  --------  ----------  --------------  -------------------
/opt/airflow/dags/file_etl_dag.py                           1           0  0.94s           2026-04-25T10:41:56
================================================================================
[2026-04-25T10:42:31.097+0000] {manager.py:878} INFO - 
================================================================================
DAG File Processing Stats

File Path                          PID    Runtime      # DAGs    # Errors  Last Runtime    Last Run
---------------------------------  -----  ---------  --------  ----------  --------------  -------------------
/opt/airflow/dags/file_etl_dag.py                           1           0  0.67s           2026-04-25T10:42:27
================================================================================
[2026-04-25T10:43:01.630+0000] {manager.py:878} INFO - 
================================================================================
DAG File Processing Stats

File Path                          PID    Runtime      # DAGs    # Errors  Last Runtime    Last Run
---------------------------------  -----  ---------  --------  ----------  --------------  -------------------
/opt/airflow/dags/file_etl_dag.py                           1           0  0.70s           2026-04-25T10:42:57
================================================================================
[2026-04-25T10:43:31.829+0000] {manager.py:878} INFO - 
================================================================================
DAG File Processing Stats

File Path                          PID    Runtime      # DAGs    # Errors  Last Runtime    Last Run
---------------------------------  -----  ---------  --------  ----------  --------------  -------------------
/opt/airflow/dags/file_etl_dag.py                           1           0  0.81s           2026-04-25T10:43:29
================================================================================
[2026-04-25T10:44:01.880+0000] {manager.py:878} INFO - 
================================================================================
DAG File Processing Stats

File Path                          PID    Runtime      # DAGs    # Errors  Last Runtime    Last Run
---------------------------------  -----  ---------  --------  ----------  --------------  -------------------
/opt/airflow/dags/file_etl_dag.py                           1           0  0.65s           2026-04-25T10:43:59
================================================================================
[2026-04-25T10:44:31.888+0000] {manager.py:878} INFO - 
================================================================================
DAG File Processing Stats

File Path                          PID    Runtime      # DAGs    # Errors  Last Runtime    Last Run
---------------------------------  -----  ---------  --------  ----------  --------------  -------------------
/opt/airflow/dags/file_etl_dag.py                           1           0  0.80s           2026-04-25T10:44:30
================================================================================
[2026-04-25T10:45:01.951+0000] {manager.py:878} INFO - 
================================================================================
DAG File Processing Stats

File Path                          PID    Runtime      # DAGs    # Errors  Last Runtime    Last Run
---------------------------------  -----  ---------  --------  ----------  --------------  -------------------
/opt/airflow/dags/file_etl_dag.py                           1           0  0.86s           2026-04-25T10:45:01
================================================================================
[2026-04-25T10:45:24.752+0000] {manager.py:737} INFO - Searching for files in /opt/airflow/dags
[2026-04-25T10:45:24.798+0000] {manager.py:740} INFO - There are 1 files in /opt/airflow/dags
[2026-04-25T10:45:32.163+0000] {manager.py:878} INFO - 
================================================================================
DAG File Processing Stats

File Path                            PID  Runtime      # DAGs    # Errors  Last Runtime    Last Run
---------------------------------  -----  ---------  --------  ----------  --------------  -------------------
/opt/airflow/dags/file_etl_dag.py    407  0.01s             1           0  0.86s           2026-04-25T10:45:01
================================================================================
[2026-04-25T10:46:02.349+0000] {manager.py:878} INFO - 
================================================================================
DAG File Processing Stats

File Path                          PID    Runtime      # DAGs    # Errors  Last Runtime    Last Run
---------------------------------  -----  ---------  --------  ----------  --------------  -------------------
/opt/airflow/dags/file_etl_dag.py                           1           0  0.67s           2026-04-25T10:45:32
================================================================================
[2026-04-25T10:46:32.544+0000] {manager.py:878} INFO - 
================================================================================
DAG File Processing Stats

File Path                          PID    Runtime      # DAGs    # Errors  Last Runtime    Last Run
---------------------------------  -----  ---------  --------  ----------  --------------  -------------------
/opt/airflow/dags/file_etl_dag.py                           1           0  0.87s           2026-04-25T10:46:03
================================================================================
[2026-04-25T10:47:02.762+0000] {manager.py:878} INFO - 
================================================================================
DAG File Processing Stats

File Path                          PID    Runtime      # DAGs    # Errors  Last Runtime    Last Run
---------------------------------  -----  ---------  --------  ----------  --------------  -------------------
/opt/airflow/dags/file_etl_dag.py                           1           0  0.64s           2026-04-25T10:46:34
================================================================================
[2026-04-25T10:47:33.115+0000] {manager.py:878} INFO - 
================================================================================
DAG File Processing Stats

File Path                          PID    Runtime      # DAGs    # Errors  Last Runtime    Last Run
---------------------------------  -----  ---------  --------  ----------  --------------  -------------------
/opt/airflow/dags/file_etl_dag.py                           1           0  0.67s           2026-04-25T10:47:05
================================================================================
[2026-04-25T10:48:03.328+0000] {manager.py:878} INFO - 
================================================================================
DAG File Processing Stats

File Path                          PID    Runtime      # DAGs    # Errors  Last Runtime    Last Run
---------------------------------  -----  ---------  --------  ----------  --------------  -------------------
/opt/airflow/dags/file_etl_dag.py                           1           0  0.82s           2026-04-25T10:47:36
================================================================================
[2026-04-25T10:48:33.889+0000] {manager.py:878} INFO - 
================================================================================
DAG File Processing Stats

File Path                          PID    Runtime      # DAGs    # Errors  Last Runtime    Last Run
---------------------------------  -----  ---------  --------  ----------  --------------  -------------------
/opt/airflow/dags/file_etl_dag.py                           1           0  1.28s           2026-04-25T10:48:07
================================================================================
[2026-04-25T10:49:04.096+0000] {manager.py:878} INFO - 
================================================================================
DAG File Processing Stats

File Path                          PID    Runtime      # DAGs    # Errors  Last Runtime    Last Run
---------------------------------  -----  ---------  --------  ----------  --------------  -------------------
/opt/airflow/dags/file_etl_dag.py                           1           0  0.87s           2026-04-25T10:48:39
================================================================================
[2026-04-25T10:49:34.397+0000] {manager.py:878} INFO - 
================================================================================
DAG File Processing Stats

File Path                          PID    Runtime      # DAGs    # Errors  Last Runtime    Last Run
---------------------------------  -----  ---------  --------  ----------  --------------  -------------------
/opt/airflow/dags/file_etl_dag.py                           1           0  0.75s           2026-04-25T10:49:09
================================================================================
[2026-04-25T10:50:04.585+0000] {manager.py:878} INFO - 
================================================================================
DAG File Processing Stats

File Path                          PID    Runtime      # DAGs    # Errors  Last Runtime    Last Run
---------------------------------  -----  ---------  --------  ----------  --------------  -------------------
/opt/airflow/dags/file_etl_dag.py                           1           0  0.67s           2026-04-25T10:49:40
================================================================================
[2026-04-25T10:50:25.722+0000] {manager.py:737} INFO - Searching for files in /opt/airflow/dags
[2026-04-25T10:50:25.759+0000] {manager.py:740} INFO - There are 1 files in /opt/airflow/dags
[2026-04-25T10:50:34.842+0000] {manager.py:878} INFO - 
================================================================================
DAG File Processing Stats

File Path                          PID    Runtime      # DAGs    # Errors  Last Runtime    Last Run
---------------------------------  -----  ---------  --------  ----------  --------------  -------------------
/opt/airflow/dags/file_etl_dag.py                           1           0  0.67s           2026-04-25T10:50:11
================================================================================
[2026-04-25T10:51:05.075+0000] {manager.py:878} INFO - 
================================================================================
DAG File Processing Stats

File Path                          PID    Runtime      # DAGs    # Errors  Last Runtime    Last Run
---------------------------------  -----  ---------  --------  ----------  --------------  -------------------
/opt/airflow/dags/file_etl_dag.py                           1           0  0.67s           2026-04-25T10:50:42
================================================================================
[2026-04-25T10:51:35.949+0000] {manager.py:878} INFO - 
================================================================================
DAG File Processing Stats

File Path                          PID    Runtime      # DAGs    # Errors  Last Runtime    Last Run
---------------------------------  -----  ---------  --------  ----------  --------------  -------------------
/opt/airflow/dags/file_etl_dag.py                           1           0  1.05s           2026-04-25T10:51:13
================================================================================
[2026-04-25T10:52:06.191+0000] {manager.py:878} INFO - 
================================================================================
DAG File Processing Stats

File Path                          PID    Runtime      # DAGs    # Errors  Last Runtime    Last Run
---------------------------------  -----  ---------  --------  ----------  --------------  -------------------
/opt/airflow/dags/file_etl_dag.py                           1           0  1.05s           2026-04-25T10:51:45
================================================================================
[2026-04-25T10:52:36.411+0000] {manager.py:878} INFO - 
================================================================================
DAG File Processing Stats

File Path                          PID    Runtime      # DAGs    # Errors  Last Runtime    Last Run
---------------------------------  -----  ---------  --------  ----------  --------------  -------------------
/opt/airflow/dags/file_etl_dag.py                           1           0  0.64s           2026-04-25T10:52:15
================================================================================
[2026-04-25T10:53:06.611+0000] {manager.py:878} INFO - 
================================================================================
DAG File Processing Stats

File Path                          PID    Runtime      # DAGs    # Errors  Last Runtime    Last Run
---------------------------------  -----  ---------  --------  ----------  --------------  -------------------
/opt/airflow/dags/file_etl_dag.py                           1           0  0.75s           2026-04-25T10:52:46
================================================================================
[2026-04-25T10:53:36.819+0000] {manager.py:878} INFO - 
================================================================================
DAG File Processing Stats

File Path                          PID    Runtime      # DAGs    # Errors  Last Runtime    Last Run
---------------------------------  -----  ---------  --------  ----------  --------------  -------------------
/opt/airflow/dags/file_etl_dag.py                           1           0  0.71s           2026-04-25T10:53:17
================================================================================
[2026-04-25T10:54:07.055+0000] {manager.py:878} INFO - 
================================================================================
DAG File Processing Stats

File Path                          PID    Runtime      # DAGs    # Errors  Last Runtime    Last Run
---------------------------------  -----  ---------  --------  ----------  --------------  -------------------
/opt/airflow/dags/file_etl_dag.py                           1           0  0.79s           2026-04-25T10:53:48
================================================================================
[2026-04-25T10:54:37.217+0000] {manager.py:878} INFO - 
================================================================================
DAG File Processing Stats

File Path                          PID    Runtime      # DAGs    # Errors  Last Runtime    Last Run
---------------------------------  -----  ---------  --------  ----------  --------------  -------------------
/opt/airflow/dags/file_etl_dag.py                           1           0  0.47s           2026-04-25T10:54:19
================================================================================
[2026-04-25T10:55:07.597+0000] {manager.py:878} INFO - 
================================================================================
DAG File Processing Stats

File Path                          PID    Runtime      # DAGs    # Errors  Last Runtime    Last Run
---------------------------------  -----  ---------  --------  ----------  --------------  -------------------
/opt/airflow/dags/file_etl_dag.py                           1           0  0.45s           2026-04-25T10:54:49
================================================================================
[2026-04-25T10:55:26.187+0000] {manager.py:737} INFO - Searching for files in /opt/airflow/dags
[2026-04-25T10:55:26.222+0000] {manager.py:740} INFO - There are 1 files in /opt/airflow/dags
[2026-04-25T10:55:37.763+0000] {manager.py:878} INFO - 
================================================================================
DAG File Processing Stats

File Path                          PID    Runtime      # DAGs    # Errors  Last Runtime    Last Run
---------------------------------  -----  ---------  --------  ----------  --------------  -------------------
/opt/airflow/dags/file_etl_dag.py                           1           0  0.51s           2026-04-25T10:55:20
================================================================================
[2026-04-25T10:56:07.895+0000] {manager.py:878} INFO - 
================================================================================
DAG File Processing Stats

File Path                          PID    Runtime      # DAGs    # Errors  Last Runtime    Last Run
---------------------------------  -----  ---------  --------  ----------  --------------  -------------------
/opt/airflow/dags/file_etl_dag.py                           1           0  0.91s           2026-04-25T10:55:51
================================================================================
[2026-04-25T10:56:38.173+0000] {manager.py:878} INFO - 
================================================================================
DAG File Processing Stats

File Path                          PID    Runtime      # DAGs    # Errors  Last Runtime    Last Run
---------------------------------  -----  ---------  --------  ----------  --------------  -------------------
/opt/airflow/dags/file_etl_dag.py                           1           0  0.44s           2026-04-25T10:56:22
================================================================================
[2026-04-25T10:57:08.403+0000] {manager.py:878} INFO - 
================================================================================
DAG File Processing Stats

File Path                          PID    Runtime      # DAGs    # Errors  Last Runtime    Last Run
---------------------------------  -----  ---------  --------  ----------  --------------  -------------------
/opt/airflow/dags/file_etl_dag.py                           1           0  0.70s           2026-04-25T10:56:53
================================================================================
[2026-04-25T10:57:38.744+0000] {manager.py:878} INFO - 
================================================================================
DAG File Processing Stats

File Path                          PID    Runtime      # DAGs    # Errors  Last Runtime    Last Run
---------------------------------  -----  ---------  --------  ----------  --------------  -------------------
/opt/airflow/dags/file_etl_dag.py                           1           0  0.62s           2026-04-25T10:57:24
================================================================================
[2026-04-25T10:58:08.933+0000] {manager.py:878} INFO - 
================================================================================
DAG File Processing Stats

File Path                          PID    Runtime      # DAGs    # Errors  Last Runtime    Last Run
---------------------------------  -----  ---------  --------  ----------  --------------  -------------------
/opt/airflow/dags/file_etl_dag.py                           1           0  0.70s           2026-04-25T10:57:55
================================================================================
[2026-04-25T10:58:39.428+0000] {manager.py:878} INFO - 
================================================================================
DAG File Processing Stats

File Path                          PID    Runtime      # DAGs    # Errors  Last Runtime    Last Run
---------------------------------  -----  ---------  --------  ----------  --------------  -------------------
/opt/airflow/dags/file_etl_dag.py                           1           0  0.45s           2026-04-25T10:58:25
================================================================================
[2026-04-25T10:59:09.679+0000] {manager.py:878} INFO - 
================================================================================
DAG File Processing Stats

File Path                          PID    Runtime      # DAGs    # Errors  Last Runtime    Last Run
---------------------------------  -----  ---------  --------  ----------  --------------  -------------------
/opt/airflow/dags/file_etl_dag.py                           1           0  0.67s           2026-04-25T10:58:56
================================================================================
[2026-04-25T10:59:39.997+0000] {manager.py:878} INFO - 
================================================================================
DAG File Processing Stats

File Path                          PID    Runtime      # DAGs    # Errors  Last Runtime    Last Run
---------------------------------  -----  ---------  --------  ----------  --------------  -------------------
/opt/airflow/dags/file_etl_dag.py                           1           0  0.45s           2026-04-25T10:59:27
================================================================================
[2026-04-25T11:00:10.268+0000] {manager.py:878} INFO - 
================================================================================
DAG File Processing Stats

File Path                          PID    Runtime      # DAGs    # Errors  Last Runtime    Last Run
---------------------------------  -----  ---------  --------  ----------  --------------  -------------------
/opt/airflow/dags/file_etl_dag.py                           1           0  0.70s           2026-04-25T10:59:58
================================================================================
[2026-04-25T11:00:26.382+0000] {manager.py:737} INFO - Searching for files in /opt/airflow/dags
[2026-04-25T11:00:26.403+0000] {manager.py:740} INFO - There are 1 files in /opt/airflow/dags
[2026-04-25T11:00:40.522+0000] {manager.py:878} INFO - 
================================================================================
DAG File Processing Stats

File Path                          PID    Runtime      # DAGs    # Errors  Last Runtime    Last Run
---------------------------------  -----  ---------  --------  ----------  --------------  -------------------
/opt/airflow/dags/file_etl_dag.py                           1           0  0.59s           2026-04-25T11:00:29
================================================================================
[2026-04-25T11:01:10.722+0000] {manager.py:878} INFO - 
================================================================================
DAG File Processing Stats

File Path                          PID    Runtime      # DAGs    # Errors  Last Runtime    Last Run
---------------------------------  -----  ---------  --------  ----------  --------------  -------------------
/opt/airflow/dags/file_etl_dag.py                           1           0  0.68s           2026-04-25T11:00:59
================================================================================
[2026-04-25T11:01:40.812+0000] {manager.py:878} INFO - 
================================================================================
DAG File Processing Stats

File Path                          PID    Runtime      # DAGs    # Errors  Last Runtime    Last Run
---------------------------------  -----  ---------  --------  ----------  --------------  -------------------
/opt/airflow/dags/file_etl_dag.py                           1           0  0.50s           2026-04-25T11:01:30
================================================================================
[2026-04-25T11:02:11.555+0000] {manager.py:878} INFO - 
================================================================================
DAG File Processing Stats

File Path                          PID    Runtime      # DAGs    # Errors  Last Runtime    Last Run
---------------------------------  -----  ---------  --------  ----------  --------------  -------------------
/opt/airflow/dags/file_etl_dag.py                           1           0  0.70s           2026-04-25T11:02:01
================================================================================
[2026-04-25T11:02:41.975+0000] {manager.py:878} INFO - 
================================================================================
DAG File Processing Stats

File Path                          PID    Runtime      # DAGs    # Errors  Last Runtime    Last Run
---------------------------------  -----  ---------  --------  ----------  --------------  -------------------
/opt/airflow/dags/file_etl_dag.py                           1           0  0.65s           2026-04-25T11:02:32
================================================================================
[2026-04-25T11:03:12.138+0000] {manager.py:878} INFO - 
================================================================================
DAG File Processing Stats

File Path                          PID    Runtime      # DAGs    # Errors  Last Runtime    Last Run
---------------------------------  -----  ---------  --------  ----------  --------------  -------------------
/opt/airflow/dags/file_etl_dag.py                           1           0  0.76s           2026-04-25T11:03:03
================================================================================
[2026-04-25T11:03:42.308+0000] {manager.py:878} INFO - 
================================================================================
DAG File Processing Stats

File Path                          PID    Runtime      # DAGs    # Errors  Last Runtime    Last Run
---------------------------------  -----  ---------  --------  ----------  --------------  -------------------
/opt/airflow/dags/file_etl_dag.py                           1           0  0.82s           2026-04-25T11:03:34
================================================================================
[2026-04-25T11:04:12.500+0000] {manager.py:878} INFO - 
================================================================================
DAG File Processing Stats

File Path                          PID    Runtime      # DAGs    # Errors  Last Runtime    Last Run
---------------------------------  -----  ---------  --------  ----------  --------------  -------------------
/opt/airflow/dags/file_etl_dag.py                           1           0  0.57s           2026-04-25T11:04:05
================================================================================
[2026-04-25T11:04:42.647+0000] {manager.py:878} INFO - 
================================================================================
DAG File Processing Stats

File Path                          PID    Runtime      # DAGs    # Errors  Last Runtime    Last Run
---------------------------------  -----  ---------  --------  ----------  --------------  -------------------
/opt/airflow/dags/file_etl_dag.py                           1           0  0.65s           2026-04-25T11:04:35
================================================================================
[2026-04-25T11:05:12.652+0000] {manager.py:878} INFO - 
================================================================================
DAG File Processing Stats

File Path                          PID    Runtime      # DAGs    # Errors  Last Runtime    Last Run
---------------------------------  -----  ---------  --------  ----------  --------------  -------------------
/opt/airflow/dags/file_etl_dag.py                           1           0  0.65s           2026-04-25T11:05:06
================================================================================
[2026-04-25T11:05:26.721+0000] {manager.py:737} INFO - Searching for files in /opt/airflow/dags
[2026-04-25T11:05:26.749+0000] {manager.py:740} INFO - There are 1 files in /opt/airflow/dags
[2026-04-25T11:05:43.182+0000] {manager.py:878} INFO - 
================================================================================
DAG File Processing Stats

File Path                          PID    Runtime      # DAGs    # Errors  Last Runtime    Last Run
---------------------------------  -----  ---------  --------  ----------  --------------  -------------------
/opt/airflow/dags/file_etl_dag.py                           1           0  0.59s           2026-04-25T11:05:37
================================================================================
[2026-04-25T11:06:13.351+0000] {manager.py:878} INFO - 
================================================================================
DAG File Processing Stats

File Path                          PID    Runtime      # DAGs    # Errors  Last Runtime    Last Run
---------------------------------  -----  ---------  --------  ----------  --------------  -------------------
/opt/airflow/dags/file_etl_dag.py                           1           0  0.79s           2026-04-25T11:06:08
================================================================================
[2026-04-25T11:06:43.533+0000] {manager.py:878} INFO - 
================================================================================
DAG File Processing Stats

File Path                          PID    Runtime      # DAGs    # Errors  Last Runtime    Last Run
---------------------------------  -----  ---------  --------  ----------  --------------  -------------------
/opt/airflow/dags/file_etl_dag.py                           1           0  0.73s           2026-04-25T11:06:39
================================================================================
[2026-04-25T11:07:13.676+0000] {manager.py:878} INFO - 
================================================================================
DAG File Processing Stats

File Path                          PID    Runtime      # DAGs    # Errors  Last Runtime    Last Run
---------------------------------  -----  ---------  --------  ----------  --------------  -------------------
/opt/airflow/dags/file_etl_dag.py                           1           0  0.44s           2026-04-25T11:07:09
================================================================================
[2026-04-25T11:07:44.004+0000] {manager.py:878} INFO - 
================================================================================
DAG File Processing Stats

File Path                          PID    Runtime      # DAGs    # Errors  Last Runtime    Last Run
---------------------------------  -----  ---------  --------  ----------  --------------  -------------------
/opt/airflow/dags/file_etl_dag.py                           1           0  0.61s           2026-04-25T11:07:40
================================================================================
[2026-04-25T11:08:14.163+0000] {manager.py:878} INFO - 
================================================================================
DAG File Processing Stats

File Path                          PID    Runtime      # DAGs    # Errors  Last Runtime    Last Run
---------------------------------  -----  ---------  --------  ----------  --------------  -------------------
/opt/airflow/dags/file_etl_dag.py                           1           0  0.48s           2026-04-25T11:08:11
================================================================================
[2026-04-25T11:08:44.294+0000] {manager.py:878} INFO - 
================================================================================
DAG File Processing Stats

File Path                          PID    Runtime      # DAGs    # Errors  Last Runtime    Last Run
---------------------------------  -----  ---------  --------  ----------  --------------  -------------------
/opt/airflow/dags/file_etl_dag.py                           1           0  0.92s           2026-04-25T11:08:42
================================================================================
[2026-04-25T11:09:14.597+0000] {manager.py:878} INFO - 
================================================================================
DAG File Processing Stats

File Path                          PID    Runtime      # DAGs    # Errors  Last Runtime    Last Run
---------------------------------  -----  ---------  --------  ----------  --------------  -------------------
/opt/airflow/dags/file_etl_dag.py                           1           0  0.62s           2026-04-25T11:09:13
================================================================================
[2026-04-25T11:09:44.773+0000] {manager.py:878} INFO - 
================================================================================
DAG File Processing Stats

File Path                            PID  Runtime      # DAGs    # Errors  Last Runtime    Last Run
---------------------------------  -----  ---------  --------  ----------  --------------  -------------------
/opt/airflow/dags/file_etl_dag.py    689  1.50s             1           0  0.62s           2026-04-25T11:09:13
================================================================================
[2026-04-25T11:10:14.928+0000] {manager.py:878} INFO - 
================================================================================
DAG File Processing Stats

File Path                          PID    Runtime      # DAGs    # Errors  Last Runtime    Last Run
---------------------------------  -----  ---------  --------  ----------  --------------  -------------------
/opt/airflow/dags/file_etl_dag.py                           1           0  1.88s           2026-04-25T11:09:45
================================================================================
[2026-04-25T11:10:26.886+0000] {manager.py:737} INFO - Searching for files in /opt/airflow/dags
[2026-04-25T11:10:26.909+0000] {manager.py:740} INFO - There are 1 files in /opt/airflow/dags
[2026-04-25T11:10:45.008+0000] {manager.py:878} INFO - 
================================================================================
DAG File Processing Stats

File Path                          PID    Runtime      # DAGs    # Errors  Last Runtime    Last Run
---------------------------------  -----  ---------  --------  ----------  --------------  -------------------
/opt/airflow/dags/file_etl_dag.py                           1           0  0.52s           2026-04-25T11:10:15
================================================================================
[2026-04-25T11:11:15.628+0000] {manager.py:878} INFO - 
================================================================================
DAG File Processing Stats

File Path                          PID    Runtime      # DAGs    # Errors  Last Runtime    Last Run
---------------------------------  -----  ---------  --------  ----------  --------------  -------------------
/opt/airflow/dags/file_etl_dag.py                           1           0  0.62s           2026-04-25T11:10:46
================================================================================
[2026-04-25T11:11:45.937+0000] {manager.py:878} INFO - 
================================================================================
DAG File Processing Stats

File Path                          PID    Runtime      # DAGs    # Errors  Last Runtime    Last Run
---------------------------------  -----  ---------  --------  ----------  --------------  -------------------
/opt/airflow/dags/file_etl_dag.py                           1           0  0.50s           2026-04-25T11:11:17
================================================================================
[2026-04-25T11:12:16.086+0000] {manager.py:878} INFO - 
================================================================================
DAG File Processing Stats

File Path                          PID    Runtime      # DAGs    # Errors  Last Runtime    Last Run
---------------------------------  -----  ---------  --------  ----------  --------------  -------------------
/opt/airflow/dags/file_etl_dag.py                           1           0  0.65s           2026-04-25T11:11:48
================================================================================
[2026-04-25T11:12:46.401+0000] {manager.py:878} INFO - 
================================================================================
DAG File Processing Stats

File Path                          PID    Runtime      # DAGs    # Errors  Last Runtime    Last Run
---------------------------------  -----  ---------  --------  ----------  --------------  -------------------
/opt/airflow/dags/file_etl_dag.py                           1           0  0.62s           2026-04-25T11:12:18
================================================================================
[2026-04-25T11:13:16.593+0000] {manager.py:878} INFO - 
================================================================================
DAG File Processing Stats

File Path                          PID    Runtime      # DAGs    # Errors  Last Runtime    Last Run
---------------------------------  -----  ---------  --------  ----------  --------------  -------------------
/opt/airflow/dags/file_etl_dag.py                           1           0  0.71s           2026-04-25T11:12:49
================================================================================
[2026-04-25T11:13:46.607+0000] {manager.py:878} INFO - 
================================================================================
DAG File Processing Stats

File Path                          PID    Runtime      # DAGs    # Errors  Last Runtime    Last Run
---------------------------------  -----  ---------  --------  ----------  --------------  -------------------
/opt/airflow/dags/file_etl_dag.py                           1           0  0.44s           2026-04-25T11:13:20
================================================================================
[2026-04-25T11:14:17.412+0000] {manager.py:878} INFO - 
================================================================================
DAG File Processing Stats

File Path                          PID    Runtime      # DAGs    # Errors  Last Runtime    Last Run
---------------------------------  -----  ---------  --------  ----------  --------------  -------------------
/opt/airflow/dags/file_etl_dag.py                           1           0  0.73s           2026-04-25T11:13:51
================================================================================
[2026-04-25T11:14:47.834+0000] {manager.py:878} INFO - 
================================================================================
DAG File Processing Stats

File Path                          PID    Runtime      # DAGs    # Errors  Last Runtime    Last Run
---------------------------------  -----  ---------  --------  ----------  --------------  -------------------
/opt/airflow/dags/file_etl_dag.py                           1           0  0.44s           2026-04-25T11:14:21
================================================================================
[2026-04-25T11:15:18.093+0000] {manager.py:878} INFO - 
================================================================================
DAG File Processing Stats

File Path                          PID    Runtime      # DAGs    # Errors  Last Runtime    Last Run
---------------------------------  -----  ---------  --------  ----------  --------------  -------------------
/opt/airflow/dags/file_etl_dag.py                           1           0  0.71s           2026-04-25T11:14:52
================================================================================
[2026-04-25T11:15:27.162+0000] {manager.py:737} INFO - Searching for files in /opt/airflow/dags
[2026-04-25T11:15:27.184+0000] {manager.py:740} INFO - There are 1 files in /opt/airflow/dags
[2026-04-25T11:15:48.324+0000] {manager.py:878} INFO - 
================================================================================
DAG File Processing Stats

File Path                          PID    Runtime      # DAGs    # Errors  Last Runtime    Last Run
---------------------------------  -----  ---------  --------  ----------  --------------  -------------------
/opt/airflow/dags/file_etl_dag.py                           1           0  0.69s           2026-04-25T11:15:23
================================================================================
[2026-04-25T11:16:18.532+0000] {manager.py:878} INFO - 
================================================================================
DAG File Processing Stats

File Path                          PID    Runtime      # DAGs    # Errors  Last Runtime    Last Run
---------------------------------  -----  ---------  --------  ----------  --------------  -------------------
/opt/airflow/dags/file_etl_dag.py                           1           0  0.71s           2026-04-25T11:15:54
================================================================================
[2026-04-25T16:08:37.028+0000] {manager.py:470} INFO - Processing files using up to 2 processes at a time 
[2026-04-25T16:08:37.030+0000] {manager.py:471} INFO - Process each file at most once every 30 seconds
[2026-04-25T16:08:37.031+0000] {manager.py:472} INFO - Checking for new files in /opt/airflow/dags every 300 seconds
[2026-04-25T16:08:37.033+0000] {manager.py:737} INFO - Searching for files in /opt/airflow/dags
[2026-04-25T16:08:37.067+0000] {manager.py:740} INFO - There are 1 files in /opt/airflow/dags
[2026-04-25T16:08:37.259+0000] {manager.py:878} INFO - 
================================================================================
DAG File Processing Stats

File Path                            PID  Runtime      # DAGs    # Errors  Last Runtime    Last Run
---------------------------------  -----  ---------  --------  ----------  --------------  ----------
/opt/airflow/dags/file_etl_dag.py    164  0.08s             0           0
================================================================================
[2026-04-25T16:09:07.457+0000] {manager.py:878} INFO - 
================================================================================
DAG File Processing Stats

File Path                          PID    Runtime      # DAGs    # Errors  Last Runtime    Last Run
---------------------------------  -----  ---------  --------  ----------  --------------  -------------------
/opt/airflow/dags/file_etl_dag.py                           1           0  2.14s           2026-04-25T16:08:39
================================================================================
[2026-04-25T16:09:37.686+0000] {manager.py:878} INFO - 
================================================================================
DAG File Processing Stats

File Path                          PID    Runtime      # DAGs    # Errors  Last Runtime    Last Run
---------------------------------  -----  ---------  --------  ----------  --------------  -------------------
/opt/airflow/dags/file_etl_dag.py                           1           0  0.66s           2026-04-25T16:09:10
================================================================================
[2026-04-25T16:10:07.903+0000] {manager.py:878} INFO - 
================================================================================
DAG File Processing Stats

File Path                          PID    Runtime      # DAGs    # Errors  Last Runtime    Last Run
---------------------------------  -----  ---------  --------  ----------  --------------  -------------------
/opt/airflow/dags/file_etl_dag.py                           1           0  0.89s           2026-04-25T16:09:41
================================================================================
[2026-04-25T16:10:38.115+0000] {manager.py:878} INFO - 
================================================================================
DAG File Processing Stats

File Path                          PID    Runtime      # DAGs    # Errors  Last Runtime    Last Run
---------------------------------  -----  ---------  --------  ----------  --------------  -------------------
/opt/airflow/dags/file_etl_dag.py                           1           0  0.93s           2026-04-25T16:10:12
================================================================================
[2026-04-25T16:11:08.326+0000] {manager.py:878} INFO - 
================================================================================
DAG File Processing Stats

File Path                          PID    Runtime      # DAGs    # Errors  Last Runtime    Last Run
---------------------------------  -----  ---------  --------  ----------  --------------  -------------------
/opt/airflow/dags/file_etl_dag.py                           1           0  0.94s           2026-04-25T16:10:43
================================================================================
[2026-04-25T16:11:38.534+0000] {manager.py:878} INFO - 
================================================================================
DAG File Processing Stats

File Path                          PID    Runtime      # DAGs    # Errors  Last Runtime    Last Run
---------------------------------  -----  ---------  --------  ----------  --------------  -------------------
/opt/airflow/dags/file_etl_dag.py                           1           0  0.87s           2026-04-25T16:11:14
================================================================================
[2026-04-25T16:12:09.177+0000] {manager.py:878} INFO - 
================================================================================
DAG File Processing Stats

File Path                          PID    Runtime      # DAGs    # Errors  Last Runtime    Last Run
---------------------------------  -----  ---------  --------  ----------  --------------  -------------------
/opt/airflow/dags/file_etl_dag.py                           1           0  1.05s           2026-04-25T16:11:46
================================================================================
[2026-04-25T16:12:39.403+0000] {manager.py:878} INFO - 
================================================================================
DAG File Processing Stats

File Path                          PID    Runtime      # DAGs    # Errors  Last Runtime    Last Run
---------------------------------  -----  ---------  --------  ----------  --------------  -------------------
/opt/airflow/dags/file_etl_dag.py                           1           0  0.71s           2026-04-25T16:12:16
================================================================================
[2026-04-25T16:13:09.593+0000] {manager.py:878} INFO - 
================================================================================
DAG File Processing Stats

File Path                          PID    Runtime      # DAGs    # Errors  Last Runtime    Last Run
---------------------------------  -----  ---------  --------  ----------  --------------  -------------------
/opt/airflow/dags/file_etl_dag.py                           1           0  0.72s           2026-04-25T16:12:47
================================================================================
[2026-04-25T16:13:37.782+0000] {manager.py:737} INFO - Searching for files in /opt/airflow/dags
[2026-04-25T16:13:37.816+0000] {manager.py:740} INFO - There are 1 files in /opt/airflow/dags
[2026-04-25T16:13:39.852+0000] {manager.py:878} INFO - 
================================================================================
DAG File Processing Stats

File Path                          PID    Runtime      # DAGs    # Errors  Last Runtime    Last Run
---------------------------------  -----  ---------  --------  ----------  --------------  -------------------
/opt/airflow/dags/file_etl_dag.py                           1           0  0.67s           2026-04-25T16:13:18
================================================================================
[2026-04-25T16:14:09.990+0000] {manager.py:878} INFO - 
================================================================================
DAG File Processing Stats

File Path                          PID    Runtime      # DAGs    # Errors  Last Runtime    Last Run
---------------------------------  -----  ---------  --------  ----------  --------------  -------------------
/opt/airflow/dags/file_etl_dag.py                           1           0  0.92s           2026-04-25T16:13:49
================================================================================
[2026-04-25T16:14:40.249+0000] {manager.py:878} INFO - 
================================================================================
DAG File Processing Stats

File Path                          PID    Runtime      # DAGs    # Errors  Last Runtime    Last Run
---------------------------------  -----  ---------  --------  ----------  --------------  -------------------
/opt/airflow/dags/file_etl_dag.py                           1           0  0.69s           2026-04-25T16:14:20
================================================================================
[2026-04-25T16:14:53.044+0000] {manager.py:452} INFO - Exiting gracefully upon receiving signal 15
[2026-04-27T06:27:52.765+0000] {manager.py:470} INFO - Processing files using up to 2 processes at a time 
[2026-04-27T06:27:52.770+0000] {manager.py:471} INFO - Process each file at most once every 30 seconds
[2026-04-27T06:27:52.772+0000] {manager.py:472} INFO - Checking for new files in /opt/airflow/dags every 300 seconds
[2026-04-27T06:27:52.774+0000] {manager.py:737} INFO - Searching for files in /opt/airflow/dags
[2026-04-27T06:27:52.807+0000] {manager.py:740} INFO - There are 1 files in /opt/airflow/dags
[2026-04-27T06:27:52.995+0000] {manager.py:878} INFO - 
================================================================================
DAG File Processing Stats

File Path                            PID  Runtime      # DAGs    # Errors  Last Runtime    Last Run
---------------------------------  -----  ---------  --------  ----------  --------------  ----------
/opt/airflow/dags/file_etl_dag.py    163  0.07s             0           0
================================================================================
[2026-04-27T06:28:23.183+0000] {manager.py:878} INFO - 
================================================================================
DAG File Processing Stats

File Path                          PID    Runtime      # DAGs    # Errors  Last Runtime    Last Run
---------------------------------  -----  ---------  --------  ----------  --------------  -------------------
/opt/airflow/dags/file_etl_dag.py                           1           0  2.12s           2026-04-27T06:27:55
================================================================================
[2026-04-27T06:28:53.404+0000] {manager.py:878} INFO - 
================================================================================
DAG File Processing Stats

File Path                          PID    Runtime      # DAGs    # Errors  Last Runtime    Last Run
---------------------------------  -----  ---------  --------  ----------  --------------  -------------------
/opt/airflow/dags/file_etl_dag.py                           1           0  1.25s           2026-04-27T06:28:26
================================================================================
[2026-04-27T06:29:23.602+0000] {manager.py:878} INFO - 
================================================================================
DAG File Processing Stats

File Path                          PID    Runtime      # DAGs    # Errors  Last Runtime    Last Run
---------------------------------  -----  ---------  --------  ----------  --------------  -------------------
/opt/airflow/dags/file_etl_dag.py                           1           0  0.86s           2026-04-27T06:28:57
================================================================================
[2026-04-27T06:29:53.868+0000] {manager.py:878} INFO - 
================================================================================
DAG File Processing Stats

File Path                          PID    Runtime      # DAGs    # Errors  Last Runtime    Last Run
---------------------------------  -----  ---------  --------  ----------  --------------  -------------------
/opt/airflow/dags/file_etl_dag.py                           1           0  0.76s           2026-04-27T06:29:28
================================================================================
[2026-04-27T06:30:24.071+0000] {manager.py:878} INFO - 
================================================================================
DAG File Processing Stats

File Path                          PID    Runtime      # DAGs    # Errors  Last Runtime    Last Run
---------------------------------  -----  ---------  --------  ----------  --------------  -------------------
/opt/airflow/dags/file_etl_dag.py                           1           0  0.77s           2026-04-27T06:29:59
================================================================================
[2026-04-27T06:30:54.275+0000] {manager.py:878} INFO - 
================================================================================
DAG File Processing Stats

File Path                          PID    Runtime      # DAGs    # Errors  Last Runtime    Last Run
---------------------------------  -----  ---------  --------  ----------  --------------  -------------------
/opt/airflow/dags/file_etl_dag.py                           1           0  0.97s           2026-04-27T06:30:30
================================================================================
[2026-04-27T06:31:24.469+0000] {manager.py:878} INFO - 
================================================================================
DAG File Processing Stats

File Path                          PID    Runtime      # DAGs    # Errors  Last Runtime    Last Run
---------------------------------  -----  ---------  --------  ----------  --------------  -------------------
/opt/airflow/dags/file_etl_dag.py                           1           0  0.93s           2026-04-27T06:31:01
================================================================================
[2026-04-27T06:31:54.669+0000] {manager.py:878} INFO - 
================================================================================
DAG File Processing Stats

File Path                          PID    Runtime      # DAGs    # Errors  Last Runtime    Last Run
---------------------------------  -----  ---------  --------  ----------  --------------  -------------------
/opt/airflow/dags/file_etl_dag.py                           1           0  0.71s           2026-04-27T06:31:32
================================================================================
[2026-04-27T06:32:24.773+0000] {manager.py:878} INFO - 
================================================================================
DAG File Processing Stats

File Path                          PID    Runtime      # DAGs    # Errors  Last Runtime    Last Run
---------------------------------  -----  ---------  --------  ----------  --------------  -------------------
/opt/airflow/dags/file_etl_dag.py                           1           0  0.88s           2026-04-27T06:32:03
================================================================================
[2026-04-27T06:32:53.150+0000] {manager.py:737} INFO - Searching for files in /opt/airflow/dags
[2026-04-27T06:32:53.203+0000] {manager.py:740} INFO - There are 1 files in /opt/airflow/dags
[2026-04-27T06:32:55.244+0000] {manager.py:878} INFO - 
================================================================================
DAG File Processing Stats

File Path                          PID    Runtime      # DAGs    # Errors  Last Runtime    Last Run
---------------------------------  -----  ---------  --------  ----------  --------------  -------------------
/opt/airflow/dags/file_etl_dag.py                           1           0  0.72s           2026-04-27T06:32:34
================================================================================
[2026-04-27T06:33:25.465+0000] {manager.py:878} INFO - 
================================================================================
DAG File Processing Stats

File Path                          PID    Runtime      # DAGs    # Errors  Last Runtime    Last Run
---------------------------------  -----  ---------  --------  ----------  --------------  -------------------
/opt/airflow/dags/file_etl_dag.py                           1           0  0.71s           2026-04-27T06:33:05
================================================================================
[2026-04-27T06:33:55.471+0000] {manager.py:878} INFO - 
================================================================================
DAG File Processing Stats

File Path                          PID    Runtime      # DAGs    # Errors  Last Runtime    Last Run
---------------------------------  -----  ---------  --------  ----------  --------------  -------------------
/opt/airflow/dags/file_etl_dag.py                           1           0  0.78s           2026-04-27T06:33:36
================================================================================
[2026-04-27T06:34:25.655+0000] {manager.py:878} INFO - 
================================================================================
DAG File Processing Stats

File Path                          PID    Runtime      # DAGs    # Errors  Last Runtime    Last Run
---------------------------------  -----  ---------  --------  ----------  --------------  -------------------
/opt/airflow/dags/file_etl_dag.py                           1           0  0.94s           2026-04-27T06:34:07
================================================================================
[2026-04-27T06:34:55.719+0000] {manager.py:878} INFO - 
================================================================================
DAG File Processing Stats

File Path                          PID    Runtime      # DAGs    # Errors  Last Runtime    Last Run
---------------------------------  -----  ---------  --------  ----------  --------------  -------------------
/opt/airflow/dags/file_etl_dag.py                           1           0  0.84s           2026-04-27T06:34:38
================================================================================
[2026-04-27T06:35:25.857+0000] {manager.py:878} INFO - 
================================================================================
DAG File Processing Stats

File Path                          PID    Runtime      # DAGs    # Errors  Last Runtime    Last Run
---------------------------------  -----  ---------  --------  ----------  --------------  -------------------
/opt/airflow/dags/file_etl_dag.py                           1           0  0.92s           2026-04-27T06:35:09
================================================================================
[2026-04-27T06:35:56.102+0000] {manager.py:878} INFO - 
================================================================================
DAG File Processing Stats

File Path                          PID    Runtime      # DAGs    # Errors  Last Runtime    Last Run
---------------------------------  -----  ---------  --------  ----------  --------------  -------------------
/opt/airflow/dags/file_etl_dag.py                           1           0  1.08s           2026-04-27T06:35:41
================================================================================
[2026-04-27T06:36:26.354+0000] {manager.py:878} INFO - 
================================================================================
DAG File Processing Stats

File Path                          PID    Runtime      # DAGs    # Errors  Last Runtime    Last Run
---------------------------------  -----  ---------  --------  ----------  --------------  -------------------
/opt/airflow/dags/file_etl_dag.py                           1           0  1.00s           2026-04-27T06:36:12
================================================================================
[2026-04-27T06:36:56.432+0000] {manager.py:878} INFO - 
================================================================================
DAG File Processing Stats

File Path                          PID    Runtime      # DAGs    # Errors  Last Runtime    Last Run
---------------------------------  -----  ---------  --------  ----------  --------------  -------------------
/opt/airflow/dags/file_etl_dag.py                           1           0  0.83s           2026-04-27T06:36:43
================================================================================
[2026-04-27T06:37:26.442+0000] {manager.py:878} INFO - 
================================================================================
DAG File Processing Stats

File Path                          PID    Runtime      # DAGs    # Errors  Last Runtime    Last Run
---------------------------------  -----  ---------  --------  ----------  --------------  -------------------
/opt/airflow/dags/file_etl_dag.py                           1           0  0.78s           2026-04-27T06:37:14
================================================================================
[2026-04-27T06:37:53.420+0000] {manager.py:737} INFO - Searching for files in /opt/airflow/dags
[2026-04-27T06:37:53.472+0000] {manager.py:740} INFO - There are 1 files in /opt/airflow/dags
[2026-04-27T06:37:56.521+0000] {manager.py:878} INFO - 
================================================================================
DAG File Processing Stats

File Path                          PID    Runtime      # DAGs    # Errors  Last Runtime    Last Run
---------------------------------  -----  ---------  --------  ----------  --------------  -------------------
/opt/airflow/dags/file_etl_dag.py                           1           0  0.79s           2026-04-27T06:37:45
================================================================================
[2026-04-27T06:38:27.207+0000] {manager.py:878} INFO - 
================================================================================
DAG File Processing Stats

File Path                          PID    Runtime      # DAGs    # Errors  Last Runtime    Last Run
---------------------------------  -----  ---------  --------  ----------  --------------  -------------------
/opt/airflow/dags/file_etl_dag.py                           1           0  0.78s           2026-04-27T06:38:16
================================================================================
[2026-04-27T06:38:57.456+0000] {manager.py:878} INFO - 
================================================================================
DAG File Processing Stats

File Path                          PID    Runtime      # DAGs    # Errors  Last Runtime    Last Run
---------------------------------  -----  ---------  --------  ----------  --------------  -------------------
/opt/airflow/dags/file_etl_dag.py                           1           0  0.84s           2026-04-27T06:38:47
================================================================================
[2026-04-27T06:39:27.763+0000] {manager.py:878} INFO - 
================================================================================
DAG File Processing Stats

File Path                          PID    Runtime      # DAGs    # Errors  Last Runtime    Last Run
---------------------------------  -----  ---------  --------  ----------  --------------  -------------------
/opt/airflow/dags/file_etl_dag.py                           1           0  0.72s           2026-04-27T06:39:18
================================================================================
[2026-04-27T06:39:57.995+0000] {manager.py:878} INFO - 
================================================================================
DAG File Processing Stats

File Path                          PID    Runtime      # DAGs    # Errors  Last Runtime    Last Run
---------------------------------  -----  ---------  --------  ----------  --------------  -------------------
/opt/airflow/dags/file_etl_dag.py                           1           0  0.94s           2026-04-27T06:39:49
================================================================================
[2026-04-27T06:40:28.200+0000] {manager.py:878} INFO - 
================================================================================
DAG File Processing Stats

File Path                          PID    Runtime      # DAGs    # Errors  Last Runtime    Last Run
---------------------------------  -----  ---------  --------  ----------  --------------  -------------------
/opt/airflow/dags/file_etl_dag.py                           1           0  0.71s           2026-04-27T06:40:20
================================================================================
[2026-04-27T06:40:58.379+0000] {manager.py:878} INFO - 
================================================================================
DAG File Processing Stats

File Path                          PID    Runtime      # DAGs    # Errors  Last Runtime    Last Run
---------------------------------  -----  ---------  --------  ----------  --------------  -------------------
/opt/airflow/dags/file_etl_dag.py                           1           0  0.66s           2026-04-27T06:40:51
================================================================================
[2026-04-27T06:41:28.603+0000] {manager.py:878} INFO - 
================================================================================
DAG File Processing Stats

File Path                          PID    Runtime      # DAGs    # Errors  Last Runtime    Last Run
---------------------------------  -----  ---------  --------  ----------  --------------  -------------------
/opt/airflow/dags/file_etl_dag.py                           1           0  1.09s           2026-04-27T06:41:22
================================================================================
[2026-04-27T06:41:58.907+0000] {manager.py:878} INFO - 
================================================================================
DAG File Processing Stats

File Path                          PID    Runtime      # DAGs    # Errors  Last Runtime    Last Run
---------------------------------  -----  ---------  --------  ----------  --------------  -------------------
/opt/airflow/dags/file_etl_dag.py                           1           0  1.07s           2026-04-27T06:41:53
================================================================================
[2026-04-27T06:42:29.215+0000] {manager.py:878} INFO - 
================================================================================
DAG File Processing Stats

File Path                          PID    Runtime      # DAGs    # Errors  Last Runtime    Last Run
---------------------------------  -----  ---------  --------  ----------  --------------  -------------------
/opt/airflow/dags/file_etl_dag.py                           1           0  1.12s           2026-04-27T06:42:25
================================================================================
[2026-04-27T06:42:53.557+0000] {manager.py:737} INFO - Searching for files in /opt/airflow/dags
[2026-04-27T06:42:53.623+0000] {manager.py:740} INFO - There are 1 files in /opt/airflow/dags
[2026-04-27T06:42:59.497+0000] {manager.py:878} INFO - 
================================================================================
DAG File Processing Stats

File Path                          PID    Runtime      # DAGs    # Errors  Last Runtime    Last Run
---------------------------------  -----  ---------  --------  ----------  --------------  -------------------
/opt/airflow/dags/file_etl_dag.py                           1           0  1.21s           2026-04-27T06:42:56
================================================================================
[2026-04-27T06:43:29.733+0000] {manager.py:878} INFO - 
================================================================================
DAG File Processing Stats

File Path                          PID    Runtime      # DAGs    # Errors  Last Runtime    Last Run
---------------------------------  -----  ---------  --------  ----------  --------------  -------------------
/opt/airflow/dags/file_etl_dag.py                           1           0  0.94s           2026-04-27T06:43:27
================================================================================
[2026-04-27T06:44:00.058+0000] {manager.py:878} INFO - 
================================================================================
DAG File Processing Stats

File Path                          PID    Runtime      # DAGs    # Errors  Last Runtime    Last Run
---------------------------------  -----  ---------  --------  ----------  --------------  -------------------
/opt/airflow/dags/file_etl_dag.py                           1           0  0.91s           2026-04-27T06:43:59
================================================================================
[2026-04-27T06:44:30.311+0000] {manager.py:878} INFO - 
================================================================================
DAG File Processing Stats

File Path                            PID  Runtime      # DAGs    # Errors  Last Runtime    Last Run
---------------------------------  -----  ---------  --------  ----------  --------------  -------------------
/opt/airflow/dags/file_etl_dag.py    365  1.02s             1           0  0.91s           2026-04-27T06:43:59
================================================================================
[2026-04-27T06:45:00.800+0000] {manager.py:878} INFO - 
================================================================================
DAG File Processing Stats

File Path                            PID  Runtime      # DAGs    # Errors  Last Runtime    Last Run
---------------------------------  -----  ---------  --------  ----------  --------------  -------------------
/opt/airflow/dags/file_etl_dag.py    371  0.01s             1           0  1.37s           2026-04-27T06:44:30
================================================================================
[2026-04-27T06:45:31.262+0000] {manager.py:878} INFO - 
================================================================================
DAG File Processing Stats

File Path                          PID    Runtime      # DAGs    # Errors  Last Runtime    Last Run
---------------------------------  -----  ---------  --------  ----------  --------------  -------------------
/opt/airflow/dags/file_etl_dag.py                           1           0  1.07s           2026-04-27T06:45:01
================================================================================
[2026-04-27T06:46:01.422+0000] {manager.py:878} INFO - 
================================================================================
DAG File Processing Stats

File Path                          PID    Runtime      # DAGs    # Errors  Last Runtime    Last Run
---------------------------------  -----  ---------  --------  ----------  --------------  -------------------
/opt/airflow/dags/file_etl_dag.py                           1           0  0.83s           2026-04-27T06:45:33
================================================================================
[2026-04-27T06:46:31.796+0000] {manager.py:878} INFO - 
================================================================================
DAG File Processing Stats

File Path                          PID    Runtime      # DAGs    # Errors  Last Runtime    Last Run
---------------------------------  -----  ---------  --------  ----------  --------------  -------------------
/opt/airflow/dags/file_etl_dag.py                           1           0  1.05s           2026-04-27T06:46:04
================================================================================
[2026-04-27T06:47:02.243+0000] {manager.py:878} INFO - 
================================================================================
DAG File Processing Stats

File Path                          PID    Runtime      # DAGs    # Errors  Last Runtime    Last Run
---------------------------------  -----  ---------  --------  ----------  --------------  -------------------
/opt/airflow/dags/file_etl_dag.py                           1           0  1.10s           2026-04-27T06:46:35
================================================================================
[2026-04-27T06:47:32.555+0000] {manager.py:878} INFO - 
================================================================================
DAG File Processing Stats

File Path                          PID    Runtime      # DAGs    # Errors  Last Runtime    Last Run
---------------------------------  -----  ---------  --------  ----------  --------------  -------------------
/opt/airflow/dags/file_etl_dag.py                           1           0  1.31s           2026-04-27T06:47:07
================================================================================
[2026-04-27T06:47:53.706+0000] {manager.py:737} INFO - Searching for files in /opt/airflow/dags
[2026-04-27T06:47:53.741+0000] {manager.py:740} INFO - There are 1 files in /opt/airflow/dags
[2026-04-27T06:48:02.823+0000] {manager.py:878} INFO - 
================================================================================
DAG File Processing Stats

File Path                          PID    Runtime      # DAGs    # Errors  Last Runtime    Last Run
---------------------------------  -----  ---------  --------  ----------  --------------  -------------------
/opt/airflow/dags/file_etl_dag.py                           1           0  0.89s           2026-04-27T06:47:38
================================================================================
[2026-04-27T06:48:33.007+0000] {manager.py:878} INFO - 
================================================================================
DAG File Processing Stats

File Path                          PID    Runtime      # DAGs    # Errors  Last Runtime    Last Run
---------------------------------  -----  ---------  --------  ----------  --------------  -------------------
/opt/airflow/dags/file_etl_dag.py                           1           0  0.73s           2026-04-27T06:48:09
================================================================================
[2026-04-27T06:49:03.504+0000] {manager.py:878} INFO - 
================================================================================
DAG File Processing Stats

File Path                          PID    Runtime      # DAGs    # Errors  Last Runtime    Last Run
---------------------------------  -----  ---------  --------  ----------  --------------  -------------------
/opt/airflow/dags/file_etl_dag.py                           1           0  0.74s           2026-04-27T06:48:40
================================================================================
[2026-04-27T06:49:34.287+0000] {manager.py:878} INFO - 
================================================================================
DAG File Processing Stats

File Path                          PID    Runtime      # DAGs    # Errors  Last Runtime    Last Run
---------------------------------  -----  ---------  --------  ----------  --------------  -------------------
/opt/airflow/dags/file_etl_dag.py                           1           0  1.02s           2026-04-27T06:49:12
================================================================================
[2026-04-27T06:50:04.538+0000] {manager.py:878} INFO - 
================================================================================
DAG File Processing Stats

File Path                          PID    Runtime      # DAGs    # Errors  Last Runtime    Last Run
---------------------------------  -----  ---------  --------  ----------  --------------  -------------------
/opt/airflow/dags/file_etl_dag.py                           1           0  0.97s           2026-04-27T06:49:43
================================================================================
[2026-04-27T06:50:34.961+0000] {manager.py:878} INFO - 
================================================================================
DAG File Processing Stats

File Path                          PID    Runtime      # DAGs    # Errors  Last Runtime    Last Run
---------------------------------  -----  ---------  --------  ----------  --------------  -------------------
/opt/airflow/dags/file_etl_dag.py                           1           0  1.24s           2026-04-27T06:50:14
================================================================================
[2026-04-27T06:51:05.265+0000] {manager.py:878} INFO - 
================================================================================
DAG File Processing Stats

File Path                          PID    Runtime      # DAGs    # Errors  Last Runtime    Last Run
---------------------------------  -----  ---------  --------  ----------  --------------  -------------------
/opt/airflow/dags/file_etl_dag.py                           1           0  1.14s           2026-04-27T06:50:46
================================================================================
[2026-04-27T06:51:35.522+0000] {manager.py:878} INFO - 
================================================================================
DAG File Processing Stats

File Path                          PID    Runtime      # DAGs    # Errors  Last Runtime    Last Run
---------------------------------  -----  ---------  --------  ----------  --------------  -------------------
/opt/airflow/dags/file_etl_dag.py                           1           0  1.09s           2026-04-27T06:51:17
================================================================================
[2026-04-27T06:52:05.657+0000] {manager.py:878} INFO - 
================================================================================
DAG File Processing Stats

File Path                          PID    Runtime      # DAGs    # Errors  Last Runtime    Last Run
---------------------------------  -----  ---------  --------  ----------  --------------  -------------------
/opt/airflow/dags/file_etl_dag.py                           1           0  0.87s           2026-04-27T06:51:48
================================================================================
[2026-04-27T06:52:35.947+0000] {manager.py:878} INFO - 
================================================================================
DAG File Processing Stats

File Path                          PID    Runtime      # DAGs    # Errors  Last Runtime    Last Run
---------------------------------  -----  ---------  --------  ----------  --------------  -------------------
/opt/airflow/dags/file_etl_dag.py                           1           0  1.08s           2026-04-27T06:52:19
================================================================================
[2026-04-27T06:52:54.081+0000] {manager.py:737} INFO - Searching for files in /opt/airflow/dags
[2026-04-27T06:52:54.133+0000] {manager.py:740} INFO - There are 1 files in /opt/airflow/dags
[2026-04-27T06:53:06.251+0000] {manager.py:878} INFO - 
================================================================================
DAG File Processing Stats

File Path                          PID    Runtime      # DAGs    # Errors  Last Runtime    Last Run
---------------------------------  -----  ---------  --------  ----------  --------------  -------------------
/opt/airflow/dags/file_etl_dag.py                           1           0  0.96s           2026-04-27T06:52:51
================================================================================
[2026-04-27T06:53:36.529+0000] {manager.py:878} INFO - 
================================================================================
DAG File Processing Stats

File Path                          PID    Runtime      # DAGs    # Errors  Last Runtime    Last Run
---------------------------------  -----  ---------  --------  ----------  --------------  -------------------
/opt/airflow/dags/file_etl_dag.py                           1           0  1.15s           2026-04-27T06:53:22
================================================================================
[2026-04-27T06:54:06.539+0000] {manager.py:878} INFO - 
================================================================================
DAG File Processing Stats

File Path                          PID    Runtime      # DAGs    # Errors  Last Runtime    Last Run
---------------------------------  -----  ---------  --------  ----------  --------------  -------------------
/opt/airflow/dags/file_etl_dag.py                           1           0  0.77s           2026-04-27T06:53:53
================================================================================
[2026-04-27T06:54:36.799+0000] {manager.py:878} INFO - 
================================================================================
DAG File Processing Stats

File Path                          PID    Runtime      # DAGs    # Errors  Last Runtime    Last Run
---------------------------------  -----  ---------  --------  ----------  --------------  -------------------
/opt/airflow/dags/file_etl_dag.py                           1           0  1.01s           2026-04-27T06:54:24
================================================================================
[2026-04-27T06:55:07.044+0000] {manager.py:878} INFO - 
================================================================================
DAG File Processing Stats

File Path                          PID    Runtime      # DAGs    # Errors  Last Runtime    Last Run
---------------------------------  -----  ---------  --------  ----------  --------------  -------------------
/opt/airflow/dags/file_etl_dag.py                           1           0  1.20s           2026-04-27T06:54:56
================================================================================
[2026-04-27T06:55:37.210+0000] {manager.py:878} INFO - 
================================================================================
DAG File Processing Stats

File Path                          PID    Runtime      # DAGs    # Errors  Last Runtime    Last Run
---------------------------------  -----  ---------  --------  ----------  --------------  -------------------
/opt/airflow/dags/file_etl_dag.py                           1           0  0.93s           2026-04-27T06:55:27
================================================================================
[2026-04-27T06:56:07.255+0000] {manager.py:878} INFO - 
================================================================================
DAG File Processing Stats

File Path                          PID    Runtime      # DAGs    # Errors  Last Runtime    Last Run
---------------------------------  -----  ---------  --------  ----------  --------------  -------------------
/opt/airflow/dags/file_etl_dag.py                           1           0  0.78s           2026-04-27T06:55:58
================================================================================
[2026-04-27T06:56:37.491+0000] {manager.py:878} INFO - 
================================================================================
DAG File Processing Stats

File Path                          PID    Runtime      # DAGs    # Errors  Last Runtime    Last Run
---------------------------------  -----  ---------  --------  ----------  --------------  -------------------
/opt/airflow/dags/file_etl_dag.py                           1           0  1.09s           2026-04-27T06:56:29
================================================================================
[2026-04-27T06:57:07.771+0000] {manager.py:878} INFO - 
================================================================================
DAG File Processing Stats

File Path                          PID    Runtime      # DAGs    # Errors  Last Runtime    Last Run
---------------------------------  -----  ---------  --------  ----------  --------------  -------------------
/opt/airflow/dags/file_etl_dag.py                           1           0  0.76s           2026-04-27T06:57:00
================================================================================
[2026-04-27T06:57:37.904+0000] {manager.py:878} INFO - 
================================================================================
DAG File Processing Stats

File Path                          PID    Runtime      # DAGs    # Errors  Last Runtime    Last Run
---------------------------------  -----  ---------  --------  ----------  --------------  -------------------
/opt/airflow/dags/file_etl_dag.py                           1           0  1.17s           2026-04-27T06:57:31
================================================================================
[2026-04-27T06:57:54.906+0000] {manager.py:737} INFO - Searching for files in /opt/airflow/dags
[2026-04-27T06:57:54.975+0000] {manager.py:740} INFO - There are 1 files in /opt/airflow/dags
[2026-04-27T06:58:08.058+0000] {manager.py:878} INFO - 
================================================================================
DAG File Processing Stats

File Path                          PID    Runtime      # DAGs    # Errors  Last Runtime    Last Run
---------------------------------  -----  ---------  --------  ----------  --------------  -------------------
/opt/airflow/dags/file_etl_dag.py                           1           0  0.92s           2026-04-27T06:58:03
================================================================================
[2026-04-27T06:58:38.198+0000] {manager.py:878} INFO - 
================================================================================
DAG File Processing Stats

File Path                          PID    Runtime      # DAGs    # Errors  Last Runtime    Last Run
---------------------------------  -----  ---------  --------  ----------  --------------  -------------------
/opt/airflow/dags/file_etl_dag.py                           1           0  0.88s           2026-04-27T06:58:34
================================================================================
[2026-04-27T06:59:08.594+0000] {manager.py:878} INFO - 
================================================================================
DAG File Processing Stats

File Path                          PID    Runtime      # DAGs    # Errors  Last Runtime    Last Run
---------------------------------  -----  ---------  --------  ----------  --------------  -------------------
/opt/airflow/dags/file_etl_dag.py                           1           0  1.21s           2026-04-27T06:59:05
================================================================================
[2026-04-27T06:59:38.842+0000] {manager.py:878} INFO - 
================================================================================
DAG File Processing Stats

File Path                          PID    Runtime      # DAGs    # Errors  Last Runtime    Last Run
---------------------------------  -----  ---------  --------  ----------  --------------  -------------------
/opt/airflow/dags/file_etl_dag.py                           1           0  1.11s           2026-04-27T06:59:36
================================================================================
[2026-04-27T07:00:09.104+0000] {manager.py:878} INFO - 
================================================================================
DAG File Processing Stats

File Path                          PID    Runtime      # DAGs    # Errors  Last Runtime    Last Run
---------------------------------  -----  ---------  --------  ----------  --------------  -------------------
/opt/airflow/dags/file_etl_dag.py                           1           0  0.77s           2026-04-27T07:00:07
================================================================================
[2026-04-27T07:00:39.298+0000] {manager.py:878} INFO - 
================================================================================
DAG File Processing Stats

File Path                          PID    Runtime      # DAGs    # Errors  Last Runtime    Last Run
---------------------------------  -----  ---------  --------  ----------  --------------  -------------------
/opt/airflow/dags/file_etl_dag.py                           1           0  0.91s           2026-04-27T07:00:38
================================================================================
[2026-04-27T07:01:09.494+0000] {manager.py:878} INFO - 
================================================================================
DAG File Processing Stats

File Path                            PID  Runtime      # DAGs    # Errors  Last Runtime    Last Run
---------------------------------  -----  ---------  --------  ----------  --------------  -------------------
/opt/airflow/dags/file_etl_dag.py    557  0.20s             1           0  0.91s           2026-04-27T07:00:38
================================================================================
[2026-04-27T07:01:39.688+0000] {manager.py:878} INFO - 
================================================================================
DAG File Processing Stats

File Path                          PID    Runtime      # DAGs    # Errors  Last Runtime    Last Run
---------------------------------  -----  ---------  --------  ----------  --------------  -------------------
/opt/airflow/dags/file_etl_dag.py                           1           0  0.74s           2026-04-27T07:01:10
================================================================================
[2026-04-27T07:02:09.896+0000] {manager.py:878} INFO - 
================================================================================
DAG File Processing Stats

File Path                          PID    Runtime      # DAGs    # Errors  Last Runtime    Last Run
---------------------------------  -----  ---------  --------  ----------  --------------  -------------------
/opt/airflow/dags/file_etl_dag.py                           1           0  0.89s           2026-04-27T07:01:41
================================================================================
[2026-04-27T07:02:40.587+0000] {manager.py:878} INFO - 
================================================================================
DAG File Processing Stats

File Path                          PID    Runtime      # DAGs    # Errors  Last Runtime    Last Run
---------------------------------  -----  ---------  --------  ----------  --------------  -------------------
/opt/airflow/dags/file_etl_dag.py                           1           0  1.03s           2026-04-27T07:02:12
================================================================================
[2026-04-27T07:02:55.196+0000] {manager.py:737} INFO - Searching for files in /opt/airflow/dags
[2026-04-27T07:02:55.241+0000] {manager.py:740} INFO - There are 1 files in /opt/airflow/dags
[2026-04-27T07:03:10.828+0000] {manager.py:878} INFO - 
================================================================================
DAG File Processing Stats

File Path                          PID    Runtime      # DAGs    # Errors  Last Runtime    Last Run
---------------------------------  -----  ---------  --------  ----------  --------------  -------------------
/opt/airflow/dags/file_etl_dag.py                           1           0  1.50s           2026-04-27T07:02:44
================================================================================
[2026-04-27T07:03:41.030+0000] {manager.py:878} INFO - 
================================================================================
DAG File Processing Stats

File Path                          PID    Runtime      # DAGs    # Errors  Last Runtime    Last Run
---------------------------------  -----  ---------  --------  ----------  --------------  -------------------
/opt/airflow/dags/file_etl_dag.py                           1           0  0.90s           2026-04-27T07:03:15
================================================================================
[2026-04-27T07:04:11.240+0000] {manager.py:878} INFO - 
================================================================================
DAG File Processing Stats

File Path                          PID    Runtime      # DAGs    # Errors  Last Runtime    Last Run
---------------------------------  -----  ---------  --------  ----------  --------------  -------------------
/opt/airflow/dags/file_etl_dag.py                           1           0  0.94s           2026-04-27T07:03:46
================================================================================
[2026-04-27T07:04:41.444+0000] {manager.py:878} INFO - 
================================================================================
DAG File Processing Stats

File Path                          PID    Runtime      # DAGs    # Errors  Last Runtime    Last Run
---------------------------------  -----  ---------  --------  ----------  --------------  -------------------
/opt/airflow/dags/file_etl_dag.py                           1           0  0.62s           2026-04-27T07:04:17
================================================================================
[2026-04-27T07:05:11.671+0000] {manager.py:878} INFO - 
================================================================================
DAG File Processing Stats

File Path                          PID    Runtime      # DAGs    # Errors  Last Runtime    Last Run
---------------------------------  -----  ---------  --------  ----------  --------------  -------------------
/opt/airflow/dags/file_etl_dag.py                           1           0  0.78s           2026-04-27T07:04:48
================================================================================
[2026-04-27T07:05:41.881+0000] {manager.py:878} INFO - 
================================================================================
DAG File Processing Stats

File Path                          PID    Runtime      # DAGs    # Errors  Last Runtime    Last Run
---------------------------------  -----  ---------  --------  ----------  --------------  -------------------
/opt/airflow/dags/file_etl_dag.py                           1           0  0.75s           2026-04-27T07:05:19
================================================================================
[2026-04-27T07:06:12.100+0000] {manager.py:878} INFO - 
================================================================================
DAG File Processing Stats

File Path                          PID    Runtime      # DAGs    # Errors  Last Runtime    Last Run
---------------------------------  -----  ---------  --------  ----------  --------------  -------------------
/opt/airflow/dags/file_etl_dag.py                           1           0  0.91s           2026-04-27T07:05:50
================================================================================
[2026-04-27T07:06:42.803+0000] {manager.py:878} INFO - 
================================================================================
DAG File Processing Stats

File Path                          PID    Runtime      # DAGs    # Errors  Last Runtime    Last Run
---------------------------------  -----  ---------  --------  ----------  --------------  -------------------
/opt/airflow/dags/file_etl_dag.py                           1           0  1.14s           2026-04-27T07:06:21
================================================================================
[2026-04-27T07:07:12.932+0000] {manager.py:878} INFO - 
================================================================================
DAG File Processing Stats

File Path                          PID    Runtime      # DAGs    # Errors  Last Runtime    Last Run
---------------------------------  -----  ---------  --------  ----------  --------------  -------------------
/opt/airflow/dags/file_etl_dag.py                           1           0  0.89s           2026-04-27T07:06:52
================================================================================
[2026-04-27T07:07:43.064+0000] {manager.py:878} INFO - 
================================================================================
DAG File Processing Stats

File Path                          PID    Runtime      # DAGs    # Errors  Last Runtime    Last Run
---------------------------------  -----  ---------  --------  ----------  --------------  -------------------
/opt/airflow/dags/file_etl_dag.py                           1           0  0.90s           2026-04-27T07:07:23
================================================================================
[2026-04-27T07:07:55.430+0000] {manager.py:737} INFO - Searching for files in /opt/airflow/dags
[2026-04-27T07:07:55.477+0000] {manager.py:740} INFO - There are 1 files in /opt/airflow/dags
[2026-04-27T07:08:13.068+0000] {manager.py:878} INFO - 
================================================================================
DAG File Processing Stats

File Path                          PID    Runtime      # DAGs    # Errors  Last Runtime    Last Run
---------------------------------  -----  ---------  --------  ----------  --------------  -------------------
/opt/airflow/dags/file_etl_dag.py                           1           0  0.78s           2026-04-27T07:07:54
================================================================================
[2026-04-27T07:08:43.196+0000] {manager.py:878} INFO - 
================================================================================
DAG File Processing Stats

File Path                          PID    Runtime      # DAGs    # Errors  Last Runtime    Last Run
---------------------------------  -----  ---------  --------  ----------  --------------  -------------------
/opt/airflow/dags/file_etl_dag.py                           1           0  0.92s           2026-04-27T07:08:26
================================================================================
[2026-04-27T07:09:13.391+0000] {manager.py:878} INFO - 
================================================================================
DAG File Processing Stats

File Path                          PID    Runtime      # DAGs    # Errors  Last Runtime    Last Run
---------------------------------  -----  ---------  --------  ----------  --------------  -------------------
/opt/airflow/dags/file_etl_dag.py                           1           0  0.98s           2026-04-27T07:08:57
================================================================================
[2026-04-27T07:09:43.452+0000] {manager.py:878} INFO - 
================================================================================
DAG File Processing Stats

File Path                          PID    Runtime      # DAGs    # Errors  Last Runtime    Last Run
---------------------------------  -----  ---------  --------  ----------  --------------  -------------------
/opt/airflow/dags/file_etl_dag.py                           1           0  0.88s           2026-04-27T07:09:28
================================================================================
[2026-04-27T07:10:13.609+0000] {manager.py:878} INFO - 
================================================================================
DAG File Processing Stats

File Path                          PID    Runtime      # DAGs    # Errors  Last Runtime    Last Run
---------------------------------  -----  ---------  --------  ----------  --------------  -------------------
/opt/airflow/dags/file_etl_dag.py                           1           0  0.46s           2026-04-27T07:09:58
================================================================================
[2026-04-27T07:10:43.731+0000] {manager.py:878} INFO - 
================================================================================
DAG File Processing Stats

File Path                          PID    Runtime      # DAGs    # Errors  Last Runtime    Last Run
---------------------------------  -----  ---------  --------  ----------  --------------  -------------------
/opt/airflow/dags/file_etl_dag.py                           1           0  0.45s           2026-04-27T07:10:29
================================================================================
[2026-04-27T07:11:13.913+0000] {manager.py:878} INFO - 
================================================================================
DAG File Processing Stats

File Path                          PID    Runtime      # DAGs    # Errors  Last Runtime    Last Run
---------------------------------  -----  ---------  --------  ----------  --------------  -------------------
/opt/airflow/dags/file_etl_dag.py                           1           0  0.50s           2026-04-27T07:11:00
================================================================================
[2026-04-27T07:11:44.102+0000] {manager.py:878} INFO - 
================================================================================
DAG File Processing Stats

File Path                          PID    Runtime      # DAGs    # Errors  Last Runtime    Last Run
---------------------------------  -----  ---------  --------  ----------  --------------  -------------------
/opt/airflow/dags/file_etl_dag.py                           1           0  0.70s           2026-04-27T07:11:31
================================================================================
[2026-04-27T07:12:14.281+0000] {manager.py:878} INFO - 
================================================================================
DAG File Processing Stats

File Path                          PID    Runtime      # DAGs    # Errors  Last Runtime    Last Run
---------------------------------  -----  ---------  --------  ----------  --------------  -------------------
/opt/airflow/dags/file_etl_dag.py                           1           0  0.72s           2026-04-27T07:12:02
================================================================================
[2026-04-27T07:12:44.466+0000] {manager.py:878} INFO - 
================================================================================
DAG File Processing Stats

File Path                          PID    Runtime      # DAGs    # Errors  Last Runtime    Last Run
---------------------------------  -----  ---------  --------  ----------  --------------  -------------------
/opt/airflow/dags/file_etl_dag.py                           1           0  0.95s           2026-04-27T07:12:33
================================================================================
[2026-04-27T07:12:55.521+0000] {manager.py:737} INFO - Searching for files in /opt/airflow/dags
[2026-04-27T07:12:55.541+0000] {manager.py:740} INFO - There are 1 files in /opt/airflow/dags
[2026-04-27T07:13:15.013+0000] {manager.py:878} INFO - 
================================================================================
DAG File Processing Stats

File Path                          PID    Runtime      # DAGs    # Errors  Last Runtime    Last Run
---------------------------------  -----  ---------  --------  ----------  --------------  -------------------
/opt/airflow/dags/file_etl_dag.py                           1           0  0.51s           2026-04-27T07:13:04
================================================================================
[2026-04-27T07:13:45.041+0000] {manager.py:878} INFO - 
================================================================================
DAG File Processing Stats

File Path                          PID    Runtime      # DAGs    # Errors  Last Runtime    Last Run
---------------------------------  -----  ---------  --------  ----------  --------------  -------------------
/opt/airflow/dags/file_etl_dag.py                           1           0  0.80s           2026-04-27T07:13:34
================================================================================
[2026-04-27T07:14:15.689+0000] {manager.py:878} INFO - 
================================================================================
DAG File Processing Stats

File Path                          PID    Runtime      # DAGs    # Errors  Last Runtime    Last Run
---------------------------------  -----  ---------  --------  ----------  --------------  -------------------
/opt/airflow/dags/file_etl_dag.py                           1           0  0.50s           2026-04-27T07:14:05
================================================================================
[2026-04-27T07:14:46.099+0000] {manager.py:878} INFO - 
================================================================================
DAG File Processing Stats

File Path                          PID    Runtime      # DAGs    # Errors  Last Runtime    Last Run
---------------------------------  -----  ---------  --------  ----------  --------------  -------------------
/opt/airflow/dags/file_etl_dag.py                           1           0  0.70s           2026-04-27T07:14:36
================================================================================
[2026-04-27T07:15:16.283+0000] {manager.py:878} INFO - 
================================================================================
DAG File Processing Stats

File Path                          PID    Runtime      # DAGs    # Errors  Last Runtime    Last Run
---------------------------------  -----  ---------  --------  ----------  --------------  -------------------
/opt/airflow/dags/file_etl_dag.py                           1           0  0.76s           2026-04-27T07:15:07
================================================================================
[2026-04-27T07:15:46.294+0000] {manager.py:878} INFO - 
================================================================================
DAG File Processing Stats

File Path                          PID    Runtime      # DAGs    # Errors  Last Runtime    Last Run
---------------------------------  -----  ---------  --------  ----------  --------------  -------------------
/opt/airflow/dags/file_etl_dag.py                           1           0  0.47s           2026-04-27T07:15:38
================================================================================
[2026-04-27T07:16:17.053+0000] {manager.py:878} INFO - 
================================================================================
DAG File Processing Stats

File Path                          PID    Runtime      # DAGs    # Errors  Last Runtime    Last Run
---------------------------------  -----  ---------  --------  ----------  --------------  -------------------
/opt/airflow/dags/file_etl_dag.py                           1           0  0.74s           2026-04-27T07:16:09
================================================================================
[2026-04-27T07:16:47.485+0000] {manager.py:878} INFO - 
================================================================================
DAG File Processing Stats

File Path                          PID    Runtime      # DAGs    # Errors  Last Runtime    Last Run
---------------------------------  -----  ---------  --------  ----------  --------------  -------------------
/opt/airflow/dags/file_etl_dag.py                           1           0  0.49s           2026-04-27T07:16:39
================================================================================
[2026-04-27T07:17:17.743+0000] {manager.py:878} INFO - 
================================================================================
DAG File Processing Stats

File Path                          PID    Runtime      # DAGs    # Errors  Last Runtime    Last Run
---------------------------------  -----  ---------  --------  ----------  --------------  -------------------
/opt/airflow/dags/file_etl_dag.py                           1           0  0.76s           2026-04-27T07:17:10
================================================================================
[2026-04-27T07:17:47.887+0000] {manager.py:878} INFO - 
================================================================================
DAG File Processing Stats

File Path                          PID    Runtime      # DAGs    # Errors  Last Runtime    Last Run
---------------------------------  -----  ---------  --------  ----------  --------------  -------------------
/opt/airflow/dags/file_etl_dag.py                           1           0  0.72s           2026-04-27T07:17:41
================================================================================
[2026-04-27T07:17:55.957+0000] {manager.py:737} INFO - Searching for files in /opt/airflow/dags
[2026-04-27T07:17:56.006+0000] {manager.py:740} INFO - There are 1 files in /opt/airflow/dags
[2026-04-27T07:18:17.897+0000] {manager.py:878} INFO - 
================================================================================
DAG File Processing Stats

File Path                          PID    Runtime      # DAGs    # Errors  Last Runtime    Last Run
---------------------------------  -----  ---------  --------  ----------  --------------  -------------------
/opt/airflow/dags/file_etl_dag.py                           1           0  0.71s           2026-04-27T07:18:12
================================================================================
[2026-04-27T07:18:48.553+0000] {manager.py:878} INFO - 
================================================================================
DAG File Processing Stats

File Path                          PID    Runtime      # DAGs    # Errors  Last Runtime    Last Run
---------------------------------  -----  ---------  --------  ----------  --------------  -------------------
/opt/airflow/dags/file_etl_dag.py                           1           0  0.51s           2026-04-27T07:18:43
================================================================================
[2026-04-27T07:19:18.554+0000] {manager.py:878} INFO - 
================================================================================
DAG File Processing Stats

File Path                          PID    Runtime      # DAGs    # Errors  Last Runtime    Last Run
---------------------------------  -----  ---------  --------  ----------  --------------  -------------------
/opt/airflow/dags/file_etl_dag.py                           1           0  0.76s           2026-04-27T07:19:14
================================================================================
[2026-04-27T07:19:48.978+0000] {manager.py:878} INFO - 
================================================================================
DAG File Processing Stats

File Path                          PID    Runtime      # DAGs    # Errors  Last Runtime    Last Run
---------------------------------  -----  ---------  --------  ----------  --------------  -------------------
/opt/airflow/dags/file_etl_dag.py                           1           0  0.70s           2026-04-27T07:19:45
================================================================================
[2026-04-27T07:20:19.198+0000] {manager.py:878} INFO - 
================================================================================
DAG File Processing Stats

File Path                          PID    Runtime      # DAGs    # Errors  Last Runtime    Last Run
---------------------------------  -----  ---------  --------  ----------  --------------  -------------------
/opt/airflow/dags/file_etl_dag.py                           1           0  0.55s           2026-04-27T07:20:16
================================================================================
[2026-04-27T07:20:49.874+0000] {manager.py:878} INFO - 
================================================================================
DAG File Processing Stats

File Path                          PID    Runtime      # DAGs    # Errors  Last Runtime    Last Run
---------------------------------  -----  ---------  --------  ----------  --------------  -------------------
/opt/airflow/dags/file_etl_dag.py                           1           0  0.72s           2026-04-27T07:20:47
================================================================================
[2026-04-27T07:21:20.074+0000] {manager.py:878} INFO - 
================================================================================
DAG File Processing Stats

File Path                          PID    Runtime      # DAGs    # Errors  Last Runtime    Last Run
---------------------------------  -----  ---------  --------  ----------  --------------  -------------------
/opt/airflow/dags/file_etl_dag.py                           1           0  0.73s           2026-04-27T07:21:18
================================================================================
[2026-04-27T07:21:50.586+0000] {manager.py:878} INFO - 
================================================================================
DAG File Processing Stats

File Path                          PID    Runtime      # DAGs    # Errors  Last Runtime    Last Run
---------------------------------  -----  ---------  --------  ----------  --------------  -------------------
/opt/airflow/dags/file_etl_dag.py                           1           0  0.74s           2026-04-27T07:21:49
================================================================================
[2026-04-27T07:22:20.777+0000] {manager.py:878} INFO - 
================================================================================
DAG File Processing Stats

File Path                          PID    Runtime      # DAGs    # Errors  Last Runtime    Last Run
---------------------------------  -----  ---------  --------  ----------  --------------  -------------------
/opt/airflow/dags/file_etl_dag.py                           1           0  0.50s           2026-04-27T07:22:19
================================================================================
[2026-04-27T07:22:50.793+0000] {manager.py:878} INFO - 
================================================================================
DAG File Processing Stats

File Path                          PID    Runtime      # DAGs    # Errors  Last Runtime    Last Run
---------------------------------  -----  ---------  --------  ----------  --------------  -------------------
/opt/airflow/dags/file_etl_dag.py                           1           0  0.72s           2026-04-27T07:22:50
================================================================================
[2026-04-27T07:22:56.602+0000] {manager.py:737} INFO - Searching for files in /opt/airflow/dags
[2026-04-27T07:22:56.621+0000] {manager.py:740} INFO - There are 1 files in /opt/airflow/dags
[2026-04-27T07:23:21.026+0000] {manager.py:878} INFO - 
================================================================================
DAG File Processing Stats

File Path                            PID  Runtime      # DAGs    # Errors  Last Runtime    Last Run
---------------------------------  -----  ---------  --------  ----------  --------------  -------------------
/opt/airflow/dags/file_etl_dag.py    815  0.00s             1           0  0.72s           2026-04-27T07:22:50
================================================================================
[2026-04-27T07:23:51.282+0000] {manager.py:878} INFO - 
================================================================================
DAG File Processing Stats

File Path                          PID    Runtime      # DAGs    # Errors  Last Runtime    Last Run
---------------------------------  -----  ---------  --------  ----------  --------------  -------------------
/opt/airflow/dags/file_etl_dag.py                           1           0  0.46s           2026-04-27T07:23:21
================================================================================
[2026-04-27T08:30:04.399+0000] {manager.py:470} INFO - Processing files using up to 2 processes at a time 
[2026-04-27T08:30:04.404+0000] {manager.py:471} INFO - Process each file at most once every 30 seconds
[2026-04-27T08:30:04.408+0000] {manager.py:472} INFO - Checking for new files in /opt/airflow/dags every 300 seconds
[2026-04-27T08:30:04.412+0000] {manager.py:737} INFO - Searching for files in /opt/airflow/dags
[2026-04-27T08:30:04.479+0000] {manager.py:740} INFO - There are 1 files in /opt/airflow/dags
[2026-04-27T08:30:04.837+0000] {manager.py:878} INFO - 
================================================================================
DAG File Processing Stats

File Path                            PID  Runtime      # DAGs    # Errors  Last Runtime    Last Run
---------------------------------  -----  ---------  --------  ----------  --------------  ----------
/opt/airflow/dags/file_etl_dag.py    164  0.16s             0           0
================================================================================
[2026-04-27T08:30:35.086+0000] {manager.py:878} INFO - 
================================================================================
DAG File Processing Stats

File Path                          PID    Runtime      # DAGs    # Errors  Last Runtime    Last Run
---------------------------------  -----  ---------  --------  ----------  --------------  -------------------
/opt/airflow/dags/file_etl_dag.py                           1           0  6.13s           2026-04-27T08:30:10
================================================================================
[2026-04-27T08:31:05.521+0000] {manager.py:878} INFO - 
================================================================================
DAG File Processing Stats

File Path                          PID    Runtime      # DAGs    # Errors  Last Runtime    Last Run
---------------------------------  -----  ---------  --------  ----------  --------------  -------------------
/opt/airflow/dags/file_etl_dag.py                           1           0  1.97s           2026-04-27T08:30:43
================================================================================
[2026-04-27T08:31:36.105+0000] {manager.py:878} INFO - 
================================================================================
DAG File Processing Stats

File Path                          PID    Runtime      # DAGs    # Errors  Last Runtime    Last Run
---------------------------------  -----  ---------  --------  ----------  --------------  -------------------
/opt/airflow/dags/file_etl_dag.py                           1           0  2.27s           2026-04-27T08:31:16
================================================================================
[2026-04-27T08:32:06.780+0000] {manager.py:878} INFO - 
================================================================================
DAG File Processing Stats

File Path                          PID    Runtime      # DAGs    # Errors  Last Runtime    Last Run
---------------------------------  -----  ---------  --------  ----------  --------------  -------------------
/opt/airflow/dags/file_etl_dag.py                           1           0  2.48s           2026-04-27T08:31:48
================================================================================
[2026-04-27T08:32:37.642+0000] {manager.py:878} INFO - 
================================================================================
DAG File Processing Stats

File Path                          PID    Runtime      # DAGs    # Errors  Last Runtime    Last Run
---------------------------------  -----  ---------  --------  ----------  --------------  -------------------
/opt/airflow/dags/file_etl_dag.py                           1           0  1.49s           2026-04-27T08:32:20
================================================================================
[2026-04-27T08:33:07.866+0000] {manager.py:878} INFO - 
================================================================================
DAG File Processing Stats

File Path                          PID    Runtime      # DAGs    # Errors  Last Runtime    Last Run
---------------------------------  -----  ---------  --------  ----------  --------------  -------------------
/opt/airflow/dags/file_etl_dag.py                           1           0  1.69s           2026-04-27T08:32:52
================================================================================
[2026-04-27T08:33:38.524+0000] {manager.py:878} INFO - 
================================================================================
DAG File Processing Stats

File Path                          PID    Runtime      # DAGs    # Errors  Last Runtime    Last Run
---------------------------------  -----  ---------  --------  ----------  --------------  -------------------
/opt/airflow/dags/file_etl_dag.py                           1           0  2.18s           2026-04-27T08:33:25
================================================================================
[2026-04-27T08:35:08.884+0000] {manager.py:452} INFO - Exiting gracefully upon receiving signal 15
[2026-04-27T08:39:09.000+0000] {manager.py:470} INFO - Processing files using up to 2 processes at a time 
[2026-04-27T08:39:09.006+0000] {manager.py:471} INFO - Process each file at most once every 30 seconds
[2026-04-27T08:39:09.015+0000] {manager.py:472} INFO - Checking for new files in /opt/airflow/dags every 300 seconds
[2026-04-27T08:39:09.022+0000] {manager.py:737} INFO - Searching for files in /opt/airflow/dags
[2026-04-27T08:39:09.188+0000] {manager.py:740} INFO - There are 1 files in /opt/airflow/dags
[2026-04-27T08:39:09.655+0000] {manager.py:878} INFO - 
================================================================================
DAG File Processing Stats

File Path                            PID  Runtime      # DAGs    # Errors  Last Runtime    Last Run
---------------------------------  -----  ---------  --------  ----------  --------------  ----------
/opt/airflow/dags/file_etl_dag.py    182  0.20s             0           0
================================================================================
[2026-04-27T08:39:39.736+0000] {manager.py:878} INFO - 
================================================================================
DAG File Processing Stats

File Path                          PID    Runtime      # DAGs    # Errors  Last Runtime    Last Run
---------------------------------  -----  ---------  --------  ----------  --------------  -------------------
/opt/airflow/dags/file_etl_dag.py                           1           0  1.99s           2026-04-27T08:39:11
================================================================================
[2026-04-27T08:40:10.533+0000] {manager.py:878} INFO - 
================================================================================
DAG File Processing Stats

File Path                          PID    Runtime      # DAGs    # Errors  Last Runtime    Last Run
---------------------------------  -----  ---------  --------  ----------  --------------  -------------------
/opt/airflow/dags/file_etl_dag.py                           1           0  5.20s           2026-04-27T08:39:47
================================================================================
[2026-04-27T08:40:40.822+0000] {manager.py:878} INFO - 
================================================================================
DAG File Processing Stats

File Path                          PID    Runtime      # DAGs    # Errors  Last Runtime    Last Run
---------------------------------  -----  ---------  --------  ----------  --------------  -------------------
/opt/airflow/dags/file_etl_dag.py                           1           0  2.55s           2026-04-27T08:40:20
================================================================================
[2026-04-27T08:41:10.969+0000] {manager.py:878} INFO - 
================================================================================
DAG File Processing Stats

File Path                          PID    Runtime      # DAGs    # Errors  Last Runtime    Last Run
---------------------------------  -----  ---------  --------  ----------  --------------  -------------------
/opt/airflow/dags/file_etl_dag.py                           1           0  2.04s           2026-04-27T08:40:52
================================================================================
[2026-04-27T08:41:41.443+0000] {manager.py:878} INFO - 
================================================================================
DAG File Processing Stats

File Path                          PID    Runtime      # DAGs    # Errors  Last Runtime    Last Run
---------------------------------  -----  ---------  --------  ----------  --------------  -------------------
/opt/airflow/dags/file_etl_dag.py                           1           0  1.96s           2026-04-27T08:41:24
================================================================================
[2026-04-27T08:42:11.746+0000] {manager.py:878} INFO - 
================================================================================
DAG File Processing Stats

File Path                          PID    Runtime      # DAGs    # Errors  Last Runtime    Last Run
---------------------------------  -----  ---------  --------  ----------  --------------  -------------------
/opt/airflow/dags/file_etl_dag.py                           1           0  4.39s           2026-04-27T08:41:59
================================================================================
[2026-04-27T08:42:41.956+0000] {manager.py:878} INFO - 
================================================================================
DAG File Processing Stats

File Path                          PID    Runtime      # DAGs    # Errors  Last Runtime    Last Run
---------------------------------  -----  ---------  --------  ----------  --------------  -------------------
/opt/airflow/dags/file_etl_dag.py                           1           0  3.36s           2026-04-27T08:42:33
================================================================================
[2026-04-27T08:43:11.991+0000] {manager.py:878} INFO - 
================================================================================
DAG File Processing Stats

File Path                          PID    Runtime      # DAGs    # Errors  Last Runtime    Last Run
---------------------------------  -----  ---------  --------  ----------  --------------  -------------------
/opt/airflow/dags/file_etl_dag.py                           1           0  1.60s           2026-04-27T08:43:04
================================================================================
[2026-04-27T08:43:42.512+0000] {manager.py:878} INFO - 
================================================================================
DAG File Processing Stats

File Path                          PID    Runtime      # DAGs    # Errors  Last Runtime    Last Run
---------------------------------  -----  ---------  --------  ----------  --------------  -------------------
/opt/airflow/dags/file_etl_dag.py                           1           0  5.63s           2026-04-27T08:43:40
================================================================================
[2026-04-27T08:44:09.222+0000] {manager.py:737} INFO - Searching for files in /opt/airflow/dags
[2026-04-27T08:44:09.377+0000] {manager.py:740} INFO - There are 1 files in /opt/airflow/dags
[2026-04-27T08:44:13.072+0000] {manager.py:878} INFO - 
================================================================================
DAG File Processing Stats

File Path                            PID  Runtime      # DAGs    # Errors  Last Runtime    Last Run
---------------------------------  -----  ---------  --------  ----------  --------------  -------------------
/opt/airflow/dags/file_etl_dag.py    236  2.07s             1           0  5.63s           2026-04-27T08:43:40
================================================================================
[2026-04-27T08:44:43.712+0000] {manager.py:878} INFO - 
================================================================================
DAG File Processing Stats

File Path                            PID  Runtime      # DAGs    # Errors  Last Runtime    Last Run
---------------------------------  -----  ---------  --------  ----------  --------------  -------------------
/opt/airflow/dags/file_etl_dag.py    242  0.02s             1           0  2.27s           2026-04-27T08:44:13
================================================================================
[2026-04-27T08:45:14.307+0000] {manager.py:878} INFO - 
================================================================================
DAG File Processing Stats

File Path                          PID    Runtime      # DAGs    # Errors  Last Runtime    Last Run
---------------------------------  -----  ---------  --------  ----------  --------------  -------------------
/opt/airflow/dags/file_etl_dag.py                           1           0  2.13s           2026-04-27T08:44:45
================================================================================
[2026-04-27T08:45:44.478+0000] {manager.py:878} INFO - 
================================================================================
DAG File Processing Stats

File Path                          PID    Runtime      # DAGs    # Errors  Last Runtime    Last Run
---------------------------------  -----  ---------  --------  ----------  --------------  -------------------
/opt/airflow/dags/file_etl_dag.py                           1           0  2.50s           2026-04-27T08:45:18
================================================================================
[2026-04-27T08:46:14.660+0000] {manager.py:878} INFO - 
================================================================================
DAG File Processing Stats

File Path                          PID    Runtime      # DAGs    # Errors  Last Runtime    Last Run
---------------------------------  -----  ---------  --------  ----------  --------------  -------------------
/opt/airflow/dags/file_etl_dag.py                           1           0  2.94s           2026-04-27T08:45:52
================================================================================
[2026-04-27T08:46:45.188+0000] {manager.py:878} INFO - 
================================================================================
DAG File Processing Stats

File Path                          PID    Runtime      # DAGs    # Errors  Last Runtime    Last Run
---------------------------------  -----  ---------  --------  ----------  --------------  -------------------
/opt/airflow/dags/file_etl_dag.py                           1           0  3.89s           2026-04-27T08:46:26
================================================================================
[2026-04-27T08:47:15.883+0000] {manager.py:878} INFO - 
================================================================================
DAG File Processing Stats

File Path                          PID    Runtime      # DAGs    # Errors  Last Runtime    Last Run
---------------------------------  -----  ---------  --------  ----------  --------------  -------------------
/opt/airflow/dags/file_etl_dag.py                           1           0  3.09s           2026-04-27T08:46:59
================================================================================
[2026-04-27T08:47:45.970+0000] {manager.py:878} INFO - 
================================================================================
DAG File Processing Stats

File Path                          PID    Runtime      # DAGs    # Errors  Last Runtime    Last Run
---------------------------------  -----  ---------  --------  ----------  --------------  -------------------
/opt/airflow/dags/file_etl_dag.py                           1           0  1.62s           2026-04-27T08:47:31
================================================================================
[2026-04-27T08:48:16.233+0000] {manager.py:878} INFO - 
================================================================================
DAG File Processing Stats

File Path                          PID    Runtime      # DAGs    # Errors  Last Runtime    Last Run
---------------------------------  -----  ---------  --------  ----------  --------------  -------------------
/opt/airflow/dags/file_etl_dag.py                           1           0  2.27s           2026-04-27T08:48:04
================================================================================
[2026-04-27T08:48:46.822+0000] {manager.py:878} INFO - 
================================================================================
DAG File Processing Stats

File Path                          PID    Runtime      # DAGs    # Errors  Last Runtime    Last Run
---------------------------------  -----  ---------  --------  ----------  --------------  -------------------
/opt/airflow/dags/file_etl_dag.py                           1           0  2.02s           2026-04-27T08:48:36
================================================================================
[2026-04-27T08:49:09.345+0000] {manager.py:737} INFO - Searching for files in /opt/airflow/dags
[2026-04-27T08:49:09.433+0000] {manager.py:740} INFO - There are 1 files in /opt/airflow/dags
[2026-04-27T08:49:17.681+0000] {manager.py:878} INFO - 
================================================================================
DAG File Processing Stats

File Path                          PID    Runtime      # DAGs    # Errors  Last Runtime    Last Run
---------------------------------  -----  ---------  --------  ----------  --------------  -------------------
/opt/airflow/dags/file_etl_dag.py                           1           0  2.25s           2026-04-27T08:49:09
================================================================================
[2026-04-27T08:49:48.013+0000] {manager.py:878} INFO - 
================================================================================
DAG File Processing Stats

File Path                          PID    Runtime      # DAGs    # Errors  Last Runtime    Last Run
---------------------------------  -----  ---------  --------  ----------  --------------  -------------------
/opt/airflow/dags/file_etl_dag.py                           1           0  2.90s           2026-04-27T08:49:42
================================================================================
[2026-04-27T08:50:18.327+0000] {manager.py:878} INFO - 
================================================================================
DAG File Processing Stats

File Path                          PID    Runtime      # DAGs    # Errors  Last Runtime    Last Run
---------------------------------  -----  ---------  --------  ----------  --------------  -------------------
/opt/airflow/dags/file_etl_dag.py                           1           0  2.87s           2026-04-27T08:50:16
================================================================================
[2026-04-27T08:50:49.014+0000] {manager.py:878} INFO - 
================================================================================
DAG File Processing Stats

File Path                            PID  Runtime      # DAGs    # Errors  Last Runtime    Last Run
---------------------------------  -----  ---------  --------  ----------  --------------  -------------------
/opt/airflow/dags/file_etl_dag.py    308  2.06s             1           0  2.87s           2026-04-27T08:50:16
================================================================================
[2026-04-27T08:51:19.619+0000] {manager.py:878} INFO - 
================================================================================
DAG File Processing Stats

File Path                            PID  Runtime      # DAGs    # Errors  Last Runtime    Last Run
---------------------------------  -----  ---------  --------  ----------  --------------  -------------------
/opt/airflow/dags/file_etl_dag.py    314  0.02s             1           0  2.23s           2026-04-27T08:50:49
================================================================================
[2026-04-27T08:51:49.943+0000] {manager.py:878} INFO - 
================================================================================
DAG File Processing Stats

File Path                          PID    Runtime      # DAGs    # Errors  Last Runtime    Last Run
---------------------------------  -----  ---------  --------  ----------  --------------  -------------------
/opt/airflow/dags/file_etl_dag.py                           1           0  1.88s           2026-04-27T08:51:21
================================================================================
[2026-04-27T08:52:20.473+0000] {manager.py:878} INFO - 
================================================================================
DAG File Processing Stats

File Path                          PID    Runtime      # DAGs    # Errors  Last Runtime    Last Run
---------------------------------  -----  ---------  --------  ----------  --------------  -------------------
/opt/airflow/dags/file_etl_dag.py                           1           0  2.06s           2026-04-27T08:51:54
================================================================================
[2026-04-27T08:52:50.606+0000] {manager.py:878} INFO - 
================================================================================
DAG File Processing Stats

File Path                          PID    Runtime      # DAGs    # Errors  Last Runtime    Last Run
---------------------------------  -----  ---------  --------  ----------  --------------  -------------------
/opt/airflow/dags/file_etl_dag.py                           1           0  1.65s           2026-04-27T08:52:26
================================================================================
[2026-04-27T08:53:20.609+0000] {manager.py:878} INFO - 
================================================================================
DAG File Processing Stats

File Path                          PID    Runtime      # DAGs    # Errors  Last Runtime    Last Run
---------------------------------  -----  ---------  --------  ----------  --------------  -------------------
/opt/airflow/dags/file_etl_dag.py                           1           0  2.45s           2026-04-27T08:52:59
================================================================================
[2026-04-27T08:53:51.284+0000] {manager.py:878} INFO - 
================================================================================
DAG File Processing Stats

File Path                          PID    Runtime      # DAGs    # Errors  Last Runtime    Last Run
---------------------------------  -----  ---------  --------  ----------  --------------  -------------------
/opt/airflow/dags/file_etl_dag.py                           1           0  1.98s           2026-04-27T08:53:31
================================================================================
[2026-04-27T08:54:09.655+0000] {manager.py:737} INFO - Searching for files in /opt/airflow/dags
[2026-04-27T08:54:09.719+0000] {manager.py:740} INFO - There are 1 files in /opt/airflow/dags
[2026-04-27T08:54:21.470+0000] {manager.py:878} INFO - 
================================================================================
DAG File Processing Stats

File Path                          PID    Runtime      # DAGs    # Errors  Last Runtime    Last Run
---------------------------------  -----  ---------  --------  ----------  --------------  -------------------
/opt/airflow/dags/file_etl_dag.py                           1           0  2.73s           2026-04-27T08:54:05
================================================================================
[2026-04-27T08:54:51.620+0000] {manager.py:878} INFO - 
================================================================================
DAG File Processing Stats

File Path                          PID    Runtime      # DAGs    # Errors  Last Runtime    Last Run
---------------------------------  -----  ---------  --------  ----------  --------------  -------------------
/opt/airflow/dags/file_etl_dag.py                           1           0  1.66s           2026-04-27T08:54:37
================================================================================
[2026-04-27T08:55:21.981+0000] {manager.py:878} INFO - 
================================================================================
DAG File Processing Stats

File Path                          PID    Runtime      # DAGs    # Errors  Last Runtime    Last Run
---------------------------------  -----  ---------  --------  ----------  --------------  -------------------
/opt/airflow/dags/file_etl_dag.py                           1           0  1.99s           2026-04-27T08:55:09
================================================================================
[2026-04-27T08:55:52.155+0000] {manager.py:878} INFO - 
================================================================================
DAG File Processing Stats

File Path                          PID    Runtime      # DAGs    # Errors  Last Runtime    Last Run
---------------------------------  -----  ---------  --------  ----------  --------------  -------------------
/opt/airflow/dags/file_etl_dag.py                           1           0  1.75s           2026-04-27T08:55:42
================================================================================
[2026-04-27T08:56:22.639+0000] {manager.py:878} INFO - 
================================================================================
DAG File Processing Stats

File Path                          PID    Runtime      # DAGs    # Errors  Last Runtime    Last Run
---------------------------------  -----  ---------  --------  ----------  --------------  -------------------
/opt/airflow/dags/file_etl_dag.py                           1           0  1.57s           2026-04-27T08:56:13
================================================================================
[2026-04-27T08:56:53.003+0000] {manager.py:878} INFO - 
================================================================================
DAG File Processing Stats

File Path                          PID    Runtime      # DAGs    # Errors  Last Runtime    Last Run
---------------------------------  -----  ---------  --------  ----------  --------------  -------------------
/opt/airflow/dags/file_etl_dag.py                           1           0  1.82s           2026-04-27T08:56:45
================================================================================
[2026-04-27T08:57:23.629+0000] {manager.py:878} INFO - 
================================================================================
DAG File Processing Stats

File Path                          PID    Runtime      # DAGs    # Errors  Last Runtime    Last Run
---------------------------------  -----  ---------  --------  ----------  --------------  -------------------
/opt/airflow/dags/file_etl_dag.py                           1           0  2.01s           2026-04-27T08:57:17
================================================================================
[2026-04-27T08:57:54.418+0000] {manager.py:878} INFO - 
================================================================================
DAG File Processing Stats

File Path                          PID    Runtime      # DAGs    # Errors  Last Runtime    Last Run
---------------------------------  -----  ---------  --------  ----------  --------------  -------------------
/opt/airflow/dags/file_etl_dag.py                           1           0  2.51s           2026-04-27T08:57:50
================================================================================
[2026-04-27T08:58:24.580+0000] {manager.py:878} INFO - 
================================================================================
DAG File Processing Stats

File Path                          PID    Runtime      # DAGs    # Errors  Last Runtime    Last Run
---------------------------------  -----  ---------  --------  ----------  --------------  -------------------
/opt/airflow/dags/file_etl_dag.py                           1           0  1.74s           2026-04-27T08:58:22
================================================================================
[2026-04-27T08:58:54.727+0000] {manager.py:878} INFO - 
================================================================================
DAG File Processing Stats

File Path                          PID    Runtime      # DAGs    # Errors  Last Runtime    Last Run
---------------------------------  -----  ---------  --------  ----------  --------------  -------------------
/opt/airflow/dags/file_etl_dag.py                           1           0  1.71s           2026-04-27T08:58:54
================================================================================
[2026-04-27T08:59:09.927+0000] {manager.py:737} INFO - Searching for files in /opt/airflow/dags
[2026-04-27T08:59:10.019+0000] {manager.py:740} INFO - There are 1 files in /opt/airflow/dags
[2026-04-27T08:59:24.868+0000] {manager.py:878} INFO - 
================================================================================
DAG File Processing Stats

File Path                            PID  Runtime      # DAGs    # Errors  Last Runtime    Last Run
---------------------------------  -----  ---------  --------  ----------  --------------  -------------------
/opt/airflow/dags/file_etl_dag.py    404  0.02s             1           0  1.71s           2026-04-27T08:58:54
================================================================================
[2026-04-27T08:59:55.787+0000] {manager.py:878} INFO - 
================================================================================
DAG File Processing Stats

File Path                          PID    Runtime      # DAGs    # Errors  Last Runtime    Last Run
---------------------------------  -----  ---------  --------  ----------  --------------  -------------------
/opt/airflow/dags/file_etl_dag.py                           1           0  1.51s           2026-04-27T08:59:26
================================================================================
[2026-04-27T09:00:26.066+0000] {manager.py:878} INFO - 
================================================================================
DAG File Processing Stats

File Path                          PID    Runtime      # DAGs    # Errors  Last Runtime    Last Run
---------------------------------  -----  ---------  --------  ----------  --------------  -------------------
/opt/airflow/dags/file_etl_dag.py                           1           0  3.42s           2026-04-27T09:00:00
================================================================================
[2026-04-27T09:00:56.521+0000] {manager.py:878} INFO - 
================================================================================
DAG File Processing Stats

File Path                          PID    Runtime      # DAGs    # Errors  Last Runtime    Last Run
---------------------------------  -----  ---------  --------  ----------  --------------  -------------------
/opt/airflow/dags/file_etl_dag.py                           1           0  1.98s           2026-04-27T09:00:33
================================================================================
[2026-04-27T09:01:27.063+0000] {manager.py:878} INFO - 
================================================================================
DAG File Processing Stats

File Path                          PID    Runtime      # DAGs    # Errors  Last Runtime    Last Run
---------------------------------  -----  ---------  --------  ----------  --------------  -------------------
/opt/airflow/dags/file_etl_dag.py                           1           0  2.41s           2026-04-27T09:01:06
================================================================================
[2026-04-27T09:01:57.797+0000] {manager.py:878} INFO - 
================================================================================
DAG File Processing Stats

File Path                          PID    Runtime      # DAGs    # Errors  Last Runtime    Last Run
---------------------------------  -----  ---------  --------  ----------  --------------  -------------------
/opt/airflow/dags/file_etl_dag.py                           1           0  2.42s           2026-04-27T09:01:38
================================================================================
[2026-04-27T09:02:28.341+0000] {manager.py:878} INFO - 
================================================================================
DAG File Processing Stats

File Path                          PID    Runtime      # DAGs    # Errors  Last Runtime    Last Run
---------------------------------  -----  ---------  --------  ----------  --------------  -------------------
/opt/airflow/dags/file_etl_dag.py                           1           0  2.02s           2026-04-27T09:02:11
================================================================================
[2026-04-27T09:02:58.532+0000] {manager.py:878} INFO - 
================================================================================
DAG File Processing Stats

File Path                          PID    Runtime      # DAGs    # Errors  Last Runtime    Last Run
---------------------------------  -----  ---------  --------  ----------  --------------  -------------------
/opt/airflow/dags/file_etl_dag.py                           1           0  1.71s           2026-04-27T09:02:43
================================================================================
[2026-04-27T09:03:28.769+0000] {manager.py:878} INFO - 
================================================================================
DAG File Processing Stats

File Path                          PID    Runtime      # DAGs    # Errors  Last Runtime    Last Run
---------------------------------  -----  ---------  --------  ----------  --------------  -------------------
/opt/airflow/dags/file_etl_dag.py                           1           0  1.79s           2026-04-27T09:03:15
================================================================================
[2026-04-27T09:03:58.783+0000] {manager.py:878} INFO - 
================================================================================
DAG File Processing Stats

File Path                          PID    Runtime      # DAGs    # Errors  Last Runtime    Last Run
---------------------------------  -----  ---------  --------  ----------  --------------  -------------------
/opt/airflow/dags/file_etl_dag.py                           1           0  1.84s           2026-04-27T09:03:47
================================================================================
[2026-04-27T09:04:09.950+0000] {manager.py:737} INFO - Searching for files in /opt/airflow/dags
[2026-04-27T09:04:11.340+0000] {manager.py:740} INFO - There are 1 files in /opt/airflow/dags
[2026-04-27T09:04:29.079+0000] {manager.py:878} INFO - 
================================================================================
DAG File Processing Stats

File Path                          PID    Runtime      # DAGs    # Errors  Last Runtime    Last Run
---------------------------------  -----  ---------  --------  ----------  --------------  -------------------
/opt/airflow/dags/file_etl_dag.py                           1           0  3.83s           2026-04-27T09:04:22
================================================================================
[2026-04-27T09:04:59.542+0000] {manager.py:878} INFO - 
================================================================================
DAG File Processing Stats

File Path                          PID    Runtime      # DAGs    # Errors  Last Runtime    Last Run
---------------------------------  -----  ---------  --------  ----------  --------------  -------------------
/opt/airflow/dags/file_etl_dag.py                           1           0  1.77s           2026-04-27T09:04:54
================================================================================
[2026-04-27T09:05:30.102+0000] {manager.py:878} INFO - 
================================================================================
DAG File Processing Stats

File Path                          PID    Runtime      # DAGs    # Errors  Last Runtime    Last Run
---------------------------------  -----  ---------  --------  ----------  --------------  -------------------
/opt/airflow/dags/file_etl_dag.py                           1           0  2.19s           2026-04-27T09:05:27
================================================================================
[2026-04-27T09:06:00.615+0000] {manager.py:878} INFO - 
================================================================================
DAG File Processing Stats

File Path                          PID    Runtime      # DAGs    # Errors  Last Runtime    Last Run
---------------------------------  -----  ---------  --------  ----------  --------------  -------------------
/opt/airflow/dags/file_etl_dag.py                           1           0  2.97s           2026-04-27T09:06:00
================================================================================
[2026-04-27T09:06:31.270+0000] {manager.py:878} INFO - 
================================================================================
DAG File Processing Stats

File Path                            PID  Runtime      # DAGs    # Errors  Last Runtime    Last Run
---------------------------------  -----  ---------  --------  ----------  --------------  -------------------
/opt/airflow/dags/file_etl_dag.py    482  0.04s             1           0  2.97s           2026-04-27T09:06:00
================================================================================
[2026-04-27T09:07:01.308+0000] {manager.py:878} INFO - 
================================================================================
DAG File Processing Stats

File Path                          PID    Runtime      # DAGs    # Errors  Last Runtime    Last Run
---------------------------------  -----  ---------  --------  ----------  --------------  -------------------
/opt/airflow/dags/file_etl_dag.py                           1           0  3.50s           2026-04-27T09:06:34
================================================================================
[2026-04-27T09:07:31.887+0000] {manager.py:878} INFO - 
================================================================================
DAG File Processing Stats

File Path                          PID    Runtime      # DAGs    # Errors  Last Runtime    Last Run
---------------------------------  -----  ---------  --------  ----------  --------------  -------------------
/opt/airflow/dags/file_etl_dag.py                           1           0  2.45s           2026-04-27T09:07:07
================================================================================
[2026-04-27T09:08:02.723+0000] {manager.py:878} INFO - 
================================================================================
DAG File Processing Stats

File Path                          PID    Runtime      # DAGs    # Errors  Last Runtime    Last Run
---------------------------------  -----  ---------  --------  ----------  --------------  -------------------
/opt/airflow/dags/file_etl_dag.py                           1           0  7.16s           2026-04-27T09:07:45
================================================================================
[2026-04-27T09:08:33.736+0000] {manager.py:878} INFO - 
================================================================================
DAG File Processing Stats

File Path                          PID    Runtime      # DAGs    # Errors  Last Runtime    Last Run
---------------------------------  -----  ---------  --------  ----------  --------------  -------------------
/opt/airflow/dags/file_etl_dag.py                           1           0  2.17s           2026-04-27T09:08:17
================================================================================
[2026-04-27T09:09:04.350+0000] {manager.py:878} INFO - 
================================================================================
DAG File Processing Stats

File Path                          PID    Runtime      # DAGs    # Errors  Last Runtime    Last Run
---------------------------------  -----  ---------  --------  ----------  --------------  -------------------
/opt/airflow/dags/file_etl_dag.py                           1           0  3.40s           2026-04-27T09:08:51
================================================================================
[2026-04-27T09:09:10.493+0000] {manager.py:737} INFO - Searching for files in /opt/airflow/dags
[2026-04-27T09:09:10.613+0000] {manager.py:740} INFO - There are 1 files in /opt/airflow/dags
[2026-04-27T09:09:34.402+0000] {manager.py:878} INFO - 
================================================================================
DAG File Processing Stats

File Path                          PID    Runtime      # DAGs    # Errors  Last Runtime    Last Run
---------------------------------  -----  ---------  --------  ----------  --------------  -------------------
/opt/airflow/dags/file_etl_dag.py                           1           0  2.27s           2026-04-27T09:09:24
================================================================================
[2026-04-27T09:10:04.534+0000] {manager.py:878} INFO - 
================================================================================
DAG File Processing Stats

File Path                          PID    Runtime      # DAGs    # Errors  Last Runtime    Last Run
---------------------------------  -----  ---------  --------  ----------  --------------  -------------------
/opt/airflow/dags/file_etl_dag.py                           1           0  1.78s           2026-04-27T09:09:56
================================================================================
[2026-04-27T09:10:35.224+0000] {manager.py:878} INFO - 
================================================================================
DAG File Processing Stats

File Path                          PID    Runtime      # DAGs    # Errors  Last Runtime    Last Run
---------------------------------  -----  ---------  --------  ----------  --------------  -------------------
/opt/airflow/dags/file_etl_dag.py                           1           0  2.90s           2026-04-27T09:10:29
================================================================================
[2026-04-27T09:11:05.532+0000] {manager.py:878} INFO - 
================================================================================
DAG File Processing Stats

File Path                          PID    Runtime      # DAGs    # Errors  Last Runtime    Last Run
---------------------------------  -----  ---------  --------  ----------  --------------  -------------------
/opt/airflow/dags/file_etl_dag.py                           1           0  3.83s           2026-04-27T09:11:04
================================================================================
[2026-04-27T09:11:35.954+0000] {manager.py:878} INFO - 
================================================================================
DAG File Processing Stats

File Path                            PID  Runtime      # DAGs    # Errors  Last Runtime    Last Run
---------------------------------  -----  ---------  --------  ----------  --------------  -------------------
/opt/airflow/dags/file_etl_dag.py    536  1.08s             1           0  3.83s           2026-04-27T09:11:04
================================================================================
[2026-04-27T09:12:05.962+0000] {manager.py:878} INFO - 
================================================================================
DAG File Processing Stats

File Path                          PID    Runtime      # DAGs    # Errors  Last Runtime    Last Run
---------------------------------  -----  ---------  --------  ----------  --------------  -------------------
/opt/airflow/dags/file_etl_dag.py                           1           0  4.62s           2026-04-27T09:11:39
================================================================================
[2026-04-27T09:12:36.501+0000] {manager.py:878} INFO - 
================================================================================
DAG File Processing Stats

File Path                          PID    Runtime      # DAGs    # Errors  Last Runtime    Last Run
---------------------------------  -----  ---------  --------  ----------  --------------  -------------------
/opt/airflow/dags/file_etl_dag.py                           1           0  2.22s           2026-04-27T09:12:12
================================================================================
[2026-04-27T09:13:07.059+0000] {manager.py:878} INFO - 
================================================================================
DAG File Processing Stats

File Path                          PID    Runtime      # DAGs    # Errors  Last Runtime    Last Run
---------------------------------  -----  ---------  --------  ----------  --------------  -------------------
/opt/airflow/dags/file_etl_dag.py                           1           0  1.53s           2026-04-27T09:12:44
================================================================================
[2026-04-27T09:13:37.617+0000] {manager.py:878} INFO - 
================================================================================
DAG File Processing Stats

File Path                          PID    Runtime      # DAGs    # Errors  Last Runtime    Last Run
---------------------------------  -----  ---------  --------  ----------  --------------  -------------------
/opt/airflow/dags/file_etl_dag.py                           1           0  3.04s           2026-04-27T09:13:17
================================================================================
[2026-04-27T09:14:07.759+0000] {manager.py:878} INFO - 
================================================================================
DAG File Processing Stats

File Path                          PID    Runtime      # DAGs    # Errors  Last Runtime    Last Run
---------------------------------  -----  ---------  --------  ----------  --------------  -------------------
/opt/airflow/dags/file_etl_dag.py                           1           0  1.68s           2026-04-27T09:13:49
================================================================================
[2026-04-27T09:14:10.802+0000] {manager.py:737} INFO - Searching for files in /opt/airflow/dags
[2026-04-27T09:14:10.900+0000] {manager.py:740} INFO - There are 1 files in /opt/airflow/dags
[2026-04-27T09:14:37.821+0000] {manager.py:878} INFO - 
================================================================================
DAG File Processing Stats

File Path                          PID    Runtime      # DAGs    # Errors  Last Runtime    Last Run
---------------------------------  -----  ---------  --------  ----------  --------------  -------------------
/opt/airflow/dags/file_etl_dag.py                           1           0  1.97s           2026-04-27T09:14:21
================================================================================
[2026-04-27T09:15:08.250+0000] {manager.py:878} INFO - 
================================================================================
DAG File Processing Stats

File Path                          PID    Runtime      # DAGs    # Errors  Last Runtime    Last Run
---------------------------------  -----  ---------  --------  ----------  --------------  -------------------
/opt/airflow/dags/file_etl_dag.py                           1           0  1.76s           2026-04-27T09:14:53
================================================================================
[2026-04-27T09:15:38.845+0000] {manager.py:878} INFO - 
================================================================================
DAG File Processing Stats

File Path                          PID    Runtime      # DAGs    # Errors  Last Runtime    Last Run
---------------------------------  -----  ---------  --------  ----------  --------------  -------------------
/opt/airflow/dags/file_etl_dag.py                           1           0  2.09s           2026-04-27T09:15:25
================================================================================
[2026-04-27T09:16:09.110+0000] {manager.py:878} INFO - 
================================================================================
DAG File Processing Stats

File Path                          PID    Runtime      # DAGs    # Errors  Last Runtime    Last Run
---------------------------------  -----  ---------  --------  ----------  --------------  -------------------
/opt/airflow/dags/file_etl_dag.py                           1           0  2.55s           2026-04-27T09:15:58
================================================================================
[2026-04-27T09:16:39.575+0000] {manager.py:878} INFO - 
================================================================================
DAG File Processing Stats

File Path                          PID    Runtime      # DAGs    # Errors  Last Runtime    Last Run
---------------------------------  -----  ---------  --------  ----------  --------------  -------------------
/opt/airflow/dags/file_etl_dag.py                           1           0  2.87s           2026-04-27T09:16:31
================================================================================
[2026-04-27T09:17:09.939+0000] {manager.py:878} INFO - 
================================================================================
DAG File Processing Stats

File Path                          PID    Runtime      # DAGs    # Errors  Last Runtime    Last Run
---------------------------------  -----  ---------  --------  ----------  --------------  -------------------
/opt/airflow/dags/file_etl_dag.py                           1           0  1.81s           2026-04-27T09:17:03
================================================================================
[2026-04-27T09:17:40.037+0000] {manager.py:878} INFO - 
================================================================================
DAG File Processing Stats

File Path                          PID    Runtime      # DAGs    # Errors  Last Runtime    Last Run
---------------------------------  -----  ---------  --------  ----------  --------------  -------------------
/opt/airflow/dags/file_etl_dag.py                           1           0  4.06s           2026-04-27T09:17:37
================================================================================
[2026-04-27T09:18:10.587+0000] {manager.py:878} INFO - 
================================================================================
DAG File Processing Stats

File Path                          PID    Runtime      # DAGs    # Errors  Last Runtime    Last Run
---------------------------------  -----  ---------  --------  ----------  --------------  -------------------
/opt/airflow/dags/file_etl_dag.py                           1           0  1.90s           2026-04-27T09:18:09
================================================================================
[2026-04-27T09:18:40.630+0000] {manager.py:878} INFO - 
================================================================================
DAG File Processing Stats

File Path                            PID  Runtime      # DAGs    # Errors  Last Runtime    Last Run
---------------------------------  -----  ---------  --------  ----------  --------------  -------------------
/opt/airflow/dags/file_etl_dag.py    614  0.32s             1           0  1.90s           2026-04-27T09:18:09
================================================================================
[2026-04-27T09:19:10.777+0000] {manager.py:878} INFO - 
================================================================================
DAG File Processing Stats

File Path                          PID    Runtime      # DAGs    # Errors  Last Runtime    Last Run
---------------------------------  -----  ---------  --------  ----------  --------------  -------------------
/opt/airflow/dags/file_etl_dag.py                           1           0  2.18s           2026-04-27T09:18:42
================================================================================
[2026-04-27T09:19:10.837+0000] {manager.py:737} INFO - Searching for files in /opt/airflow/dags
[2026-04-27T09:19:10.927+0000] {manager.py:740} INFO - There are 1 files in /opt/airflow/dags
[2026-04-27T09:19:41.502+0000] {manager.py:878} INFO - 
================================================================================
DAG File Processing Stats

File Path                          PID    Runtime      # DAGs    # Errors  Last Runtime    Last Run
---------------------------------  -----  ---------  --------  ----------  --------------  -------------------
/opt/airflow/dags/file_etl_dag.py                           1           0  2.43s           2026-04-27T09:19:15
================================================================================
[2026-04-27T09:20:11.978+0000] {manager.py:878} INFO - 
================================================================================
DAG File Processing Stats

File Path                          PID    Runtime      # DAGs    # Errors  Last Runtime    Last Run
---------------------------------  -----  ---------  --------  ----------  --------------  -------------------
/opt/airflow/dags/file_etl_dag.py                           1           0  2.05s           2026-04-27T09:19:47
================================================================================
[2026-04-27T09:20:42.050+0000] {manager.py:878} INFO - 
================================================================================
DAG File Processing Stats

File Path                          PID    Runtime      # DAGs    # Errors  Last Runtime    Last Run
---------------------------------  -----  ---------  --------  ----------  --------------  -------------------
/opt/airflow/dags/file_etl_dag.py                           1           0  1.63s           2026-04-27T09:20:19
================================================================================
[2026-04-27T09:21:12.211+0000] {manager.py:878} INFO - 
================================================================================
DAG File Processing Stats

File Path                          PID    Runtime      # DAGs    # Errors  Last Runtime    Last Run
---------------------------------  -----  ---------  --------  ----------  --------------  -------------------
/opt/airflow/dags/file_etl_dag.py                           1           0  1.74s           2026-04-27T09:20:51
================================================================================
[2026-04-27T09:21:42.270+0000] {manager.py:878} INFO - 
================================================================================
DAG File Processing Stats

File Path                          PID    Runtime      # DAGs    # Errors  Last Runtime    Last Run
---------------------------------  -----  ---------  --------  ----------  --------------  -------------------
/opt/airflow/dags/file_etl_dag.py                           1           0  1.82s           2026-04-27T09:21:23
================================================================================
[2026-04-27T09:22:13.129+0000] {manager.py:878} INFO - 
================================================================================
DAG File Processing Stats

File Path                          PID    Runtime      # DAGs    # Errors  Last Runtime    Last Run
---------------------------------  -----  ---------  --------  ----------  --------------  -------------------
/opt/airflow/dags/file_etl_dag.py                           1           0  1.56s           2026-04-27T09:21:56
================================================================================
[2026-04-27T09:22:43.676+0000] {manager.py:878} INFO - 
================================================================================
DAG File Processing Stats

File Path                          PID    Runtime      # DAGs    # Errors  Last Runtime    Last Run
---------------------------------  -----  ---------  --------  ----------  --------------  -------------------
/opt/airflow/dags/file_etl_dag.py                           1           0  2.48s           2026-04-27T09:22:28
================================================================================
[2026-04-27T09:23:14.041+0000] {manager.py:878} INFO - 
================================================================================
DAG File Processing Stats

File Path                          PID    Runtime      # DAGs    # Errors  Last Runtime    Last Run
---------------------------------  -----  ---------  --------  ----------  --------------  -------------------
/opt/airflow/dags/file_etl_dag.py                           1           0  1.92s           2026-04-27T09:23:00
================================================================================
[2026-04-27T09:23:44.369+0000] {manager.py:878} INFO - 
================================================================================
DAG File Processing Stats

File Path                          PID    Runtime      # DAGs    # Errors  Last Runtime    Last Run
---------------------------------  -----  ---------  --------  ----------  --------------  -------------------
/opt/airflow/dags/file_etl_dag.py                           1           0  1.92s           2026-04-27T09:23:33
================================================================================
[2026-04-27T09:24:11.113+0000] {manager.py:737} INFO - Searching for files in /opt/airflow/dags
[2026-04-27T09:24:11.237+0000] {manager.py:740} INFO - There are 1 files in /opt/airflow/dags
[2026-04-27T09:24:15.358+0000] {manager.py:878} INFO - 
================================================================================
DAG File Processing Stats

File Path                          PID    Runtime      # DAGs    # Errors  Last Runtime    Last Run
---------------------------------  -----  ---------  --------  ----------  --------------  -------------------
/opt/airflow/dags/file_etl_dag.py                           1           0  1.44s           2026-04-27T09:24:05
================================================================================
[2026-04-27T09:24:45.863+0000] {manager.py:878} INFO - 
================================================================================
DAG File Processing Stats

File Path                          PID    Runtime      # DAGs    # Errors  Last Runtime    Last Run
---------------------------------  -----  ---------  --------  ----------  --------------  -------------------
/opt/airflow/dags/file_etl_dag.py                           1           0  1.37s           2026-04-27T09:24:37
================================================================================
[2026-04-27T09:25:16.291+0000] {manager.py:878} INFO - 
================================================================================
DAG File Processing Stats

File Path                          PID    Runtime      # DAGs    # Errors  Last Runtime    Last Run
---------------------------------  -----  ---------  --------  ----------  --------------  -------------------
/opt/airflow/dags/file_etl_dag.py                           1           0  2.20s           2026-04-27T09:25:09
================================================================================
[2026-04-27T09:25:46.447+0000] {manager.py:878} INFO - 
================================================================================
DAG File Processing Stats

File Path                          PID    Runtime      # DAGs    # Errors  Last Runtime    Last Run
---------------------------------  -----  ---------  --------  ----------  --------------  -------------------
/opt/airflow/dags/file_etl_dag.py                           1           0  3.70s           2026-04-27T09:25:43
================================================================================
[2026-04-27T09:26:16.559+0000] {manager.py:878} INFO - 
================================================================================
DAG File Processing Stats

File Path                          PID    Runtime      # DAGs    # Errors  Last Runtime    Last Run
---------------------------------  -----  ---------  --------  ----------  --------------  -------------------
/opt/airflow/dags/file_etl_dag.py                           1           0  1.57s           2026-04-27T09:26:15
================================================================================
[2026-04-27T09:26:46.836+0000] {manager.py:878} INFO - 
================================================================================
DAG File Processing Stats

File Path                            PID  Runtime      # DAGs    # Errors  Last Runtime    Last Run
---------------------------------  -----  ---------  --------  ----------  --------------  -------------------
/opt/airflow/dags/file_etl_dag.py    704  1.03s             1           0  1.57s           2026-04-27T09:26:15
================================================================================
[2026-04-27T09:27:17.516+0000] {manager.py:878} INFO - 
================================================================================
DAG File Processing Stats

File Path                            PID  Runtime      # DAGs    # Errors  Last Runtime    Last Run
---------------------------------  -----  ---------  --------  ----------  --------------  -------------------
/opt/airflow/dags/file_etl_dag.py    710  0.02s             1           0  1.50s           2026-04-27T09:26:47
================================================================================
[2026-04-27T09:27:47.668+0000] {manager.py:878} INFO - 
================================================================================
DAG File Processing Stats

File Path                          PID    Runtime      # DAGs    # Errors  Last Runtime    Last Run
---------------------------------  -----  ---------  --------  ----------  --------------  -------------------
/opt/airflow/dags/file_etl_dag.py                           1           0  1.79s           2026-04-27T09:27:19
================================================================================
[2026-04-27T09:28:18.038+0000] {manager.py:878} INFO - 
================================================================================
DAG File Processing Stats

File Path                          PID    Runtime      # DAGs    # Errors  Last Runtime    Last Run
---------------------------------  -----  ---------  --------  ----------  --------------  -------------------
/opt/airflow/dags/file_etl_dag.py                           1           0  1.84s           2026-04-27T09:27:51
================================================================================
[2026-04-27T09:28:48.265+0000] {manager.py:878} INFO - 
================================================================================
DAG File Processing Stats

File Path                          PID    Runtime      # DAGs    # Errors  Last Runtime    Last Run
---------------------------------  -----  ---------  --------  ----------  --------------  -------------------
/opt/airflow/dags/file_etl_dag.py                           1           0  2.29s           2026-04-27T09:28:23
================================================================================
[2026-04-27T09:29:11.368+0000] {manager.py:737} INFO - Searching for files in /opt/airflow/dags
[2026-04-27T09:29:11.466+0000] {manager.py:740} INFO - There are 1 files in /opt/airflow/dags
[2026-04-27T09:29:18.586+0000] {manager.py:878} INFO - 
================================================================================
DAG File Processing Stats

File Path                          PID    Runtime      # DAGs    # Errors  Last Runtime    Last Run
---------------------------------  -----  ---------  --------  ----------  --------------  -------------------
/opt/airflow/dags/file_etl_dag.py                           1           0  2.01s           2026-04-27T09:28:56
================================================================================
[2026-04-27T09:29:48.713+0000] {manager.py:878} INFO - 
================================================================================
DAG File Processing Stats

File Path                          PID    Runtime      # DAGs    # Errors  Last Runtime    Last Run
---------------------------------  -----  ---------  --------  ----------  --------------  -------------------
/opt/airflow/dags/file_etl_dag.py                           1           0  1.66s           2026-04-27T09:29:28
================================================================================
[2026-04-27T09:30:18.760+0000] {manager.py:878} INFO - 
================================================================================
DAG File Processing Stats

File Path                          PID    Runtime      # DAGs    # Errors  Last Runtime    Last Run
---------------------------------  -----  ---------  --------  ----------  --------------  -------------------
/opt/airflow/dags/file_etl_dag.py                           1           0  1.65s           2026-04-27T09:30:00
================================================================================
[2026-04-27T09:30:49.279+0000] {manager.py:878} INFO - 
================================================================================
DAG File Processing Stats

File Path                          PID    Runtime      # DAGs    # Errors  Last Runtime    Last Run
---------------------------------  -----  ---------  --------  ----------  --------------  -------------------
/opt/airflow/dags/file_etl_dag.py                           1           0  2.39s           2026-04-27T09:30:33
================================================================================
[2026-04-27T09:31:19.632+0000] {manager.py:878} INFO - 
================================================================================
DAG File Processing Stats

File Path                          PID    Runtime      # DAGs    # Errors  Last Runtime    Last Run
---------------------------------  -----  ---------  --------  ----------  --------------  -------------------
/opt/airflow/dags/file_etl_dag.py                           1           0  1.84s           2026-04-27T09:31:05
================================================================================
[2026-04-27T09:31:50.081+0000] {manager.py:878} INFO - 
================================================================================
DAG File Processing Stats

File Path                          PID    Runtime      # DAGs    # Errors  Last Runtime    Last Run
---------------------------------  -----  ---------  --------  ----------  --------------  -------------------
/opt/airflow/dags/file_etl_dag.py                           1           0  2.19s           2026-04-27T09:31:38
================================================================================
[2026-04-27T09:32:20.682+0000] {manager.py:878} INFO - 
================================================================================
DAG File Processing Stats

File Path                          PID    Runtime      # DAGs    # Errors  Last Runtime    Last Run
---------------------------------  -----  ---------  --------  ----------  --------------  -------------------
/opt/airflow/dags/file_etl_dag.py                           1           0  2.23s           2026-04-27T09:32:10
================================================================================
[2026-04-27T09:32:51.246+0000] {manager.py:878} INFO - 
================================================================================
DAG File Processing Stats

File Path                          PID    Runtime      # DAGs    # Errors  Last Runtime    Last Run
---------------------------------  -----  ---------  --------  ----------  --------------  -------------------
/opt/airflow/dags/file_etl_dag.py                           1           0  2.52s           2026-04-27T09:32:43
================================================================================
[2026-04-27T09:33:21.303+0000] {manager.py:878} INFO - 
================================================================================
DAG File Processing Stats

File Path                          PID    Runtime      # DAGs    # Errors  Last Runtime    Last Run
---------------------------------  -----  ---------  --------  ----------  --------------  -------------------
/opt/airflow/dags/file_etl_dag.py                           1           0  1.50s           2026-04-27T09:33:15
================================================================================
[2026-04-27T09:33:51.701+0000] {manager.py:878} INFO - 
================================================================================
DAG File Processing Stats

File Path                          PID    Runtime      # DAGs    # Errors  Last Runtime    Last Run
---------------------------------  -----  ---------  --------  ----------  --------------  -------------------
/opt/airflow/dags/file_etl_dag.py                           1           0  1.40s           2026-04-27T09:33:46
================================================================================
[2026-04-27T09:34:11.973+0000] {manager.py:737} INFO - Searching for files in /opt/airflow/dags
[2026-04-27T09:34:12.039+0000] {manager.py:740} INFO - There are 1 files in /opt/airflow/dags
[2026-04-27T09:34:22.143+0000] {manager.py:878} INFO - 
================================================================================
DAG File Processing Stats

File Path                          PID    Runtime      # DAGs    # Errors  Last Runtime    Last Run
---------------------------------  -----  ---------  --------  ----------  --------------  -------------------
/opt/airflow/dags/file_etl_dag.py                           1           0  2.91s           2026-04-27T09:34:20
================================================================================
[2026-04-27T09:34:52.662+0000] {manager.py:878} INFO - 
================================================================================
DAG File Processing Stats

File Path                            PID  Runtime      # DAGs    # Errors  Last Runtime    Last Run
---------------------------------  -----  ---------  --------  ----------  --------------  -------------------
/opt/airflow/dags/file_etl_dag.py    794  2.09s             1           0  2.91s           2026-04-27T09:34:20
================================================================================
[2026-04-27T09:35:23.118+0000] {manager.py:878} INFO - 
================================================================================
DAG File Processing Stats

File Path                          PID    Runtime      # DAGs    # Errors  Last Runtime    Last Run
---------------------------------  -----  ---------  --------  ----------  --------------  -------------------
/opt/airflow/dags/file_etl_dag.py                           1           0  3.19s           2026-04-27T09:34:53
================================================================================
[2026-04-27T09:35:53.592+0000] {manager.py:878} INFO - 
================================================================================
DAG File Processing Stats

File Path                          PID    Runtime      # DAGs    # Errors  Last Runtime    Last Run
---------------------------------  -----  ---------  --------  ----------  --------------  -------------------
/opt/airflow/dags/file_etl_dag.py                           1           0  1.48s           2026-04-27T09:35:25
================================================================================
[2026-04-27T09:36:23.923+0000] {manager.py:878} INFO - 
================================================================================
DAG File Processing Stats

File Path                          PID    Runtime      # DAGs    # Errors  Last Runtime    Last Run
---------------------------------  -----  ---------  --------  ----------  --------------  -------------------
/opt/airflow/dags/file_etl_dag.py                           1           0  1.51s           2026-04-27T09:35:57
================================================================================
[2026-04-27T09:36:53.939+0000] {manager.py:878} INFO - 
================================================================================
DAG File Processing Stats

File Path                          PID    Runtime      # DAGs    # Errors  Last Runtime    Last Run
---------------------------------  -----  ---------  --------  ----------  --------------  -------------------
/opt/airflow/dags/file_etl_dag.py                           1           0  1.96s           2026-04-27T09:36:29
================================================================================
[2026-04-27T09:37:24.169+0000] {manager.py:878} INFO - 
================================================================================
DAG File Processing Stats

File Path                          PID    Runtime      # DAGs    # Errors  Last Runtime    Last Run
---------------------------------  -----  ---------  --------  ----------  --------------  -------------------
/opt/airflow/dags/file_etl_dag.py                           1           0  3.58s           2026-04-27T09:37:03
================================================================================
[2026-04-27T09:37:54.381+0000] {manager.py:878} INFO - 
================================================================================
DAG File Processing Stats

File Path                          PID    Runtime      # DAGs    # Errors  Last Runtime    Last Run
---------------------------------  -----  ---------  --------  ----------  --------------  -------------------
/opt/airflow/dags/file_etl_dag.py                           1           0  2.60s           2026-04-27T09:37:36
================================================================================
[2026-04-27T09:38:24.905+0000] {manager.py:878} INFO - 
================================================================================
DAG File Processing Stats

File Path                          PID    Runtime      # DAGs    # Errors  Last Runtime    Last Run
---------------------------------  -----  ---------  --------  ----------  --------------  -------------------
/opt/airflow/dags/file_etl_dag.py                           1           0  2.85s           2026-04-27T09:38:09
================================================================================
[2026-04-27T09:38:55.367+0000] {manager.py:878} INFO - 
================================================================================
DAG File Processing Stats

File Path                          PID    Runtime      # DAGs    # Errors  Last Runtime    Last Run
---------------------------------  -----  ---------  --------  ----------  --------------  -------------------
/opt/airflow/dags/file_etl_dag.py                           1           0  2.02s           2026-04-27T09:38:42
================================================================================
[2026-04-27T09:39:12.745+0000] {manager.py:737} INFO - Searching for files in /opt/airflow/dags
[2026-04-27T09:39:12.834+0000] {manager.py:740} INFO - There are 1 files in /opt/airflow/dags
[2026-04-27T09:39:25.855+0000] {manager.py:878} INFO - 
================================================================================
DAG File Processing Stats

File Path                          PID    Runtime      # DAGs    # Errors  Last Runtime    Last Run
---------------------------------  -----  ---------  --------  ----------  --------------  -------------------
/opt/airflow/dags/file_etl_dag.py                           1           0  1.76s           2026-04-27T09:39:14
================================================================================
[2026-04-27T09:39:56.329+0000] {manager.py:878} INFO - 
================================================================================
DAG File Processing Stats

File Path                          PID    Runtime      # DAGs    # Errors  Last Runtime    Last Run
---------------------------------  -----  ---------  --------  ----------  --------------  -------------------
/opt/airflow/dags/file_etl_dag.py                           1           0  1.96s           2026-04-27T09:39:47
================================================================================
[2026-04-27T09:40:26.794+0000] {manager.py:878} INFO - 
================================================================================
DAG File Processing Stats

File Path                          PID    Runtime      # DAGs    # Errors  Last Runtime    Last Run
---------------------------------  -----  ---------  --------  ----------  --------------  -------------------
/opt/airflow/dags/file_etl_dag.py                           1           0  2.23s           2026-04-27T09:40:19
================================================================================
[2026-04-27T09:40:56.905+0000] {manager.py:878} INFO - 
================================================================================
DAG File Processing Stats

File Path                          PID    Runtime      # DAGs    # Errors  Last Runtime    Last Run
---------------------------------  -----  ---------  --------  ----------  --------------  -------------------
/opt/airflow/dags/file_etl_dag.py                           1           0  2.63s           2026-04-27T09:40:52
================================================================================
[2026-04-27T09:41:27.353+0000] {manager.py:878} INFO - 
================================================================================
DAG File Processing Stats

File Path                          PID    Runtime      # DAGs    # Errors  Last Runtime    Last Run
---------------------------------  -----  ---------  --------  ----------  --------------  -------------------
/opt/airflow/dags/file_etl_dag.py                           1           0  2.33s           2026-04-27T09:41:25
================================================================================
[2026-04-27T09:41:57.499+0000] {manager.py:878} INFO - 
================================================================================
DAG File Processing Stats

File Path                          PID    Runtime      # DAGs    # Errors  Last Runtime    Last Run
---------------------------------  -----  ---------  --------  ----------  --------------  -------------------
/opt/airflow/dags/file_etl_dag.py                           1           0  1.66s           2026-04-27T09:41:57
================================================================================
[2026-04-27T09:42:27.571+0000] {manager.py:878} INFO - 
================================================================================
DAG File Processing Stats

File Path                            PID  Runtime      # DAGs    # Errors  Last Runtime    Last Run
---------------------------------  -----  ---------  --------  ----------  --------------  -------------------
/opt/airflow/dags/file_etl_dag.py    878  0.02s             1           0  1.66s           2026-04-27T09:41:57
================================================================================
[2026-04-27T09:42:58.063+0000] {manager.py:878} INFO - 
================================================================================
DAG File Processing Stats

File Path                          PID    Runtime      # DAGs    # Errors  Last Runtime    Last Run
---------------------------------  -----  ---------  --------  ----------  --------------  -------------------
/opt/airflow/dags/file_etl_dag.py                           1           0  2.15s           2026-04-27T09:42:29
================================================================================
[2026-04-27T09:43:28.533+0000] {manager.py:878} INFO - 
================================================================================
DAG File Processing Stats

File Path                          PID    Runtime      # DAGs    # Errors  Last Runtime    Last Run
---------------------------------  -----  ---------  --------  ----------  --------------  -------------------
/opt/airflow/dags/file_etl_dag.py                           1           0  2.09s           2026-04-27T09:43:02
================================================================================
